ingenio,zafra,semana,cana_molida_bruta,cana_molida_neta,superficie_cosechada,azucar_total,azucar_refinada,azucar_estandar,azucar_blanca_especial,azucar_mascabado,alcohol_96_producido,miel_final_85_brix,karbe_cana_bruta,karbe_cana_neta,eficiencia_fabrica,extraccion_jugo_mezclado,extraccion_pol_pol_cana,bagazo_cana,fibra_cana,pol_cana,brix_jugo_mezclado,pol_jugo_mezclado,pza_aparente_jugo_mezclado,pol_bagazo,humedad_bagazo,materia_extrana,perdidas_bagazo,perdidas_miel_final,perdidas_cachaza,perdidas_indeterminadas,perdidas_totales,petroleo_pruebas,petroleo_molienda,petroleo_liquidacion,petroleo_fabrica_alcohol,petroleo_total,tiempo_perdido_fabrica,tiempo_perdido_personal,tiempo_perdido_festivos,tiempo_perdido_campo,tiempo_perdido_lluvias,tiempo_perdido_total
cia. azucarera del rio guayalejo s.a. de c.v.,2012-2013,6,77102.75,69685.404,857.0,4130.15,2887.35,1242.8,0.0,0.0,59051,1902.122,0.0,0.0,74.346,97.985,93.505,28.308,11.79,12.37,15.2,11.8,77.68,2.84,54.21,7304.022,619.463,1040.701,119.226,667.43,2446.82,267834,0,0,38556,306390,42:20:00,00:00,00:00,00:00,00:00,42:20:00
cia. azucarera del rio guayalejo s.a. de c.v.,2012-2013,7,118637.14,108073.325,1405.25,8103.6,6860.8,1242.8,0.0,0.0,184769,3322.174,0.0,0.0,76.53,98.062,94.066,27.608,11.77,12.46,15.33,11.95,77.94,2.68,53.46,10446.097,876.987,1504.459,185.499,901.8,3468.745,267834,241882,0,134538,644254,74:35:00,01:15,00:00,00:05,00:00,75:55:00
cia. azucarera del rio guayalejo s.a. de c.v.,2012-2013,8,162060.66,148152.824,1724.0,13138.3,11895.5,1242.8,0.0,0.0,387307,4890.357,0.0,0.0,77.83,98.243,94.308,27.421,11.78,12.52,15.39,12.02,78.12,2.6,53.21,13790.118,1155.184,1974.638,254.167,1114.97,4498.959,267834,426279,0,204663,898776,79:45:00,01:15,00:00,00:05,16:00,97:05:00
cia. azucarera del rio guayalejo s.a. de c.v.,2012-2013,9,197613.03,181417.272,1958.25,16384.4,15141.6,1242.8,0.0,0.0,535515,6167.236,0.0,0.0,78.536,98.129,94.488,27.292,11.82,12.64,15.48,12.17,78.62,2.55,52.9,16078.04,1376.56,2359.762,314.957,1308.77,5360.049,267834,605921,0,242518,1116274,90:25:00,01:15,00:00,00:05,55:60,147:45:00
cia. azucarera del rio guayalejo s.a. de c.v.,2012-2013,10,239302.57,220133.463,2334.5,20981.2,19738.4,1242.8,0.0,0.0,730875,7593.399,0.0,0.0,78.777,98.072,94.614,27.101,11.84,12.71,15.53,12.26,78.91,2.52,52.53,19051.389,1637.569,2883.444,392.55,1539.34,6452.903,267834,880285,0,316062,1464182,116:55:00,01:15,00:00,00:05,55:60,174:15:00
cia. azucarera del rio guayalejo s.a. de c.v.,2012-2013,11,283785.03,261247.034,2700.0,26690.2,24366.8,2323.4,0.0,0.0,929065,9038.555,0.0,0.0,79.109,97.959,94.662,26.962,11.85,12.86,15.61,12.43,79.64,2.55,52.25,22420.278,1948.558,3416.91,451.037,1809.01,7625.515,267834,1080828,0,382163,1730825,135:40:00,01:15,00:00,00:05,55:60,193:00:00
cia. azucarera del rio guayalejo s.a. de c.v.,2012-2013,12,312825.23,287950.535,2954.0,29854.4,26436.85,3417.55,0.0,0.0,1014772,10202.297,0.0,0.0,79.14,97.884,94.667,26.869,11.86,12.95,15.56,12.53,80.52,2.57,52.02,24756.977,2160.771,3716.581,489.864,2084.02,8451.236,267834,1312061,0,423302,2003197,204:15:00,01:15,00:00,00:05,55:60,261:35:00
cia. azucarera del rio guayalejo s.a. de c.v.,2012-2013,13,358831.34,330142.599,3433.75,35840.0,26436.85,9403.15,0.0,0.0,1014772,11901.555,0.0,0.0,79.463,97.94,94.71,26.765,11.87,13.08,15.57,12.65,81.21,2.58,51.82,28593.979,2482.821,4234.046,535.775,2385.32,9637.962,267834,1312061,0,423302,2003197,212:35:00,01:15,00:00,00:05,55:60,269:55:00
cia. azucarera del rio guayalejo s.a. de c.v.,2012-2013,14,398128.08,366136.308,3884.25,40387.75,26436.85,13950.9,0.0,0.0,1014772,13518.325,0.0,0.0,79.694,97.855,94.737,26.683,11.87,13.14,15.57,12.72,81.71,2.59,51.67,31897.01,2753.245,4664.378,589.148,2616.8,10623.571,267834,1452881,0,423302,2144017,248:50:00,01:15,00:00,00:05,55:60,306:10:00
cia. azucarera del rio guayalejo s.a. de c.v.,2012-2013,15,446724.66,410536.53,4384.0,45819.55,26436.85,19382.7,0.0,0.0,1014772,14810.065,0.0,0.0,80.096,97.762,94.75,26.567,11.87,13.2,15.4,12.79,83.07,2.61,51.47,36093.368,3095.592,5162.432,643.19,2835.11,11736.324,267834,1563328,0,423302,2254464,257:40:00,01:15,00:00,00:05,55:60,315:00:00
cia. azucarera del rio guayalejo s.a. de c.v.,2012-2013,16,497144.86,456545.094,4951.75,52058.6,26436.85,25621.75,0.0,0.0,1014772,16125.653,0.0,0.0,80.534,97.623,94.773,26.445,11.87,13.284,15.49,12.9,83.25,2.63,51.23,40505.004,3451.858,5685.524,694.775,3023.24,12855.397,267834,1563328,0,423302,2254464,262:35:00,01:15,00:00,00:05,55:60,319:55:00
cia. azucarera del rio guayalejo s.a. de c.v.,2012-2013,17,545599.55,500985.634,5505.5,58292.65,26436.85,31855.8,0.0,0.0,1014772,17438.551,0.0,0.0,80.971,98.038,94.884,26.333,11.87,13.373,15.58,12.94,83.08,2.6,51.08,44519.154,3733.121,6207.567,750.703,3192.76,13884.151,267834,1563328,0,423302,2254464,268:15:00,01:15,00:00,00:05,55:60,325:35:00
cia. azucarera del rio guayalejo s.a. de c.v.,2012-2013,18,593480.89,544906.951,6019.0,63907.9,26436.85,37471.05,0.0,0.0,1014772,18696.79,0.0,0.0,81.231,98.618,94.999,26.193,11.87,13.446,15.62,12.95,82.9,2.57,50.9,48479.177,3991.071,6759.909,805.383,3421.49,14977.853,267834,1563328,0,423302,2254464,275:10:00,01:15,00:00,00:50,55:60,332:30:00
cia. azucarera del rio guayalejo s.a. de c.v.,2012-2013,19,641169.74,588547.16,6630.5,69800.0,26436.85,43363.15,0.0,0.0,1014772,20412.988,0.0,0.0,81.347,98.74,95.009,26.141,11.88,13.541,15.69,13.03,83.05,2.58,50.76,52527.818,4333.273,7303.662,859.113,3698.25,16194.298,267834,1571612,0,423302,2262748,295:45:00,01:15,00:00,00:05,55:60,353:05:00
cia. azucarera del rio guayalejo s.a. de c.v.,2012-2013,20,688656.12,632172.586,7218.5,75556.3,26436.85,49119.45,0.0,0.0,1014772,22232.301,0.0,0.0,81.496,99.095,95.063,26.105,11.9,13.623,15.7,13.07,83.23,2.58,50.64,56388.772,4631.625,7861.781,909.924,3955.87,17359.2,267834,1571612,0,423302,2262748,306:30:00,01:15,00:00,00:50,55:60,363:50:00
cia. azucarera del rio guayalejo s.a. de c.v.,2012-2013,21,737088.86,676648.087,7909.5,81749.15,26436.85,55312.3,0.0,0.0,1014772,24002.179,0.0,0.0,81.709,99.398,95.126,26.036,11.92,13.699,15.71,13.11,83.47,2.56,50.48,60346.011,4921.273,8411.108,967.25,4169.61,18469.241,267834,1571612,0,423302,2262748,315:05:00,01:50,00:00,00:05,55:60,373:00:00
cia. azucarera del rio guayalejo s.a. de c.v.,2012-2013,22,785480.97,721059.039,8500.5,87849.4,26436.85,61412.55,0.0,0.0,1014772,25782.75,0.0,0.0,81.913,99.717,95.179,25.988,11.93,13.778,15.72,13.15,83.68,2.56,50.37,64327.169,5217.672,8955.231,1030.936,4370.07,19573.909,267834,1571612,0,423302,2262748,321:40:00,01:50,00:00,00:05,55:60,379:35:00
cia. azucarera del rio guayalejo s.a. de c.v.,2012-2013,23,823843.19,756396.607,8984.0,92658.95,26436.85,66222.1,0.0,0.0,1014772,27182.927,0.0,0.0,82.014,99.79,95.179,25.992,11.95,13.845,15.75,13.21,83.84,2.57,50.3,67351.821,5498.319,9385.728,1078.597,4552.11,20514.754,267834,1577134,0,423302,2268270,360:10:00,01:50,00:00,00:05,55:60,418:05:00
cia. azucarera del rio guayalejo s.a. de c.v.,2012-2013,24,872364.04,800999.287,9639.5,98700.2,26436.85,72263.35,0.0,0.0,1014772,28952.976,0.0,0.0,82.135,100.003,95.216,25.976,11.97,13.914,15.78,13.25,83.95,2.56,50.19,71269.991,5806.543,9928.221,1147.614,4801.44,21683.818,267834,1577134,0,423302,2268270,370:60,01:50,00:00,00:05,55:60,428:55:00
cia. azucarera del rio guayalejo s.a. de c.v.,2012-2013,25,921240.46,845613.778,10304.75,104862.8,26436.85,78425.95,0.0,0.0,1085415,30720.201,0.0,0.0,82.227,100.178,95.22,25.992,12.0,13.973,15.8,13.28,84.04,2.57,50.1,75531.92,6153.014,10465.042,1222.389,5036.86,22877.305,267834,1593701,0,423302,2284837,384:25:00,01:50,00:00,01:00,55:60,443:15:00
cia. azucarera del rio guayalejo s.a. de c.v.,2012-2013,26,968402.52,888622.367,10979.75,110672.05,26436.85,84235.2,0.0,0.0,1248999,32273.26,0.0,0.0,82.274,100.314,95.229,26.002,12.02,14.021,15.81,13.31,84.17,2.57,50.05,79780.153,6478.353,10989.219,1291.544,5308.02,24067.136,267834,1593701,0,434346,2295881,401:55:00,01:50,00:00,01:00,55:60,460:45:00
cia. azucarera del rio guayalejo s.a. de c.v.,2012-2013,27,1015804.51,932222.021,11908.75,116545.9,26436.85,90109.05,0.0,0.0,1409994,33705.193,0.0,0.0,82.319,100.485,95.239,26.002,12.04,14.078,15.87,13.34,84.08,2.58,49.98,83582.489,6809.04,11539.416,1362.735,5572.75,25283.941,267834,1593701,0,434346,2295881,419:45:00,01:50,00:00,01:00,55:60,478:35:00
cia. azucarera del rio guayalejo s.a. de c.v.,2012-2013,28,1061268.6,973926.944,12604.0,122342.9,26436.85,95906.05,0.0,0.0,1571093,35186.843,0.0,0.0,82.193,100.633,95.235,26.003,12.06,14.119,15.91,13.36,83.96,2.59,49.89,87341.656,7139.646,12045.419,1423.287,6073.25,26681.602,267834,1593701,0,434346,2295881,441:10:00,01:50,00:00,01:00,55:60,499:60
cia. azucarera del rio guayalejo s.a. de c.v.,2012-2013,29,1104466.08,1013723.652,13290.75,127015.35,26436.85,100578.5,0.0,0.0,1717313,36725.685,0.0,0.0,81.989,100.785,95.208,26.068,12.08,14.152,15.91,13.37,84.02,2.6,49.91,90742.428,7489.413,12562.175,1479.35,6621.55,28152.488,267834,1593701,0,434346,2295881,456:10:00,01:50,00:00,01:00,55:60,514:60
cia. azucarera del rio guayalejo s.a. de c.v.,2012-2013,30,1145997.22,1052003.74,13924.75,131941.4,26436.85,105504.55,0.0,0.0,1880320,38219.781,0.0,0.0,81.946,100.97,95.203,26.087,12.09,14.179,15.95,13.37,83.84,2.61,49.9,93993.48,7794.252,13049.59,1535.362,6957.17,29336.374,267834,1593701,0,434346,2295881,482:15:00,01:50,00:00,01:05,55:60,541:50:00
cia. azucarera del rio guayalejo s.a. de c.v.,2012-2013,31,1190543.89,1092835.578,14644.0,137603.65,26436.85,111166.8,0.0,0.0,2042068,39839.589,0.0,0.0,81.796,101.144,95.189,26.137,12.11,14.21,15.93,13.37,83.93,2.62,49.9,97708.312,8139.201,13563.242,1600.587,7494.15,30797.18,267834,1593699,0,445389,2306922,497:25:00,01:50,00:00,01:05,55:60,556:15:00
cia. azucarera del rio guayalejo s.a. de c.v.,2012-2013,32,1234904.12,1133394.862,15302.5,142880.35,26436.85,116443.5,0.0,0.0,2210923,41532.042,0.0,0.0,81.711,101.278,95.162,26.209,12.14,14.235,15.9,13.38,84.1,2.63,49.91,101509.258,8504.906,14069.615,1661.33,7914.06,32149.911,267834,1636371,0,474509,2378714,512:55:00,01:50,00:00,01:00,55:60,571:45:00
cia. azucarera del rio guayalejo s.a. de c.v.,2012-2013,33,1279500.43,1174178.173,15973.75,148338.55,26436.85,121901.7,0.0,0.0,2238910,43151.941,0.0,0.0,81.547,101.419,95.077,26.276,12.16,14.243,15.87,13.35,84.13,2.67,49.92,105393.687,8972.542,14594.971,1719.658,8342.83,33630.001,267834,1636371,0,474509,2378714,520:25:00,05:50,00:00,01:00,55:60,583:15:00
cia. azucarera del rio guayalejo s.a. de c.v.,2012-2013,34,1316904.85,1208392.599,16627.5,151728.3,26436.85,125291.45,0.0,0.0,2369417,44497.883,0.0,0.0,81.358,101.472,95.048,26.352,12.18,14.247,15.87,13.35,84.11,2.68,49.95,108583.681,9290.561,15055.47,1772.197,8857.67,34975.898,267834,1636371,0,474509,2378714,524:45:00,38:15:00,00:00,01:00,55:60,619:60
cia. azucarera del rio guayalejo s.a. de c.v.,2012-2013,35,1361263.32,1248721.219,17341.0,157028.2,26436.85,130591.35,0.0,0.0,2428293,46143.224,0.0,0.0,81.274,101.569,95.007,26.463,12.22,14.246,15.85,13.33,84.05,2.69,49.97,112613.531,9683.108,15568.661,1834.597,9228.8,36315.166,267834,1636371,0,474509,2378714,537:25:00,38:15:00,00:00,01:00,55:60,632:40:00
cia. azucarera del rio guayalejo s.a. de c.v.,2012-2013,36,1404760.99,1292218.889,18043.249,160907.6,26436.85,134470.75,0.0,0.0,2442869,47826.302,0.0,0.0,0.0,0.0,0.0,0.0,12.26,14.254,0.0,0.0,84.02,0.0,0.0,0.0,0.0,0.0,0.0,0.0,0.0,267834,1636371,0,474509,2378714,565:50:00,39:35:00,00:00,01:00,56:00:00,662:25:00
cia. azucarera del rio guayalejo s.a. de c.v.,2012-2013,37,1413488.88,1295942.659,18177.25,162267.55,26436.85,135830.7,0.0,0.0,2480422,48596.691,121.941039,133.001,80.31,101.63,94.928,26.602,12.26,14.249,15.812,13.309,84.18,2.717,50.012,117623.165,10214.788,16296.914,1938.416,11208.104,39658.222,267834,1636371,0,502122,2406327,583:25:00,39:35:00,00:00,01:05,117:35:00,741:35:00
ingenio adolfo lopez mateos s.a. de c.v.,2012-2013,7,88623.0,85276.43,1200.857,7577.6,7577.6,0.0,0.0,0.0,0,1935.456,0.0,0.0,81.94,96.89,95.82,27.53,12.23,12.72,15.35,12.58,81.95,1.93,52.92,3346.57,471.113,1032.633,168.557,363.922,2036.225,371591,590826,0,0,962417,14:31,02:24,00:00,04:00,11:19,32:16:00
ingenio adolfo lopez mateos s.a. de c.v.,2012-2013,8,140838.0,135378.544,1912.521,12666.7,12666.7,0.0,0.0,0.0,0,3406.159,0.0,0.0,81.46,96.37,95.82,27.48,12.28,12.56,15.27,12.49,81.8,1.91,52.69,5459.456,740.236,1638.06,361.6,541.478,3281.374,371591,849104,0,0,1220695,21:47,02:39,00:00,04:00,22:19,50:46:00
ingenio adolfo lopez mateos s.a. de c.v.,2012-2013,9,198124.0,190364.44,2660.454,19121.3,19121.3,0.0,0.0,0.0,0,5098.789,0.0,0.0,82.21,97.34,95.82,27.56,12.32,12.55,15.08,12.35,81.9,1.9,52.68,7759.56,1038.927,2184.819,505.19,692.916,4421.852,371591,1068256,0,0,1439847,25:01:00,07:34,00:00,04:00,22:19,58:55:00
ingenio adolfo lopez mateos s.a. de c.v.,2012-2013,10,254817.0,244726.144,3336.182,25455.55,25455.55,0.0,0.0,0.0,0,7054.846,0.0,0.0,82.98,97.54,95.8,27.58,12.35,12.57,15.02,12.34,82.18,1.91,52.6,10090.856,1343.749,2653.084,632.238,820.981,5450.052,371591,1163262,0,0,1534853,44:33:00,07:34,00:00,04:00,22:19,78:27:00
ingenio adolfo lopez mateos s.a. de c.v.,2012-2013,11,322230.0,308964.439,4201.726,33500.6,33500.6,0.0,0.0,0.0,0,9172.133,0.0,0.0,83.89,97.75,95.87,27.65,12.37,12.6,14.98,12.36,82.46,1.88,52.66,13265.561,1677.793,3195.521,747.051,918.657,6539.022,371591,1275362,0,0,1646953,51:44:00,07:44,00:00,04:00,22:19,85:48:00
ingenio adolfo lopez mateos s.a. de c.v.,2012-2013,12,382788.0,366689.886,4962.256,40450.75,40450.75,0.0,0.0,0.0,0,10751.002,0.0,0.0,84.54,97.7,95.93,27.68,12.39,12.65,15.03,12.43,82.67,1.86,52.66,16098.114,1971.361,3683.288,849.23,986.163,7490.042,371591,1371673,0,0,1743264,67:43:00,09:19,00:00,04:00,22:19,103:23:00
ingenio adolfo lopez mateos s.a. de c.v.,2012-2013,13,448375.0,428860.243,5778.776,48136.85,48136.85,0.0,0.0,0.0,0,12430.045,0.0,0.0,85.18,97.85,95.97,27.77,12.41,12.75,15.1,12.51,82.84,1.85,52.76,19514.757,2302.516,4174.574,952.909,1046.68,8476.679,371591,1451673,0,0,1823264,69:54:00,09:49,00:00,04:55,22:19,106:58:00
ingenio adolfo lopez mateos s.a. de c.v.,2012-2013,14,510814.0,488086.259,6546.389,55633.7,55633.7,0.0,0.0,0.0,0,14113.745,0.0,0.0,85.68,98.16,96.0,27.87,12.43,12.84,15.14,12.56,82.96,1.84,52.85,22727.741,2620.038,4623.117,1053.271,1098.744,9395.17,371591,1568673,0,0,1940264,77:05:00,10:40,00:00,04:55,22:20,115:00:00
ingenio adolfo lopez mateos s.a. de c.v.,2012-2013,15,566344.0,540764.516,7210.911,62084.05,62084.05,0.0,0.0,0.0,0,15646.691,0.0,0.0,85.89,98.27,96.0,27.96,12.45,12.89,15.17,12.59,83.02,1.84,52.93,25579.484,2918.906,5061.493,1143.888,1181.613,10305.9,371591,1754143,0,0,2125734,106:16:00,10:50,00:00,04:55,22:19,144:21:00
ingenio adolfo lopez mateos s.a. de c.v.,2012-2013,16,629224.0,600475.222,8011.519,69410.45,69410.45,0.0,0.0,0.0,0,17377.829,0.0,0.0,86.07,98.27,96.0,28.04,12.468,12.948,15.22,12.65,83.102,1.85,52.99,28748.778,3262.414,5581.255,1221.647,1287.875,11353.191,371591,2008107,0,0,2379698,117:56:00,10:50,00:00,04:55,22:19,156:01:00
ingenio adolfo lopez mateos s.a. de c.v.,2012-2013,17,688208.0,656655.938,8699.388,76029.35,76029.35,0.0,0.0,0.0,0,19074.739,0.0,0.0,86.2,98.37,96.01,28.09,12.485,12.977,15.24,12.66,83.12,1.84,53.01,31552.062,3567.901,6063.139,1314.185,1382.066,12327.291,371591,2077669,0,0,2449260,140:15:00,11:40,00:00,04:55,22:19,179:11:00
ingenio adolfo lopez mateos s.a. de c.v.,2012-2013,18,755710.0,720752.479,9492.661,84063.4,84063.4,0.0,0.0,0.0,0,20897.428,0.0,0.0,86.27,98.5,96.01,28.11,12.505,12.988,15.24,12.66,83.07,1.84,52.98,34957.521,3916.727,6680.507,1417.191,1465.998,13480.423,371591,2121869,0,0,2493460,144:19:00,12:00,00:00,04:55,22:19,183:35:00
ingenio adolfo lopez mateos s.a. de c.v.,2012-2013,19,810242.0,772463.651,10181.48,90237.25,90237.25,0.0,0.0,0.0,0,22417.965,0.0,0.0,86.31,98.57,96.0,28.16,12.521,12.998,15.25,12.66,82.999,1.84,52.99,37778.349,4210.275,7141.367,1539.732,1524.967,14416.341,371591,2228797,0,0,2600388,146:10:00,12:25,00:00,07:25,53:44:00,219:46:00
ingenio adolfo lopez mateos s.a. de c.v.,2012-2013,20,875591.0,834492.939,10998.513,98018.8,98018.8,0.0,0.0,0.0,0,24259.214,0.0,0.0,86.43,98.72,96.02,28.2,12.54,13.017,15.26,12.66,82.969,1.84,52.99,41098.061,4536.406,7712.838,1640.02,1579.943,15469.207,371591,2252097,0,0,2623688,148:30:00,12:50,00:00,07:25,56:04:00,224:50:00
ingenio adolfo lopez mateos s.a. de c.v.,2012-2013,21,935544.0,891386.853,11751.597,104671.9,104671.9,0.0,0.0,0.0,0,26020.373,0.0,0.0,86.44,98.81,96.03,28.25,12.558,13.029,15.27,12.66,82.942,1.83,53.02,44157.147,4841.158,8277.277,1731.142,1684.05,16533.627,371591,2366297,0,0,2737888,152:20:00,12:50,00:00,07:25,72:04:00,244:40:00
ingenio adolfo lopez mateos s.a. de c.v.,2012-2013,22,994992.0,947840.17,12521.927,111703.1,111703.1,0.0,0.0,0.0,0,27827.381,0.0,0.0,86.52,98.9,96.03,28.3,12.571,13.043,15.27,12.66,82.928,1.83,53.04,47151.83,5153.36,8799.327,1801.1,1744.888,17498.675,371591,2403814,0,0,2775405,156:25:00,12:55,00:00,07:25,87:19:00,264:05:00
ingenio adolfo lopez mateos s.a. de c.v.,2012-2013,23,1059981.0,1009335.096,13201.235,119302.5,119302.5,0.0,0.0,0.0,0,29721.933,0.0,0.0,86.6,98.98,96.02,28.38,12.59,13.063,15.28,12.67,82.922,1.83,53.1,50645.904,5506.695,9360.062,1886.528,1800.994,18554.279,371591,2492503,0,0,2864094,159:55:00,13:34,00:00,07:25,87:19:00,268:14:00
ingenio adolfo lopez mateos s.a. de c.v.,2012-2013,24,1119619.0,1065758.29,14081.752,126319.3,126319.3,0.0,0.0,0.0,0,31485.667,0.0,0.0,86.68,99.07,96.01,28.45,12.604,13.092,15.3,12.69,82.928,1.84,53.14,53860.71,5849.813,9863.762,1967.076,1850.868,19531.519,371591,2659343,0,0,3030934,166:21:00,14:00,00:00,07:25,100:04:00,287:50:00
ingenio adolfo lopez mateos s.a. de c.v.,2012-2013,25,1184887.0,1127477.764,15040.339,134188.55,134188.55,0.0,0.0,0.0,0,33469.545,0.0,0.0,86.74,99.19,96.0,28.52,12.625,13.132,15.32,12.71,82.935,1.84,53.17,57409.236,6230.648,10425.934,2057.822,1910.851,20625.255,371591,2694843,0,0,3066434,170:36:00,14:00,00:00,07:25,100:04:00,292:06:00
ingenio adolfo lopez mateos s.a. de c.v.,2012-2013,26,1228684.0,1168933.565,15738.17,139341.15,139341.15,0.0,0.0,0.0,0,34839.172,0.0,0.0,86.76,99.32,95.99,28.57,12.642,13.16,15.33,12.72,82.94,1.85,53.18,59750.435,6487.135,10820.346,2122.121,1975.265,21404.867,371591,2962894,0,0,3334485,196:57:00,14:00,00:00,07:25,131:04:00,349:27:00
ingenio adolfo lopez mateos s.a. de c.v.,2012-2013,27,1292130.0,1228826.377,16683.841,146846.6,146846.6,0.0,0.0,0.0,0,36611.355,0.0,0.0,86.78,99.5,95.99,28.62,12.667,13.198,15.35,12.73,82.95,1.85,53.18,63303.623,6842.378,11407.212,2213.391,2076.985,22539.966,371591,3038057,0,0,3409648,202:37:00,14:25,00:00,07:30,131:04:00,355:37:00
ingenio adolfo lopez mateos s.a. de c.v.,2012-2013,28,1351326.0,1284528.718,17569.961,154045.25,154045.25,0.0,0.0,0.0,0,38468.027,0.0,0.0,86.8,99.67,95.98,28.68,12.69,13.231,15.36,12.74,82.949,1.85,53.19,66797.282,7178.475,11922.469,2300.627,2192.344,23593.915,371591,3121923,0,0,3493514,207:16:00,15:50,00:00,10:10,131:04:00,364:22:00
ingenio adolfo lopez mateos s.a. de c.v.,2012-2013,29,1412038.0,1341861.178,18615.455,161343.9,161343.9,0.0,0.0,0.0,0,40383.304,0.0,0.0,86.78,99.81,95.97,28.76,12.712,13.256,15.37,12.75,82.949,1.86,53.22,70176.822,7535.223,12520.099,2368.157,2323.997,24747.476,371591,3191230,0,0,3562821,220:06:00,16:15,00:00,10:10,131:04:00,377:37:00
ingenio adolfo lopez mateos s.a. de c.v.,2012-2013,30,1477663.0,1403730.093,19733.394,169532.2,169532.2,0.0,0.0,0.0,0,42553.155,0.0,0.0,86.81,99.95,95.97,28.83,12.736,13.282,15.38,12.75,82.953,1.86,53.24,73932.907,7912.664,13126.376,2427.662,2424.507,25891.209,371591,3218315,0,0,3589906,223:36:00,16:35,00:00,10:10,131:04:00,381:26:00
ingenio adolfo lopez mateos s.a. de c.v.,2012-2013,31,1537142.0,1459761.841,20893.196,176765.85,176765.85,0.0,0.0,0.0,0,44207.8,0.0,0.0,86.86,100.04,95.97,28.89,12.756,13.306,15.39,12.76,82.948,1.86,53.25,77380.159,8244.302,13668.285,2477.251,2491.824,26881.662,371591,3280209,0,0,3651800,240:10:00,16:55,00:00,10:10,131:04:00,400:10:00
ingenio adolfo lopez mateos s.a. de c.v.,2012-2013,32,1596619.0,1514842.61,21937.047,184017.25,184017.25,0.0,0.0,0.0,0,46132.485,0.0,0.0,86.9,100.11,95.96,28.92,12.766,13.326,15.4,12.77,82.952,1.86,53.27,81776.39,8599.376,14203.816,2527.668,2543.043,27873.903,371591,3372821,0,0,3744412,261:38:00,16:55,00:00,10:10,131:04:00,419:48:00
ingenio adolfo lopez mateos s.a. de c.v.,2012-2013,33,1650813.0,1564517.218,22691.838,190376.1,190376.1,0.0,0.0,0.0,0,47802.808,0.0,0.0,86.93,100.18,95.95,28.93,12.768,13.342,15.41,12.78,82.948,1.87,53.27,86295.782,8916.179,14696.58,2571.587,2611.225,28795.571,371591,3443712,0,0,3815303,286:19:00,17:45,00:00,10:10,131:04:00,445:19:00
ingenio adolfo lopez mateos s.a. de c.v.,2012-2013,34,1696618.0,1606457.295,23745.047,195461.0,195461.1,0.0,0.0,0.0,0,49342.869,0.0,0.0,86.91,0.0,0.0,0.0,12.76,13.35,0.0,0.0,82.92,0.0,0.0,0.0,9166.7,15165.355,2614.476,2708.295,29654.826,371591,3550457,0,0,3922048,317:15:00,17:49,00:00,10:10,145:24:00,490:39:00
ingenio adolfo lopez mateos s.a. de c.v.,2012-2013,35,1733534.0,1640371.788,24160.076,199150.3,199150.3,0.0,0.0,0.0,0,50534.033,0.0,0.0,86.81,100.27,95.95,28.92,12.758,13.339,15.41,12.76,82.851,1.87,53.28,93162.212,9363.478,15651.288,2663.527,2811.945,30490.238,371591,3872632,0,0,4244223,322:35:00,27:00:00,00:00,10:25,200:54:00,560:55:00
ingenio adolfo lopez mateos s.a. de c.v.,2012-2013,36,1781689.0,1684386.368,25055.405,203309.9,203309.9,0.0,0.0,0.0,0,53092.836,0.0,0.0,86.43,100.17,95.93,28.97,12.777,13.289,15.38,12.73,82.75,1.87,53.3,97302.632,9634.871,16701.983,2796.169,2994.447,32127.47,371591,4429423,0,0,4801014,347:39:00,27:00:00,00:00,10:25,214:10:00,599:14:00
ingenio adolfo lopez mateos s.a. de c.v.,2012-2013,37,1831066.0,1729413.617,25850.859,207544.8,207544.8,0.0,0.0,0.0,0,55804.553,0.0,0.0,86.05,0.0,0.0,0.0,12.81,13.23,0.0,0.0,82.64,0.0,0.0,0.0,9951.859,17682.79,2948.198,3196.214,33779.061,371591,4842220,0,0,5213811,364:00:00,27:04:00,00:00,19:10,221:20:00,631:36:00
ingenio adolfo lopez mateos s.a. de c.v.,2012-2013,38,1867959.93,1762926.723,26838.505,211284.2,211284.2,0.0,0.0,0.0,0,57869.234,111.120313,117.741,85.83,100.07,95.85,29.13,12.833,13.166,15.272,12.611,82.576,1.876,53.33,105033.207,10206.934,18233.549,3080.289,3338.433,34859.205,371591,5154368,79500,0,5605459,376:09:00,27:24:00,00:00,19:10,223:00:00,645:45:00
ingenio alianza popular s.a. de c.v.,2012-2013,6,47250.0,45505.745,632.48,3948.9,0.0,3948.9,0.0,0.0,0,1062.937,0.0,0.0,83.739,98.068,94.914,28.053,13.46,12.67,15.0,12.26,81.74,2.3,48.97,1747.336,304.463,484.173,59.963,124.91,973.509,0,0,0,0,0,00:20,00:00,00:00,00:00,00:00,00:20
ingenio alianza popular s.a. de c.v.,2012-2013,7,70550.0,67937.762,984.78,6824.8,0.0,6824.8,0.0,0.0,0,1723.531,0.0,0.0,83.899,98.926,95.028,27.473,13.23,12.84,14.99,12.33,82.24,2.32,48.82,2616.932,450.275,704.002,114.625,189.224,1458.126,0,0,0,0,0,00:25,00:00,00:00,00:00,87:25:00,87:50:00
ingenio alianza popular s.a. de c.v.,2012-2013,8,104750.0,100852.382,1397.6,10501.55,0.0,10501.55,0.0,0.0,0,2735.63,0.0,0.0,83.622,99.332,94.918,27.202,12.97,12.84,14.9,12.27,82.32,2.4,49.18,3900.255,683.262,1059.16,161.684,297.963,2202.069,0,0,0,0,0,15:41,00:38,00:00,00:00,126:45:00,143:04:00
ingenio alianza popular s.a. de c.v.,2012-2013,9,142350.0,137025.72,1955.61,14352.05,0.0,14352.05,0.0,0.0,0,4009.7,0.0,0.0,83.089,98.319,94.666,27.062,12.74,12.81,14.96,12.33,82.44,2.52,49.64,5324.701,972.389,1459.879,214.322,436.028,3082.618,0,0,0,0,0,68:05:00,00:55,00:00,00:00,126:45:00,195:45:00
ingenio alianza popular s.a. de c.v.,2012-2013,10,189950.0,182856.249,2581.16,19991.85,0.0,19991.85,0.0,0.0,0,5644.584,0.0,0.0,83.43,99.015,94.897,26.804,12.71,12.99,15.0,12.45,82.97,2.47,49.4,7095.476,1258.953,1955.184,262.051,611.619,4087.807,0,0,0,0,0,79:56:00,01:12,00:00,00:00,126:45:00,207:53:00
ingenio alianza popular s.a. de c.v.,2012-2013,11,222630.0,214370.645,3049.88,23889.05,0.0,23889.05,0.0,0.0,0,6750.959,0.0,0.0,83.619,99.067,94.903,26.777,12.68,13.06,15.04,12.51,83.23,2.49,49.46,8259.603,1482.25,2080.159,305.456,895.974,4763.839,0,0,0,0,0,88:15:00,01:38,00:00,00:05,177:19:00,267:17:00
ingenio alianza popular s.a. de c.v.,2012-2013,12,270730.0,260690.176,3742.25,29360.5,0.0,29360.5,0.0,0.0,0,8139.303,0.0,0.0,83.953,99.203,94.915,26.636,12.57,13.15,15.07,12.58,83.48,2.51,49.57,10040.742,1810.424,2528.454,355.954,1018.169,5713.001,0,0,0,0,0,96:36:00,02:16,00:00,01:12,177:19:00,277:23:00
ingenio alianza popular s.a. de c.v.,2012-2013,13,321080.0,309145.285,4466.28,35400.0,0.0,35400.0,0.0,0.0,0,9596.271,0.0,0.0,84.221,99.189,94.944,26.495,12.49,13.3,15.19,12.73,83.79,2.54,49.61,11937.093,2158.55,2999.972,416.77,1160.674,6735.966,0,0,0,0,0,103:33:00,03:42,00:00,01:18,177:19:00,285:52:00
ingenio alianza popular s.a. de c.v.,2012-2013,14,343680.0,330869.027,4737.08,38399.95,0.0,38399.95,0.0,0.0,0,10357.77,0.0,0.0,84.211,99.201,94.956,26.42,12.45,13.32,15.21,12.75,83.84,2.54,49.65,12811.638,2309.824,3234.961,453.523,1231.73,7230.038,0,0,0,0,0,104:25:00,03:56,00:00,21:03,252:31:00,381:55:00
ingenio alianza popular s.a. de c.v.,2012-2013,15,381680.0,367563.251,5254.45,42367.95,0.0,42367.95,0.0,0.0,0,11497.378,0.0,0.0,84.329,99.37,95.024,26.254,12.39,13.37,15.23,12.78,83.93,2.53,49.58,14117.818,2538.739,3617.548,488.669,1350.838,7995.794,0,0,0,0,0,119:36:00,04:52,00:00,21:03,281:26:00,426:57:00
ingenio alianza popular s.a. de c.v.,2012-2013,16,425880.0,410252.928,5843.01,47915.35,0.0,47915.35,0.0,0.0,0,12778.151,0.0,0.0,84.572,99.472,95.083,26.186,12.362,13.471,15.3,12.88,84.14,2.53,49.57,15630.99,2820.931,4020.479,543.217,1466.27,8850.897,0,0,0,0,0,143:13:00,05:21,00:00,21:03,281:26:00,451:03:00
ingenio alianza popular s.a. de c.v.,2012-2013,17,475080.0,457597.641,6397.4,53950.25,0.0,53950.25,0.0,0.0,0,14191.716,0.0,0.0,84.746,99.313,95.069,26.251,12.368,13.557,15.38,12.98,84.372,2.55,49.65,17487.128,3176.213,4464.314,593.947,1590.231,9824.705,0,0,0,0,0,151:52:00,06:14,00:00,21:03,281:26:00,460:35:00
ingenio alianza popular s.a. de c.v.,2012-2013,18,518730.0,499662.134,7001.19,59729.15,0.0,59729.15,0.0,0.0,0,15484.316,0.0,0.0,84.923,99.238,95.083,26.324,12.389,13.642,15.46,13.07,84.561,2.55,49.71,19069.191,3479.207,4859.627,638.573,1691.926,10669.333,0,0,0,0,0,168:42:00,07:21,00:00,27:47:00,281:26:00,485:16:00
ingenio alianza popular s.a. de c.v.,2012-2013,19,564480.0,543774.353,7677.52,65465.4,0.0,65465.4,0.0,0.0,0,16836.625,0.0,0.0,85.061,99.091,95.045,26.339,12.391,13.733,15.55,13.17,84.718,2.58,49.68,20708.278,3841.412,5264.193,684.863,1790.299,11580.767,0,0,0,0,0,189:25:00,09:38,00:00,28:04:00,281:26:00,508:33:00
ingenio alianza popular s.a. de c.v.,2012-2013,20,610780.0,588377.277,8244.84,71124.0,0.0,71124.0,0.0,0.0,0,18199.6,0.0,0.0,85.111,98.722,94.953,26.397,12.39,13.815,15.66,13.29,84.837,2.64,49.73,22405.789,4258.981,5685.029,734.023,1885.572,12563.605,0,0,0,0,0,204:38:00,13:43,00:00,34:54:00,281:26:00,534:41:00
ingenio alianza popular s.a. de c.v.,2012-2013,21,655480.0,631323.999,8892.24,76759.25,0.0,76759.25,0.0,0.0,0,19483.033,0.0,0.0,85.2,98.724,94.935,26.426,12.393,13.9,15.74,13.37,84.926,2.67,49.74,24157.988,4615.376,6092.613,788.207,1989.091,13485.287,0,0,0,0,0,215:53:00,14:28,00:00,34:54:00,293:59:00,559:14:00
ingenio alianza popular s.a. de c.v.,2012-2013,22,697230.0,671530.565,9608.2,82362.15,0.0,82362.15,0.0,0.0,0,20789.894,0.0,0.0,85.2,98.802,94.917,26.484,12.402,14.003,15.82,13.45,85.028,2.69,49.79,25700.338,4963.145,6518.212,851.34,2117.203,14449.9,0,0,0,0,0,245:51:00,15:26,00:00,34:54:00,293:59:00,590:10:00
ingenio alianza popular s.a. de c.v.,2012-2013,23,739980.0,712550.874,10512.54,88075.65,0.0,88075.65,0.0,0.0,0,22116.769,0.0,0.0,85.164,98.958,94.906,26.69,12.46,14.095,15.89,13.52,85.073,2.69,49.93,27430.531,5313.005,6992.456,912.448,2256.853,15474.762,0,0,0,0,0,266:30:00,17:52,00:00,35:16:00,293:59:00,613:37:00
ingenio alianza popular s.a. de c.v.,2012-2013,24,782480.0,753445.35,11288.78,93679.4,0.0,93679.4,0.0,0.0,0,23535.95,0.0,0.0,85.082,98.932,94.848,27.02,12.588,14.166,15.95,13.58,85.13,2.7,50.02,29036.768,5710.407,7447.992,978.808,2398.463,16535.67,0,0,0,0,0,292:55:00,18:55,00:00,35:16:00,293:59:00,641:05:00
ingenio alianza popular s.a. de c.v.,2012-2013,25,826430.0,795678.167,11976.83,99743.2,0.0,99743.2,0.0,0.0,0,25044.089,0.0,0.0,85.06,99.093,94.809,27.291,12.724,14.267,16.02,13.65,85.22,2.71,49.97,30753.562,6120.31,7926.41,1034.331,2533.265,17614.316,0,0,0,0,0,304:45:00,22:34,00:00,35:16:00,293:59:00,656:34:00
ingenio alianza popular s.a. de c.v.,2012-2013,26,858900.0,826365.335,12577.3,104244.2,0.0,104244.2,0.0,0.0,0,26223.817,0.0,0.0,84.955,99.146,94.671,27.472,12.78,14.321,16.07,13.68,85.118,2.78,49.99,32535.623,6554.894,8254.747,1071.496,2624.451,18505.588,0,0,0,0,0,349:26:00,24:24:00,00:00,35:16:00,305:26:00,714:32:00
ingenio alianza popular s.a. de c.v.,2012-2013,27,899050.0,864988.991,13231.52,109329.75,0.0,109329.75,0.0,0.0,0,27753.782,0.0,0.0,84.928,99.205,94.632,27.558,12.821,14.383,16.13,13.72,85.075,2.8,49.96,34063.028,6941.807,8697.365,1117.739,2732.948,19489.859,0,0,0,0,0,377:50:00,27:34:00,00:00,35:18:00,305:26:00,746:08:00
ingenio alianza popular s.a. de c.v.,2012-2013,28,939620.0,903981.519,13937.6,114874.35,0.0,114874.35,0.0,0.0,0,29273.609,0.0,0.0,84.866,99.169,94.543,27.677,12.872,14.458,16.2,13.78,85.07,2.85,49.91,35639.805,7412.983,9142.222,1162.706,2842.111,20560.022,0,0,0,0,0,399:42:00,29:39:00,00:00,42:10:00,305:26:00,776:57:00
ingenio alianza popular s.a. de c.v.,2012-2013,29,980170.0,942962.669,14620.25,120049.05,0.0,120049.05,0.0,0.0,0,30843.655,0.0,0.0,84.765,99.068,94.445,27.793,12.921,14.517,16.28,13.84,84.995,2.9,49.87,37209.078,7903.741,9613.243,1207.098,2953.862,21677.944,0,0,0,0,0,425:02:00,33:54:00,00:00,46:13:00,305:26:00,810:35:00
ingenio alianza popular s.a. de c.v.,2012-2013,30,1022570.0,983678.273,15478.65,125290.9,0.0,125290.9,0.0,0.0,0,32402.468,0.0,0.0,84.606,98.748,94.332,28.028,13.029,14.549,16.37,13.9,84.883,2.94,49.82,38893.474,8431.909,10126.86,1259.306,3083.406,22901.481,0,0,0,0,0,446:20:00,39:17:00,00:00,48:52:00,305:26:00,839:55:00
ingenio alianza popular s.a. de c.v.,2012-2013,31,1059720.0,1019490.624,16185.67,130016.7,0.0,130016.7,0.0,0.0,0,33854.685,0.0,0.0,84.404,98.429,94.193,28.307,13.148,14.58,16.45,13.95,84.798,2.99,49.8,40230.996,8971.721,10598.776,1313.666,3212.7,24096.863,0,0,0,0,0,483:50:00,41:02:00,00:00,51:37:00,305:26:00,881:32:00
ingenio alianza popular s.a. de c.v.,2012-2013,32,1097470.0,1055826.093,16918.88,134591.65,0.0,134591.65,0.0,0.0,0,35727.974,0.0,0.0,84.165,98.247,94.078,28.411,13.181,14.613,16.53,13.99,84.657,3.05,49.79,41645.338,9496.567,11159.071,1375.466,3362.944,25394.048,0,0,0,0,0,518:12:00,50:09:00,00:00,51:37:00,305:26:00,925:24:00
ingenio alianza popular s.a. de c.v.,2012-2013,33,1126960.0,1083961.591,17498.29,137699.45,0.0,137699.45,0.0,0.0,0,37160.478,0.0,0.0,83.914,97.971,93.935,28.516,13.209,14.623,16.59,14.02,84.539,3.11,49.78,42998.477,9994.723,11598.116,1421.077,3494.632,26508.548,0,0,0,0,0,527:42:00,51:49:00,00:00,64:26:00,353:29:00,997:26:00
ingenio alianza popular s.a. de c.v.,2012-2013,34,1159860.0,1115577.733,18109.48,141236.05,0.0,141236.05,0.0,0.0,0,39140.452,0.0,0.0,83.645,97.826,93.85,28.639,13.252,14.632,16.63,14.04,84.403,3.14,49.78,44284.724,10437.655,12185.317,1471.225,3661.83,27756.027,0,0,0,0,0,573:34:00,55:55:00,00:00,70:21:00,353:29:00,1053:19:00
ingenio alianza popular s.a. de c.v.,2012-2013,35,1199610.0,1157591.446,18875.0,145256.45,0.0,145256.45,0.0,0.0,0,41322.851,0.0,0.0,0.0,0.0,0.0,0.0,13.362,14.62,0.0,0.0,84.048,0.0,0.0,0.0,0.0,0.0,0.0,0.0,0.0,0,0,0,0,0,00:00,00:00,00:00,00:00,00:00,1084:05:00
ingenio alianza popular s.a. de c.v.,2012-2013,36,1227062.92,1180314.514,19134.96,148468.4,0.0,148468.4,0.0,0.0,0,43782.886,123.985098,128.896,82.509,97.38,93.642,28.94,13.362,14.608,16.714,14.047,84.048,3.209,49.78,46748.406,11396.807,13643.804,1626.956,4685.923,31353.49,0,0,0,0,0,620:17:00,65:04:00,00:00,91:34:00,353:29:00,1130:24:00
fideicomiso ingenio atencingo,2012-2013,6,73645.0,72653.951,485.037,7953.0,0.0,7953.0,0.0,0.0,0,2174.732,0.0,0.0,84.519,96.349,95.632,24.656,11.34,13.32,15.89,13.22,83.21,2.36,50.69,991.049,428.439,914.074,37.424,138.672,1518.609,155134,8865,0,0,163999,01:25,00:10,00:00,04:50,00:00,06:25
fideicomiso ingenio atencingo,2012-2013,7,142995.0,141019.294,953.85,15593.1,0.0,15593.1,0.0,0.0,0,4319.269,0.0,0.0,84.718,95.789,95.525,24.81,11.4,13.37,16.02,13.34,83.24,2.41,50.66,1975.706,855.72,1756.632,64.15,245.588,2922.09,155134,8865,0,0,163999,03:00,00:20,00:00,04:50,00:00,08:10
fideicomiso ingenio atencingo,2012-2013,8,210160.0,207257.012,1394.615,23289.1,0.0,23289.1,0.0,0.0,0,6907.893,0.0,0.0,84.89,95.749,95.456,24.787,11.37,13.43,16.08,13.39,83.29,2.46,50.66,2902.988,1282.642,2543.271,91.036,348.265,4265.214,155134,25413,0,0,180547,06:00,00:55,00:00,06:10,00:00,13:05
fideicomiso ingenio atencingo,2012-2013,9,276970.0,273211.546,1849.98,31009.1,0.0,31009.1,0.0,0.0,0,9634.506,0.0,0.0,84.965,95.852,95.432,24.716,11.33,13.53,16.16,13.47,83.36,2.5,50.66,3758.454,1712.149,3354.551,118.804,450.177,5635.681,155134,49250,0,0,204384,12:40,01:40,00:00,06:10,00:00,20:30
fideicomiso ingenio atencingo,2012-2013,10,345980.0,341350.814,2387.94,39255.45,0.0,39255.45,0.0,0.0,0,12132.458,0.0,0.0,84.997,95.882,95.398,24.723,11.32,13.63,16.26,13.56,83.4,2.54,50.66,4629.186,2170.445,4204.503,147.166,553.847,7075.961,155134,49250,0,0,204384,16:15,02:55,00:00,06:40,00:00,25:50:00
fideicomiso ingenio atencingo,2012-2013,11,412312.0,406834.484,2899.71,47280.45,0.0,47280.45,0.0,0.0,0,14436.921,0.0,0.0,85.038,95.839,95.384,24.772,11.34,13.71,16.36,13.65,83.43,2.56,50.65,5477.516,2609.893,5022.722,172.986,653.564,8459.165,155134,59494,0,0,214628,29:35:00,03:10,00:00,06:40,00:00,39:25:00
fideicomiso ingenio atencingo,2012-2013,12,484122.0,477739.923,3428.46,55970.45,0.0,55970.45,0.0,0.0,0,16997.999,0.0,0.0,85.036,95.919,95.35,24.863,11.38,13.79,16.43,13.71,83.45,2.58,50.63,6382.077,3104.016,5911.311,212.537,760.91,9988.774,155134,59494,0,0,214628,32:50:00,03:20,00:00,06:40,00:00,42:50:00
fideicomiso ingenio atencingo,2012-2013,13,551027.0,543817.492,3949.78,64333.65,0.0,64333.65,0.0,0.0,0,19705.704,0.0,0.0,85.106,95.936,95.354,24.973,11.43,13.91,16.56,13.82,83.47,2.59,50.63,7209.508,3560.182,6746.608,246.995,860.277,11414.062,155134,71511,0,0,226645,37:05:00,09:25,00:00,06:45,00:00,53:15:00
fideicomiso ingenio atencingo,2012-2013,14,617332.0,609281.454,4473.47,72721.6,0.0,72721.6,0.0,0.0,0,22302.431,0.0,0.0,85.114,95.697,95.311,25.209,11.53,14.0,16.7,13.95,83.51,2.6,50.62,8050.546,4052.951,7576.54,278.931,959.112,12867.534,155134,91211,0,0,246345,43:50:00,18:30,00:00,06:45,00:00,69:05:00
fideicomiso ingenio atencingo,2012-2013,15,684602.0,675666.0,5027.53,81308.6,0.0,81308.6,0.0,0.0,0,24792.372,0.0,0.0,85.118,95.656,95.274,25.444,11.63,14.1,16.81,14.04,83.53,2.62,50.63,8936.0,4560.939,8428.091,312.265,1062.112,14363.407,155134,187700,0,0,342834,52:10:00,22:10,00:00,07:00,00:00,81:20:00
fideicomiso ingenio atencingo,2012-2013,16,751732.0,741905.354,5574.98,89879.2,0.0,89879.2,0.0,0.0,0,27339.267,0.0,0.0,85.114,95.528,95.24,25.667,11.733,14.192,16.93,14.15,83.57,2.63,50.63,9826.646,5078.012,9288.224,345.429,1169.03,15880.695,155134,218432,0,0,373566,61:60,22:30,00:00,07:25,00:00,91:55:00
fideicomiso ingenio atencingo,2012-2013,17,819787.0,809078.57,6108.43,98637.15,0.0,98637.15,0.0,0.0,0,29757.881,0.0,0.0,85.14,95.566,95.239,25.791,11.79,14.264,17.0,14.21,83.602,2.63,50.63,10708.43,5567.608,10157.481,378.322,1273.494,17376.905,155134,224342,0,0,379476,65:15:00,22:55,00:00,10:20,00:00,98:30:00
fideicomiso ingenio atencingo,2012-2013,18,888712.0,877104.903,6662.72,108033.5,0.0,108033.5,0.0,0.0,0,32557.152,0.0,0.0,85.187,95.62,95.231,25.945,11.859,14.354,17.09,14.3,83.651,2.64,50.64,11607.097,6083.226,11008.903,429.122,1375.17,18896.421,155134,224342,0,0,379476,68:35:00,23:50,00:00,10:35,00:00,102:15:00
fideicomiso ingenio atencingo,2012-2013,19,951567.0,939149.449,7165.57,116554.75,0.0,116554.75,0.0,0.0,0,34958.774,0.0,0.0,85.212,95.756,95.217,26.062,11.904,14.445,17.16,14.36,83.713,2.65,50.65,12417.551,6574.411,11800.511,481.857,1469.611,20326.39,155134,315097,0,0,470231,78:20:00,27:00:00,00:00,10:40,00:00,115:60
fideicomiso ingenio atencingo,2012-2013,20,1015672.0,1002421.701,7684.71,124797.75,0.0,124797.75,0.0,0.0,0,37370.397,0.0,0.0,85.205,95.908,95.203,26.147,11.938,14.505,17.19,14.4,83.763,2.66,50.66,13250.299,7066.467,12633.843,526.179,1570.01,21796.499,155134,411120,0,0,566254,88:03:00,27:20:00,00:00,11:25,00:00,127:15:00
fideicomiso ingenio atencingo,2012-2013,21,1083767.0,1069633.626,8239.08,133808.0,0.0,133808.0,0.0,0.0,0,39797.32,0.0,0.0,85.186,95.88,95.176,26.239,11.969,14.562,17.25,14.46,83.815,2.68,50.68,14133.374,7613.326,13519.147,577.639,1669.695,23379.807,155134,481753,0,0,636887,96:00:00,28:00:00,00:00,11:30,00:00,135:30:00
fideicomiso ingenio atencingo,2012-2013,22,1147032.0,1132079.781,8771.29,142577.45,0.0,142577.45,0.0,0.0,0,42434.068,0.0,0.0,85.184,95.895,95.153,26.361,12.017,14.625,17.31,14.51,83.856,2.69,50.7,14952.219,8130.548,14329.426,630.963,1762.703,24853.64,155134,488254,0,0,643388,111:00:00,29:15:00,00:00,11:40,00:00,151:55:00
fideicomiso ingenio atencingo,2012-2013,23,1213437.0,1197618.683,9327.24,151171.95,0.0,151171.95,0.0,0.0,0,45046.948,0.0,0.0,85.179,95.911,95.132,26.462,12.056,14.692,17.37,14.57,83.898,2.7,50.71,15818.317,8678.832,15182.237,696.645,1866.128,26423.842,155134,511709,0,0,666843,119:35:00,30:15:00,00:00,11:45,00:00,161:35:00
fideicomiso ingenio atencingo,2012-2013,24,1281447.0,1264745.023,9920.38,160247.95,0.0,160247.95,0.0,0.0,0,47788.411,0.0,0.0,85.173,95.938,95.122,26.513,12.073,14.748,17.42,14.62,83.933,2.71,50.72,16701.977,9218.323,16059.242,768.444,1975.97,28021.979,155134,519589,0,0,674723,123:55:00,32:05:00,00:00,12:10,00:00,168:10:00
fideicomiso ingenio atencingo,2012-2013,25,1341177.0,1323695.673,10456.45,168137.6,0.0,168137.6,0.0,0.0,0,50354.656,0.0,0.0,85.148,96.015,95.116,26.567,12.097,14.795,17.46,14.66,83.959,2.72,50.71,17481.327,9691.604,16860.625,823.959,2094.046,29470.234,155134,545531,0,0,700665,133:05:00,33:40:00,00:00,12:45,13:25,192:55:00
fideicomiso ingenio atencingo,2012-2013,26,1409612.0,1391262.627,11033.12,177331.8,0.0,177331.8,0.0,0.0,0,53408.725,0.0,0.0,85.14,96.057,95.101,26.668,12.145,14.842,17.5,14.69,83.987,2.73,50.7,18349.373,10249.884,17759.705,878.254,2202.518,31090.361,155134,545531,0,0,700665,136:30:00,33:55:00,00:00,14:05,13:25,197:55:00
fideicomiso ingenio atencingo,2012-2013,27,1474442.0,1455280.69,11616.03,186043.65,0.0,186043.65,0.0,0.0,0,55978.667,0.0,0.0,85.125,96.102,95.087,26.766,12.19,14.878,17.52,14.72,84.013,2.73,50.69,19161.31,10777.561,18614.771,933.634,2304.72,32630.686,155134,545531,0,0,700665,145:20:00,34:30:00,00:00,14:10,13:25,207:25:00
fideicomiso ingenio atencingo,2012-2013,28,1539567.0,1519581.653,12193.34,195026.95,0.0,195026.95,0.0,0.0,0,58835.812,0.0,0.0,85.119,96.23,95.076,26.861,12.236,14.913,17.53,14.73,84.036,2.73,50.68,19985.347,11306.268,19465.92,989.471,2404.589,34166.248,155134,545531,0,0,700665,152:20:00,35:05:00,00:00,14:25,13:25,215:15:00
fideicomiso ingenio atencingo,2012-2013,29,1605377.0,1584553.63,12800.27,203628.85,0.0,203628.85,0.0,0.0,0,61673.846,0.0,0.0,85.1,96.263,95.059,26.961,12.283,14.943,17.55,14.76,84.056,2.74,50.67,20823.37,11853.459,20339.353,1038.172,2513.428,35744.412,155134,545531,0,0,700665,162:00:00,35:35:00,00:00,14:30,13:25,225:30:00
fideicomiso ingenio atencingo,2012-2013,30,1670067.0,1648343.275,13395.55,211902.85,0.0,211902.85,0.0,0.0,0,64380.438,0.0,0.0,85.035,96.278,95.034,27.064,12.329,14.956,17.56,14.76,84.071,2.74,50.66,21723.725,12403.682,21230.821,1110.938,2631.734,37377.175,155134,545531,0,0,700665,168:50:00,37:50:00,00:00,15:20,19:50,239:35:00
fideicomiso ingenio atencingo,2012-2013,31,1737792.0,1715056.15,14059.13,220535.85,0.0,220535.85,0.0,0.0,0,67055.796,0.0,0.0,84.988,96.262,95.012,27.144,12.365,14.969,17.58,14.78,84.058,2.75,50.66,22735.85,12976.049,22152.796,1162.468,2760.346,39051.659,155134,545531,0,0,700665,173:10:00,39:15:00,00:00,15:45,19:50,247:15:00
fideicomiso ingenio atencingo,2012-2013,32,1799872.0,1775867.908,14658.87,228338.85,0.0,228338.85,0.0,0.0,0,69713.613,0.0,0.0,84.937,96.241,94.989,27.2,12.385,14.977,17.59,14.78,84.042,2.76,50.67,24004.092,13508.939,23004.216,1199.61,2892.797,40605.562,155134,545531,0,0,700665,188:55:00,39:25:00,00:00,16:15,19:05,263:40:00
fideicomiso ingenio atencingo,2012-2013,33,1863607.0,1839602.908,15544.0,236595.65,0.0,236595.65,0.0,0.0,0,72791.035,0.0,0.0,0.0,0.0,0.0,0.0,12.418,14.975,0.0,0.0,84.02,0.0,0.0,0.0,0.0,0.0,0.0,0.0,0.0,155134,545531,0,0,700665,200:15:00,04:40,00:00,16:20,19:05,276:20:00
fideicomiso ingenio atencingo,2012-2013,34,1887603.18,1861816.63,15615.55,240595.1,0.0,240595.1,0.0,0.0,0,74912.202,127.86205,129.633,84.758,96.231,94.945,27.302,12.427,14.973,17.584,14.773,84.011,2.772,50.67,25786.55,14286.377,24335.358,1253.969,3203.199,43078.903,155134,545531,46606,0,747271,203:35:00,40:45:00,00:00,16:50,23:20,284:30:00
ingenio azsuremex s.a. de c.v.,2012-2013,13,21704.0,21704.0,338.23,1720.2,0.0,1720.2,0.0,0.0,0,124.069,0.0,0.0,74.982,86.61,89.45,34.31,15.452,12.349,15.17,12.75,84.066,3.8,0.0,0.0,282.728,156.47,23.007,208.344,670.549,14250,40050,0,0,54300,22:05,00:30,37:00:00,06:20,00:00,65:55:00
ingenio azsuremex s.a. de c.v.,2012-2013,14,32081.94,32081.94,465.78,2861.35,0.0,2861.35,0.0,0.0,0,322.567,0.0,0.0,76.459,86.53,89.52,34.09,15.494,12.643,15.63,13.08,83.665,3.89,0.0,0.0,425.124,215.337,34.354,280.003,954.818,11929,65300,0,0,77229,35:15:00,00:30,73:45:00,07:45,15:20,132:35:00
ingenio azsuremex s.a. de c.v.,2012-2013,15,42095.09,42095.09,617.2,3990.05,0.0,3990.05,0.0,0.0,0,583.066,0.0,0.0,77.472,84.88,89.13,35.05,15.789,12.585,15.75,13.22,83.901,3.9,0.0,0.0,575.746,268.24,50.938,298.494,1193.418,11929,88250,0,0,100179,45:50:00,00:30,73:45:00,11:50,73:05:00,205:00:00
ingenio azsuremex s.a. de c.v.,2012-2013,16,51718.175,51718.175,757.14,4802.75,0.0,4802.75,0.0,0.0,0,634.351,0.0,0.0,77.515,84.82,89.05,35.18,15.8,12.659,15.82,13.29,84.015,3.94,0.0,0.0,716.729,344.043,67.075,344.226,1472.073,11929,116000,0,0,127929,75:40:00,00:30,73:45:00,11:50,121:00:00,281:10:00
ingenio azsuremex s.a. de c.v.,2012-2013,17,60078.115,60078.115,871.59,5750.05,0.0,5750.05,0.0,0.0,0,841.66,0.0,0.0,77.833,84.53,89.1,35.24,15.783,12.557,15.77,13.24,83.92,3.88,0.0,0.0,822.066,391.299,79.771,379.074,1672.21,11929,135750,0,0,147679,102:55:00,00:30,73:45:00,11:50,186:40:00,374:55:00
ingenio azsuremex s.a. de c.v.,2012-2013,18,69031.375,69031.375,1073.84,6717.501,0.0,6717.501,0.0,0.0,0,1051.333,0.0,0.0,78.382,84.24,88.97,35.62,15.719,12.511,15.73,13.21,84.016,3.87,0.0,0.0,952.502,422.296,91.616,400.672,1867.087,11929,176000,0,0,187929,127:55:00,00:30,73:45:00,11:20,247:50:00,460:35:00
ingenio azsuremex s.a. de c.v.,2012-2013,19,77984.74,77984.74,1229.69,7537.401,0.0,7537.401,0.0,0.0,0,1128.152,0.0,0.0,78.715,84.01,88.85,35.78,15.658,12.501,15.73,13.22,84.03,3.9,0.0,0.0,1087.272,468.675,104.143,415.016,2075.106,11929,192750,0,0,204679,132:00:00,00:30,73:45:00,20:10,321:15:00,547:40:00
ingenio azsuremex s.a. de c.v.,2012-2013,20,91634.74,91634.74,1439.89,9049.701,0.0,9049.701,0.0,0.0,0,1387.907,0.0,0.0,79.187,83.96,88.61,36.11,15.655,12.543,15.7,13.24,84.294,3.95,0.0,0.0,1308.687,537.966,126.985,418.608,2392.246,11929,193750,0,0,205679,156:40:00,00:30,73:45:00,39:00:00,321:15:00,591:10:00
ingenio azsuremex s.a. de c.v.,2012-2013,21,105534.74,105534.74,1706.29,10442.851,0.0,10442.851,0.0,0.0,0,1591.249,0.0,0.0,79.583,83.89,88.51,36.35,15.629,12.499,15.62,13.19,84.428,3.95,0.0,0.0,1515.234,612.628,142.255,423.067,2693.184,11929,193750,0,0,205679,193:20:00,00:30,73:45:00,39:05:00,321:15:00,627:55:00
ingenio azsuremex s.a. de c.v.,2012-2013,22,118264.525,118264.525,1945.83,11609.301,0.0,11609.301,0.0,0.0,0,1859.912,0.0,0.0,79.674,83.74,88.4,36.57,15.604,12.365,15.54,13.05,83.975,3.92,0.0,0.0,1695.611,694.981,155.044,426.623,2972.259,11929,193750,0,0,205679,239:30:00,00:30,73:45:00,39:05:00,327:30:00,680:20:00
ingenio azsuremex s.a. de c.v.,2012-2013,23,130264.525,130264.525,2191.7,12747.601,0.0,12747.601,0.0,0.0,0,2095.551,0.0,0.0,79.722,83.61,88.29,36.8,15.72,12.307,15.47,13.0,84.008,3.91,0.0,0.0,1876.62,777.183,165.094,431.979,3250.876,11929,193750,0,0,205679,286:25:00,00:30,73:45:00,51:25:00,327:30:00,739:35:00
ingenio azsuremex s.a. de c.v.,2012-2013,24,139421.015,139421.015,2362.75,13821.651,0.0,13821.651,0.0,0.0,0,2303.619,0.0,0.0,79.911,83.94,88.47,36.54,15.665,12.385,15.54,13.05,84.005,3.91,0.0,0.0,1990.417,837.879,173.118,467.349,3468.763,11929,193750,0,0,205679,329:05:00,00:30,73:45:00,64:45:00,357:10:00,825:15:00
ingenio azsuremex s.a. de c.v.,2012-2013,25,151244.165,151244.165,2604.25,15169.951,0.0,15169.951,0.0,0.0,0,2598.099,0.0,0.0,80.234,84.14,88.66,36.4,15.68,12.426,15.64,13.09,83.693,3.87,0.0,0.0,2131.852,917.63,184.129,481.138,3714.749,11929,193750,0,0,205679,376:60,00:30,78:15:00,72:50:00,357:10:00,885:45:00
ingenio azsuremex s.a. de c.v.,2012-2013,26,151244.165,151244.165,2604.25,15169.951,0.0,15169.951,0.0,0.0,0,2598.099,0.0,0.0,80.234,84.14,88.66,36.4,15.68,12.426,15.64,13.09,83.693,3.87,0.0,0.0,2131.852,917.63,184.129,481.138,3714.749,11929,193750,0,0,205679,376:60,00:30,246:15:00,72:50:00,357:10:00,1053:45:00
ingenio azsuremex s.a. de c.v.,2012-2013,27,162344.165,162344.165,2867.5,16018.501,0.0,16018.501,0.0,0.0,0,2656.896,0.0,0.0,80.248,84.06,88.64,36.51,15.768,12.365,15.64,13.04,83.349,3.85,0.0,0.0,2280.914,995.919,193.396,494.633,3964.862,11929,193750,0,0,205679,409:45:00,00:30,278:10:00,72:55:00,357:10:00,1118:30:00
ingenio azsuremex s.a. de c.v.,2012-2013,28,174744.165,0.0,0.0,17311.051,0.0,17311.051,0.0,0.0,0,2914.698,0.0,0.0,80.387,84.15,88.75,36.46,15.817,12.341,15.71,13.01,82.858,3.81,0.0,0.0,2427.229,1077.065,204.847,520.69,4229.831,11929,193750,0,0,205679,462:55:00,00:30,278:10:00,74:45:00,357:10:00,1173:30:00
ingenio azsuremex s.a. de c.v.,2012-2013,29,186344.165,186344.165,3262.271,18496.001,0.0,18496.001,0.0,0.0,0,0.0,0.0,0.0,0.0,0.0,0.0,0.0,15.983,12.253,0.0,0.0,82.388,0.0,0.0,0.0,0.0,0.0,0.0,0.0,0.0,0,0,0,0,0,00:00,00:00,00:00,00:00,00:00,00:00
ingenio azsuremex s.a. de c.v.,2012-2013,30,194610.445,194610.445,3615.11,19331.3,0.0,19331.3,0.0,0.0,0,3387.201,101.005878,101.006,80.585,83.938,88.827,36.646,15.983,12.253,15.738,12.966,82.388,3.736,51.624,0.0,2664.129,1199.496,219.917,545.96,4629.501,11929,205250,18359,0,235538,535:25:00,00:30,278:10:00,85:40:00,357:10:00,1256:55:00
cia azucarera ingenio bellavista s.a de c.v.,2012-2013,10,28852.0,28275.102,360.1,2367.0,0.0,2367.0,0.0,0.0,0,930.466,0.0,0.0,79.962,97.976,93.926,27.637,11.923,12.85,15.498,12.316,79.468,2.823,53.047,576.898,225.132,417.442,21.003,79.153,742.73,0,0,0,0,0,04:05,01:25,00:00,00:00,00:00,05:30
cia azucarera ingenio bellavista s.a de c.v.,2012-2013,11,53592.0,52289.605,669.3,4898.5,0.0,4898.5,0.0,0.0,0,2035.965,0.0,0.0,80.541,99.182,94.049,26.832,11.603,12.77,15.289,12.107,79.188,2.832,52.934,1302.395,407.174,745.896,38.116,140.212,1331.398,0,0,0,0,0,26:50:00,06:20,00:00,00:00,00:00,33:10:00
cia azucarera ingenio bellavista s.a de c.v.,2012-2013,12,80309.0,78367.628,940.95,7734.15,0.0,7734.15,0.0,0.0,0,3180.484,0.0,0.0,81.223,99.358,94.397,26.2,11.328,12.88,15.396,12.233,79.456,2.754,53.046,1941.372,579.405,1094.003,56.796,211.425,1941.629,0,0,0,0,0,33:50:00,09:30,00:00,06:40,00:00,50:00:00
cia azucarera ingenio bellavista s.a de c.v.,2012-2013,13,107214.0,104644.64,1182.11,10726.85,0.0,10726.85,0.0,0.0,0,4407.414,0.0,0.0,81.763,98.879,94.616,25.876,11.219,12.98,15.566,12.42,79.789,2.701,52.988,2569.36,749.299,1430.254,76.226,282.174,2537.953,0,0,0,0,0,51:10:00,10:25,00:00,06:45,00:00,68:20:00
cia azucarera ingenio bellavista s.a de c.v.,2012-2013,14,114586.74,111837.198,1280.53,11713.8,0.0,11713.8,0.0,0.0,0,4794.238,0.0,0.0,81.827,99.034,94.675,25.769,11.188,12.97,15.543,12.399,79.772,2.68,52.952,2749.542,791.446,1525.779,82.502,301.191,2700.918,0,0,0,0,0,60:20:00,10:45,00:00,06:50,116:00:00,193:55:00
cia azucarera ingenio bellavista s.a de c.v.,2012-2013,15,130987.0,127831.916,1514.68,13287.9,0.0,13287.9,0.0,0.0,0,5514.713,0.0,0.0,82.013,98.839,94.791,25.841,11.266,13.0,15.588,12.469,79.991,2.621,52.845,3155.084,887.201,1730.228,93.969,351.939,3063.337,0,0,0,0,0,62:00:00,10:45,00:00,07:00,193:40:00,273:25:00
cia azucarera ingenio bellavista s.a de c.v.,2012-2013,16,161942.0,158157.007,1899.81,16926.8,0.0,16926.8,0.0,0.0,0,6813.304,0.0,0.0,82.437,98.866,95.001,25.95,11.404,13.118,15.641,12.605,80.589,2.527,52.628,3784.993,1061.949,2119.093,112.404,437.6,3731.046,0,0,0,0,0,63:25:00,11:30,00:00,07:05,193:40:00,275:40:00
cia azucarera ingenio bellavista s.a de c.v.,2012-2013,17,190872.0,186430.008,2215.93,20236.7,0.0,20236.7,0.0,0.0,0,7882.693,0.0,0.0,82.683,98.85,95.118,25.927,11.466,13.193,15.682,12.695,80.953,2.484,52.407,4441.992,1229.406,2489.543,129.64,512.342,4360.931,0,0,0,0,0,76:45:00,11:30,00:00,08:05,193:40:00,290:00:00
cia azucarera ingenio bellavista s.a de c.v.,2012-2013,18,219390.0,214158.074,2511.63,23725.0,0.0,23725.0,0.0,0.0,0,8965.75,0.0,0.0,82.904,98.907,95.204,25.967,11.512,13.31,15.745,12.811,81.366,2.458,52.344,5231.926,1400.351,2849.213,146.409,595.934,4991.907,0,0,0,0,0,93:00:00,13:05,00:00,08:05,193:40:00,307:50:00
cia azucarera ingenio bellavista s.a de c.v.,2012-2013,19,247060.0,241022.899,2815.37,27095.85,0.0,27095.85,0.0,0.0,0,9969.513,0.0,0.0,83.133,98.985,95.287,25.999,11.553,13.444,15.842,12.941,81.688,2.437,52.276,6037.101,1565.489,3200.333,161.989,674.353,5602.164,0,0,0,0,0,112:25:00,15:10,00:00,08:05,193:40:00,329:20:00
cia azucarera ingenio bellavista s.a de c.v.,2012-2013,20,275220.0,268391.044,3126.08,30637.25,0.0,30637.25,0.0,0.0,0,11031.12,0.0,0.0,83.282,99.064,95.338,26.042,11.601,13.599,15.956,13.088,82.026,2.434,52.182,6828.956,1744.764,3553.518,184.643,774.237,6257.162,0,0,0,0,0,129:15:00,15:10,00:00,09:50,193:40:00,347:55:00
cia azucarera ingenio bellavista s.a de c.v.,2012-2013,21,303390.0,295806.974,3433.58,34220.0,0.0,34220.0,0.0,0.0,0,12088.169,0.0,0.0,83.392,99.284,95.403,26.046,11.644,13.745,16.056,13.208,82.262,2.426,52.027,7583.026,1917.093,3926.352,207.581,874.819,6925.845,0,0,0,0,0,144:20:00,15:15,00:00,09:50,193:40:00,363:05:00
cia azucarera ingenio bellavista s.a de c.v.,2012-2013,22,329935.0,321705.007,3722.31,37830.0,0.0,37830.0,0.0,0.0,0,13264.021,0.0,0.0,83.542,99.528,95.482,26.045,11.69,13.859,16.136,13.296,82.4,2.404,51.878,8229.993,2065.964,4277.794,228.382,953.368,7525.508,0,0,0,0,0,166:00:00,17:15,00:00,09:50,193:40:00,386:45:00
cia azucarera ingenio bellavista s.a de c.v.,2012-2013,23,359480.0,350479.59,4046.85,41741.25,0.0,41741.25,0.0,0.0,0,14511.009,0.0,0.0,83.737,99.789,95.558,26.063,11.745,13.982,16.214,13.389,82.577,2.383,51.725,9000.41,2232.447,4653.496,251.489,1036.734,8174.166,0,0,0,0,0,173:15:00,18:25,00:00,11:20,193:40:00,396:40:00
cia azucarera ingenio bellavista s.a de c.v.,2012-2013,24,387960.0,378224.664,4360.37,45550.0,0.0,45550.0,0.0,0.0,0,15627.315,0.0,0.0,83.898,100.094,95.625,26.05,11.775,14.099,16.28,13.469,82.733,2.368,51.605,9735.336,2393.234,5012.125,274.799,1127.217,8807.375,0,0,0,0,0,185:35:00,19:35,00:00,11:20,193:40:00,410:10:00
cia azucarera ingenio bellavista s.a de c.v.,2012-2013,25,416455.0,406022.926,4674.32,49314.2,0.0,49314.2,0.0,0.0,0,16786.765,0.0,0.0,83.982,100.501,95.656,26.057,11.799,14.225,16.338,13.539,82.868,2.371,51.521,10432.074,2573.126,5384.293,298.786,1233.219,9489.424,0,0,0,0,0,194:50:00,20:40,00:00,11:20,193:40:00,420:30:00
cia azucarera ingenio bellavista s.a de c.v.,2012-2013,26,442225.0,431138.201,4959.64,52842.9,0.0,52842.9,0.0,0.0,0,17972.104,0.0,0.0,84.026,100.93,95.681,26.082,11.827,14.318,16.363,13.574,82.955,2.371,51.453,11086.799,2734.49,5736.674,320.345,1322.875,10114.384,0,0,0,0,0,206:40:00,21:15,00:00,18:50,193:40:00,440:25:00
cia azucarera ingenio bellavista s.a de c.v.,2012-2013,27,469220.0,457454.025,5257.2,56584.2,0.0,56584.2,0.0,0.0,0,19176.884,0.0,0.0,84.051,101.345,95.703,26.117,11.859,14.425,16.397,13.622,83.076,2.374,51.386,11765.975,2908.716,6125.483,343.095,1418.027,10795.321,0,0,0,0,0,221:00:00,21:20,00:00,18:55,193:40:00,454:55:00
cia azucarera ingenio bellavista s.a de c.v.,2012-2013,28,496245.0,483805.09,5563.59,60229.2,0.0,60229.2,0.0,0.0,0,20427.979,0.0,0.0,84.049,101.747,95.726,26.18,11.893,14.514,16.421,13.655,83.156,2.37,51.363,12439.91,3078.708,6526.07,365.916,1518.326,11489.02,0,0,0,0,0,235:35:00,21:30,00:00,18:55,193:40:00,469:40:00
cia azucarera ingenio bellavista s.a de c.v.,2012-2013,29,523585.0,510430.221,5947.83,63888.4,0.0,63888.4,0.0,0.0,0,21560.12,0.0,0.0,84.037,102.156,95.746,26.229,11.928,14.599,16.445,13.683,83.205,2.368,51.313,13154.779,3251.706,6936.137,389.346,1624.837,12202.026,0,0,0,0,0,246:15:00,21:55,00:00,19:55,193:40:00,481:45:00
cia azucarera ingenio bellavista s.a de c.v.,2012-2013,30,550745.0,536869.55,6315.92,67623.35,0.0,67623.35,0.0,0.0,0,22723.074,0.0,0.0,84.038,102.505,95.778,26.281,11.958,14.673,16.471,13.71,83.237,2.357,51.301,13875.45,3411.447,7329.734,413.601,1744.302,12899.084,0,0,0,0,0,255:25:00,24:10:00,00:00,19:55,193:40:00,493:10:00
cia azucarera ingenio bellavista s.a de c.v.,2012-2013,31,575510.0,560970.324,6717.27,71022.3,0.0,71022.3,0.0,0.0,0,23906.916,0.0,0.0,83.999,102.917,95.773,26.358,11.991,14.735,16.477,13.713,83.225,2.363,51.303,14539.676,3584.977,7696.671,436.097,1852.063,13569.808,0,0,0,0,0,270:15:00,25:10:00,00:00,20:00,193:40:00,509:05:00
cia azucarera ingenio bellavista s.a de c.v.,2012-2013,32,600450.0,585276.083,7005.86,74319.65,0.0,74319.65,0.0,0.0,0,25035.757,0.0,0.0,83.971,103.244,95.77,26.448,12.042,14.772,16.477,13.702,83.158,2.363,51.262,15173.917,3752.093,8060.566,457.651,1946.571,14216.881,0,0,0,0,0,287:15:00,25:45:00,00:00,20:10,193:40:00,526:50:00
cia azucarera ingenio bellavista s.a de c.v.,2012-2013,33,612189.458,596810.755,7159.45,76324.25,0.0,76324.25,0.0,0.0,0,26048.614,125.942099,129.187,83.9,103.318,95.764,26.494,12.068,14.79,16.483,13.709,83.171,2.365,51.239,15378.703,3835.03,8281.977,471.186,1989.281,14577.474,0,0,0,0,0,297:25:00,26:00:00,00:00,34:15:00,193:40:00,551:20:00
ingenio calipam s.a. de c.v.,2012-2013,12,19910.0,19670.42,192.25,1591.9,0.0,1591.9,0.0,0.0,0,507.234,0.0,0.0,74.96,87.336,90.096,31.033,13.17,12.59,16.1,12.99,80.68,4.02,52.16,239.58,248.237,244.938,25.037,109.389,627.601,37833,270576,0,0,308409,39:15:00,02:30,00:00,00:05,00:00,41:50:00
ingenio calipam s.a. de c.v.,2012-2013,13,28490.0,28165.714,280.95,2344.7,0.0,2344.7,0.0,0.0,0,802.737,0.0,0.0,75.5,88.449,90.776,30.056,12.87,12.68,16.26,13.02,80.04,3.89,51.92,324.286,333.28,362.936,36.718,152.285,885.219,37833,369053,0,0,406886,81:50:00,02:55,46:60,00:05,00:00,131:50:00
ingenio calipam s.a. de c.v.,2012-2013,14,37540.0,37121.691,364.75,3257.7,0.0,3257.7,0.0,0.0,0,1098.979,0.0,0.0,75.898,89.984,91.006,30.41,13.1,12.88,16.42,13.03,79.34,3.81,51.76,418.309,434.887,499.751,48.375,182.335,1165.348,37833,432877,0,0,470710,106:25:00,27:10:00,84:30:00,00:05,00:00,218:10:00
ingenio calipam s.a. de c.v.,2012-2013,15,51640.0,51076.595,487.2,4697.1,0.0,4697.1,0.0,0.0,0,1570.691,0.0,0.0,77.221,91.98,91.821,29.656,12.87,13.24,16.6,13.22,79.62,3.65,51.64,563.405,559.125,686.656,68.417,243.084,1557.282,37833,531218,0,0,569051,142:45:00,29:20:00,84:30:00,00:20,00:00,256:55:00
ingenio calipam s.a. de c.v.,2012-2013,16,64740.0,64039.579,604.3,6109.7,0.0,6109.7,0.0,0.0,0,2003.24,0.0,0.0,77.668,92.667,91.978,29.635,12.896,13.275,16.7,13.18,78.9,3.59,51.56,700.421,689.42,861.91,85.922,282.047,1919.299,37833,639808,0,0,677641,192:40:00,30:45:00,84:30:00,00:20,00:00,308:15:00
ingenio calipam s.a. de c.v.,2012-2013,17,75190.0,74380.901,708.95,7165.3,0.0,7165.3,0.0,0.0,0,2254.276,0.0,0.0,77.71,93.017,92.047,29.696,12.953,13.326,16.77,13.19,78.642,3.57,51.47,809.099,796.902,1015.639,98.391,322.52,2233.452,37833,725819,0,0,763652,265:30:00,31:40:00,84:30:00,00:20,00:00,382:00:00
ingenio calipam s.a. de c.v.,2012-2013,18,86740.0,85810.93,808.1,8395.85,0.0,8395.85,0.0,0.0,0,2630.961,0.0,0.0,77.964,93.342,91.924,29.822,13.011,13.314,16.74,13.11,78.318,3.6,51.39,929.07,932.66,1145.647,115.975,350.555,2544.837,37833,818757,0,0,856590,323:15:00,32:25:00,84:30:00,00:20,00:00,440:30:00
ingenio calipam s.a. de c.v.,2012-2013,19,92190.0,91201.846,870.2,8893.2,0.0,8893.2,0.0,0.0,0,2805.977,0.0,0.0,77.789,93.301,91.899,29.917,13.069,13.316,16.79,13.12,78.12,3.6,51.33,988.154,994.381,1218.682,126.359,387.047,2726.469,37833,868577,0,0,906410,361:25:00,112:45:00,84:30:00,00:20,00:00,559:00:00
ingenio calipam s.a. de c.v.,2012-2013,20,100040.0,98976.145,944.45,9718.75,0.0,9718.75,0.0,0.0,0,3079.406,0.0,0.0,78.195,93.135,91.895,29.883,13.079,13.28,16.8,13.1,77.982,3.6,51.23,1063.855,1076.752,1277.698,137.776,404.733,2896.959,37833,968166,0,0,1005999,456:35:00,112:55:00,84:30:00,00:20,00:00,654:20:00
ingenio calipam s.a. de c.v.,2012-2013,21,112490.0,111304.398,1070.35,10983.3,0.0,10983.3,0.0,0.0,0,3494.52,0.0,0.0,78.186,93.594,92.033,29.687,13.015,13.277,16.75,13.06,77.933,3.56,51.21,1185.602,1189.904,1445.278,157.678,465.076,3257.936,37833,1078695,0,0,1116528,502:20:00,112:60,84:30:00,00:35,00:00,700:25:00
ingenio calipam s.a. de c.v.,2012-2013,22,124840.0,123519.067,1206.9,12266.1,0.0,12266.1,0.0,0.0,0,3943.28,0.0,0.0,77.906,93.486,91.759,29.872,13.08,13.282,16.72,13.04,77.966,3.66,51.11,1320.933,1366.462,1587.732,177.139,532.208,3663.541,37833,1149290,0,0,1187123,548:20:00,112:60,84:30:00,00:35,00:00,746:25:00
ingenio calipam s.a. de c.v.,2012-2013,23,137690.0,136245.446,1332.8,13558.05,0.0,13558.05,0.0,0.0,0,4408.522,0.0,0.0,77.667,93.583,91.52,30.134,13.172,13.288,16.66,12.99,77.986,3.74,51.07,1444.554,1551.449,1740.733,195.819,597.99,4085.991,37833,1214641,0,0,1252474,590:30:00,112:60,84:30:00,00:55,00:00,788:55:00
ingenio calipam s.a. de c.v.,2012-2013,24,149040.0,147474.396,1458.8,14752.85,0.0,14752.85,0.0,0.0,0,5052.043,0.0,0.0,77.527,93.685,91.34,30.241,13.192,13.297,16.61,12.96,78.053,3.81,51.06,1565.604,1716.291,1887.715,212.719,636.828,4453.553,37833,1294176,0,0,1332009,643:05:00,114:45:00,84:30:00,00:55,00:00,843:15:00
ingenio calipam s.a. de c.v.,2012-2013,25,159290.0,157620.294,1564.2,15850.45,0.0,15850.45,0.0,0.0,0,5403.647,0.0,0.0,77.651,93.366,91.102,30.499,13.275,13.268,16.57,12.95,78.126,3.87,51.06,1669.706,1880.488,1965.723,227.841,649.285,4723.337,37833,1302056,0,0,1339889,699:15:00,114:55:00,92:45:00,00:55,00:00,907:50:00
ingenio calipam s.a. de c.v.,2012-2013,26,165890.0,164158.354,1638.2,16519.95,0.0,16519.95,0.0,0.0,0,5630.365,0.0,0.0,77.683,93.058,90.906,30.712,13.346,13.242,16.55,12.94,78.165,3.92,51.06,1731.646,1997.721,2017.039,237.653,649.945,4902.358,37833,1310999,0,0,1348832,745:20:00,116:15:00,144:00:00,00:55,00:00,1006:30:00
ingenio calipam s.a. de c.v.,2012-2013,27,176290.0,174450.813,1747.25,17584.35,0.0,17584.35,0.0,0.0,0,6002.686,0.0,0.0,77.683,92.741,90.679,30.986,13.453,13.199,16.5,12.91,78.217,3.97,51.02,1839.187,2168.944,2116.233,252.928,654.73,5192.835,37833,1337861,0,0,1375694,775:50:00,116:15:00,168:00:00,00:55,00:00,1060:60
ingenio calipam s.a. de c.v.,2012-2013,28,185940.0,184000.543,1868.9,18594.2,0.0,18594.2,0.0,0.0,0,6483.954,0.0,0.0,77.375,92.173,90.439,31.255,13.558,13.14,16.47,12.89,78.265,4.02,50.98,1939.457,2336.13,2249.152,268.188,674.608,5528.078,37833,1356342,0,0,1394175,831:25:00,117:30:00,168:00:00,01:10,00:00,1118:05:00
ingenio calipam s.a. de c.v.,2012-2013,29,198271.925,196215.833,1930.45,19828.0,0.0,19828.0,0.0,0.0,0,0.0,0.0,0.0,0.0,0.0,0.0,0.0,15.121,13.068,0.0,0.0,78.292,0.0,0.0,0.0,0.0,0.0,0.0,0.0,0.0,0,0,0,0,0,00:00,00:00,00:00,00:00,00:00,00:00
ingenio calipam s.a. de c.v.,2012-2013,30,198272.225,196215.833,1983.8,19866.85,0.0,19866.85,0.0,0.0,0,7307.495,105.397639,106.502,77.171,91.397,89.999,31.717,15.121,13.068,16.436,12.868,78.292,4.121,50.92,2056.392,2591.442,2358.807,288.567,676.255,5915.071,37833,1381693,24259,0,1443785,922:45:00,118:25:00,168:00:00,01:10,00:00,1210:20:00
fideicomiso ingenio casasano,2012-2013,7,33383.77,33383.77,266.87,3610.5,0.0,3610.5,0.0,0.0,0,837.992,0.0,0.0,86.308,102.159,96.115,26.75,13.25,13.77,15.65,12.95,82.73,2.0,47.69,0.0,178.518,358.537,22.316,69.822,629.193,95380,172786,0,0,268166,14:50,05:20,00:00,00:00,00:00,20:10
fideicomiso ingenio casasano,2012-2013,8,56936.94,56936.94,447.37,6513.5,0.0,6513.5,0.0,0.0,0,1734.813,0.0,0.0,86.678,103.06,96.233,26.65,13.23,13.89,15.66,12.97,82.81,1.96,47.58,0.0,297.847,609.399,33.302,112.703,1053.251,95380,288660,0,0,384040,18:50,07:05,00:00,00:00,00:00,25:55:00
fideicomiso ingenio casasano,2012-2013,9,80455.55,80455.55,636.44,9503.65,0.0,9503.65,0.0,0.0,0,2610.914,0.0,0.0,86.992,103.015,96.345,26.293,13.11,13.96,15.75,13.05,82.87,1.94,47.41,0.0,410.441,853.577,43.932,152.923,1460.873,95380,390120,0,0,485500,23:05,07:05,00:00,00:15,00:00,30:25:00
fideicomiso ingenio casasano,2012-2013,10,103790.29,103790.29,812.19,12541.8,0.0,12541.8,0.0,0.0,0,3500.892,0.0,0.0,87.106,102.969,96.402,26.049,13.02,14.12,15.91,13.22,83.08,1.95,47.29,0.0,527.406,1112.189,57.281,193.108,1889.984,95380,513588,0,0,608968,27:45:00,07:15,00:00,00:15,00:00,35:15:00
fideicomiso ingenio casasano,2012-2013,11,126259.36,126259.36,988.21,15370.65,0.0,15370.65,0.0,0.0,0,4363.567,0.0,0.0,87.14,102.818,96.478,25.883,12.99,14.17,16.0,13.3,83.11,1.93,47.12,0.0,630.385,1369.779,68.732,232.623,2301.519,95380,681860,0,0,777240,37:05:00,07:55,00:00,00:20,00:00,45:20:00
fideicomiso ingenio casasano,2012-2013,12,148547.495,148547.495,1176.82,18339.65,0.0,18339.65,0.0,0.0,0,5179.827,0.0,0.0,87.108,102.758,96.373,25.867,12.98,14.31,16.12,13.42,83.24,2.01,47.04,0.0,770.865,1616.595,81.565,270.83,2739.855,95380,746790,0,0,842170,45:30:00,08:40,00:00,00:20,00:00,54:30:00
fideicomiso ingenio casasano,2012-2013,13,171618.255,171618.255,1372.57,21362.65,0.0,21362.65,0.0,0.0,0,6099.175,0.0,0.0,87.167,102.559,96.41,25.89,12.95,14.39,16.23,13.53,83.34,2.0,47.22,0.0,886.562,1878.825,94.529,309.486,3169.402,95380,847521,0,0,942901,51:40:00,09:40,00:00,00:20,00:00,61:40:00
fideicomiso ingenio casasano,2012-2013,14,194016.775,194016.775,1548.18,24342.65,0.0,24342.65,0.0,0.0,0,6893.77,0.0,0.0,87.28,102.558,96.43,25.887,12.9,14.48,16.31,13.62,83.47,2.0,47.38,0.0,1003.051,2116.437,107.236,347.221,3573.945,95380,963295,0,0,1058675,58:40:00,10:55,00:00,00:20,00:00,69:55:00
fideicomiso ingenio casasano,2012-2013,15,215190.225,215190.225,1717.88,27196.65,0.0,27196.65,0.0,0.0,0,7605.283,0.0,0.0,87.347,102.678,96.482,25.815,12.9,14.57,16.38,13.69,83.58,1.99,47.29,0.0,1102.953,2358.137,119.494,386.6,3967.184,95380,1084218,0,0,1179598,66:40:00,13:15,00:00,00:20,00:00,80:15:00
fideicomiso ingenio casasano,2012-2013,16,237984.415,237984.415,1901.38,30379.65,0.0,30379.65,0.0,0.0,0,8337.364,0.0,0.0,87.503,102.693,96.561,25.695,12.874,14.639,16.45,13.77,83.691,1.96,47.17,0.0,1198.157,2596.316,132.583,426.912,4353.968,95380,1171621,0,0,1267001,72:15:00,14:35,00:00,00:20,00:00,87:10:00
fideicomiso ingenio casasano,2012-2013,17,261162.785,261162.785,2086.55,33587.65,0.0,33587.65,0.0,0.0,0,8973.821,0.0,0.0,87.662,102.789,96.61,25.576,12.88,14.719,16.5,13.84,83.82,1.95,46.92,0.0,1303.129,2826.476,143.902,469.532,4743.039,95380,1246553,0,0,1341933,79:00:00,15:05,00:00,00:20,00:00,94:25:00
fideicomiso ingenio casasano,2012-2013,18,275814.845,275814.845,2208.1,35826.95,0.0,35826.95,0.0,0.0,0,9577.753,0.0,0.0,87.734,102.883,96.638,25.536,12.905,14.773,16.54,13.88,83.879,1.95,46.76,0.0,1369.742,2978.562,153.719,496.03,4998.053,95380,1379460,0,0,1474840,83:30:00,15:45,00:00,61:50:00,00:00,161:50:00
fideicomiso ingenio casasano,2012-2013,19,299368.245,299368.245,2389.06,38981.65,0.0,38981.65,0.0,0.0,0,10122.063,0.0,0.0,87.848,102.955,96.674,25.468,12.931,14.856,16.6,13.95,84.016,1.94,46.54,0.0,1479.281,3219.943,167.398,537.782,5404.404,95380,1484231,0,0,1579611,86:30:00,17:25,00:00,61:50:00,00:00,165:45:00
fideicomiso ingenio casasano,2012-2013,20,322134.445,322134.445,2572.21,42253.65,0.0,42253.65,0.0,0.0,0,10927.574,0.0,0.0,87.943,103.058,96.694,25.392,12.94,14.932,16.65,14.01,84.126,1.94,46.35,0.0,1590.411,3452.339,181.348,575.123,5799.221,95380,1600444,0,0,1695824,94:60,18:45,00:00,61:55:00,00:00,175:40:00
fideicomiso ingenio casasano,2012-2013,21,345943.665,345943.665,2766.24,45727.65,0.0,45727.65,0.0,0.0,0,11733.525,0.0,0.0,88.037,103.144,96.719,25.35,12.956,15.03,16.73,14.09,84.25,1.95,46.21,0.0,1705.83,3703.216,195.352,615.807,6220.205,95380,1645581,0,0,1740961,97:35:00,18:55,00:00,61:55:00,00:00,178:25:00
fideicomiso ingenio casasano,2012-2013,22,369907.155,369907.155,2963.08,49189.65,0.0,49189.65,0.0,0.0,0,12552.356,0.0,0.0,88.088,103.109,96.73,25.341,12.98,15.12,16.81,14.18,84.35,1.95,46.1,0.0,1828.845,3965.977,208.807,657.268,6660.897,95380,1663515,0,0,1758895,99:15:00,19:25,00:00,61:55:00,00:00,180:35:00
fideicomiso ingenio casasano,2012-2013,23,392764.965,392764.965,3161.91,52555.65,0.0,52555.65,0.0,0.0,0,13295.144,0.0,0.0,88.162,103.035,96.753,25.335,12.996,15.191,16.89,14.26,84.441,1.95,46.03,0.0,1937.543,4206.221,221.963,696.973,7062.7,95380,1713694,0,0,1809074,106:10:00,20:30,00:00,61:55:00,00:00,188:35:00
fideicomiso ingenio casasano,2012-2013,24,414580.745,414580.745,3330.29,55729.65,0.0,55729.65,0.0,0.0,0,14048.602,0.0,0.0,88.154,102.848,96.741,25.338,13.011,15.251,16.98,14.35,84.501,1.96,45.97,0.0,2060.375,4457.409,236.161,735.755,7489.7,95380,1769450,0,0,1864830,112:50:00,23:10,00:00,62:10:00,00:30,198:40:00
fideicomiso ingenio casasano,2012-2013,25,433172.505,433172.505,3484.65,58495.65,0.0,58495.65,0.0,0.0,0,14588.862,0.0,0.0,88.186,102.762,96.749,25.346,13.029,15.297,17.03,14.4,84.557,1.96,45.92,0.0,2154.496,4656.44,247.771,769.389,7828.096,95380,1791951,0,0,1887331,113:05:00,24:20:00,00:00,62:10:00,36:30:00,236:05:00
fideicomiso ingenio casasano,2012-2013,26,456420.875,456420.875,3680.73,61905.65,0.0,61905.65,0.0,0.0,0,15324.746,0.0,0.0,88.238,102.717,96.754,25.366,13.05,15.367,17.1,14.47,84.646,1.97,45.87,0.0,2276.605,4902.162,262.037,808.56,8249.364,95380,1793171,0,0,1888551,115:10:00,25:15:00,00:00,62:10:00,36:30:00,239:05:00
fideicomiso ingenio casasano,2012-2013,27,479543.055,479543.055,3887.47,65364.65,0.0,65364.65,0.0,0.0,0,16042.989,0.0,0.0,88.252,102.613,96.749,25.402,13.066,15.435,17.18,14.55,84.712,1.98,45.87,0.0,2406.456,5161.699,278.84,848.97,8695.965,95380,1793171,0,0,1888551,120:20:00,25:30:00,00:00,62:10:00,36:30:00,244:30:00
fideicomiso ingenio casasano,2012-2013,28,502926.735,502926.735,4128.31,68666.65,0.0,68666.65,0.0,0.0,0,16795.08,0.0,0.0,88.249,102.46,96.728,25.47,13.087,15.491,17.26,14.62,84.749,1.99,45.92,0.0,2549.017,5420.118,296.382,889.492,9155.009,95380,1793171,0,0,1888551,124:10:00,25:30:00,00:00,62:10:00,36:30:00,248:20:00
fideicomiso ingenio casasano,2012-2013,29,525730.945,525730.945,4340.59,71994.65,0.0,71994.65,0.0,0.0,0,17503.683,0.0,0.0,88.236,102.349,96.723,25.524,13.104,15.544,17.32,14.69,84.791,2.0,45.95,0.0,2678.032,5692.488,311.215,931.572,9613.307,95380,1793171,0,0,1888551,129:40:00,27:50:00,00:00,62:10:00,36:30:00,256:10:00
fideicomiso ingenio casasano,2012-2013,30,548907.485,548907.485,4557.82,75445.15,0.0,75445.15,0.0,0.0,0,18250.535,0.0,0.0,88.236,102.224,96.711,25.604,13.126,15.577,17.38,14.74,84.808,2.0,46.03,0.0,2811.784,5945.87,325.658,974.942,10058.254,95380,1793171,0,0,1888551,133:03:00,28:15:00,00:00,62:10:00,36:30:00,260:25:00
fideicomiso ingenio casasano,2012-2013,31,571785.315,571785.315,4790.48,78707.6,0.0,78707.6,0.0,0.0,0,19032.612,0.0,0.0,88.213,102.082,96.707,25.656,13.142,15.595,17.42,14.77,84.789,2.0,46.06,0.0,2936.112,6214.921,340.324,1018.644,10510.001,95380,1793171,0,0,1888551,141:50:00,28:25:00,00:00,62:15:00,36:30:00,268:60
fideicomiso ingenio casasano,2012-2013,32,595153.895,595153.895,5035.56,82031.6,0.0,82031.6,0.0,0.0,0,19824.381,0.0,0.0,88.202,101.979,96.705,25.693,13.155,15.609,17.46,14.8,84.767,2.0,46.08,0.0,3060.721,6483.218,353.71,1062.523,10960.172,95380,1793171,0,0,1888551,146:25:00,28:50:00,00:00,62:15:00,36:30:00,274:00:00
fideicomiso ingenio casasano,2012-2013,33,617673.775,617673.775,5377.0,85118.6,0.0,85118.6,0.0,0.0,0,20618.606,0.0,0.0,0.0,0.0,0.0,0.0,13.165,15.614,0.0,0.0,84.704,0.0,0.0,0.0,0.0,0.0,0.0,0.0,0.0,95380,1793171,0,0,1888551,152:30:00,29:35:00,00:00,62:30:00,36:30:00,281:05:00
fideicomiso ingenio casasano,2012-2013,34,622626.515,622626.515,5329.635,86127.45,0.0,86127.45,0.0,0.0,0,21123.659,133.225581,133.226,88.114,101.844,96.69,25.738,13.168,15.615,17.505,14.825,84.689,2.008,46.1,0.0,3217.54,6812.976,372.343,1152.754,11555.613,95380,1793171,0,0,1888551,152:35:00,30:05:00,00:00,62:30:00,36:30:00,281:40:00
central progreso s.a. de c.v.,2012-2013,8,23880.0,23880.0,393.83,2432.05,0.0,2432.05,0.0,0.0,0,415.335,0.0,0.0,76.495,84.868,90.788,31.746,13.93,13.45,17.82,14.38,80.71,3.9,50.93,0.0,295.794,326.278,22.854,109.803,754.729,237984,216058,0,0,454042,11:55,01:00,00:00,00:05,00:00,13:00
central progreso s.a. de c.v.,2012-2013,9,55500.0,55500.0,865.63,5749.55,0.0,5749.55,0.0,0.0,0,1393.337,0.0,0.0,77.522,88.319,90.8,31.892,13.59,13.7,17.46,14.09,80.69,3.95,52.11,0.0,699.522,723.46,49.361,236.859,1709.202,237984,305058,0,0,543042,27:15:00,02:45,00:00,00:10,00:00,30:10:00
central progreso s.a. de c.v.,2012-2013,10,81570.0,81570.0,1293.74,8690.2,0.0,8690.2,0.0,0.0,0,2377.951,0.0,0.0,78.907,89.611,91.778,30.986,13.51,13.95,17.64,14.29,80.99,3.7,51.43,0.0,935.682,1052.367,78.103,334.247,2400.399,237984,358077,0,0,596061,78:30:00,03:50,00:00,00:10,00:00,82:30:00
central progreso s.a. de c.v.,2012-2013,11,116100.0,116100.0,1744.59,12843.75,0.0,12843.75,0.0,0.0,0,3785.506,0.0,0.0,79.92,91.297,92.825,30.082,13.49,14.12,17.6,14.36,81.57,3.37,50.58,0.0,1176.438,1534.675,118.05,463.333,3292.496,237984,359040,0,0,597024,90:55:00,08:15,00:00,00:15,00:00,99:25:00
central progreso s.a. de c.v.,2012-2013,12,151770.0,151770.0,2335.64,17488.35,0.0,17488.35,0.0,0.0,0,5295.303,0.0,0.0,80.768,92.27,93.411,29.603,13.5,14.24,17.58,14.42,82.03,3.17,50.05,0.0,1424.336,2011.035,151.94,570.173,4157.484,237984,359040,0,0,597024,102:55:00,0.458333333,00:00,00:15,00:00,114:10:00
central progreso s.a. de c.v.,2012-2013,13,189400.0,189400.0,2923.64,22288.35,0.0,22288.35,0.0,0.0,0,6809.466,0.0,0.0,81.589,93.186,93.905,29.116,13.45,14.42,17.58,14.53,82.63,3.02,49.66,0.0,1664.198,2524.675,187.827,650.15,5026.85,237984,359040,0,0,597024,110:45:00,0.458333333,00:00,00:25,00:00,122:10:00
central progreso s.a. de c.v.,2012-2013,14,223530.0,223530.0,3454.37,26655.15,0.0,26655.15,0.0,0.0,0,8124.601,0.0,0.0,82.172,93.729,94.251,28.886,13.46,14.59,17.63,14.67,83.22,2.9,49.41,0.0,1875.166,3000.399,223.341,716.22,5815.126,237984,359040,0,0,597024,133:25:00,0.458333333,00:00,00:25,00:00,144:50:00
central progreso s.a. de c.v.,2012-2013,15,262550.0,262550.0,4061.98,31879.15,0.0,31879.15,0.0,0.0,0,9708.173,0.0,0.0,82.689,94.208,94.55,28.642,13.43,14.74,17.67,14.79,83.71,2.8,49.22,0.0,2108.707,3542.055,259.994,787.554,6698.31,237984,359040,0,0,597024,137:30:00,0.458333333,00:00,00:35,00:00,149:05:00
central progreso s.a. de c.v.,2012-2013,16,301580.0,301580.0,4638.25,36973.0,0.0,36973.0,0.0,0.0,0,11372.43,0.0,0.0,83.059,94.589,94.767,28.441,13.41,14.85,17.7,14.88,84.07,2.73,49.07,0.0,2343.447,4077.343,303.619,863.018,7587.427,237984,359040,0,0,597024,142:10:00,0.458333333,00:00,01:20,00:00,154:30:00
central progreso s.a. de c.v.,2012-2013,17,340300.0,340300.0,5233.9,42078.5,0.0,42078.5,0.0,0.0,0,12988.253,0.0,0.0,83.321,94.836,94.913,28.309,13.37,14.92,17.71,14.93,84.31,2.68,49.03,0.0,2582.462,4600.184,346.478,938.38,8467.504,237984,359040,0,0,597024,146:25:00,11:25,00:00,01:20,00:00,159:10:00
central progreso s.a. de c.v.,2012-2013,18,373680.0,373680.0,5720.97,46312.4,0.0,46312.4,0.0,0.0,0,14422.614,0.0,0.0,83.476,94.99,95.025,28.202,13.35,14.98,17.74,14.98,84.46,2.64,49.0,0.0,2784.674,5062.96,389.624,1011.088,9248.346,237984,359040,0,0,597024,173:50:00,12:15,00:00,01:20,00:00,186:40:00
central progreso s.a. de c.v.,2012-2013,19,409070.0,409070.0,6200.36,51015.55,0.0,51015.55,0.0,0.0,0,15957.059,0.0,0.0,83.589,95.011,95.12,28.104,13.33,15.04,17.8,15.06,84.59,2.61,48.96,0.0,3002.225,5563.876,437.423,1092.686,10096.21,237984,359040,0,0,597024,193:30:00,12:15,00:00,02:20,00:00,208:05:00
central progreso s.a. de c.v.,2012-2013,20,445230.0,445230.0,6813.91,55747.05,0.0,55747.05,0.0,0.0,0,17505.627,0.0,0.0,83.648,95.058,95.217,27.997,13.31,15.1,17.87,15.12,84.62,2.58,48.91,0.0,3215.436,6105.747,497.121,1173.778,10992.082,237984,359040,0,0,597024,212:25:00,12:25,00:00,02:20,00:00,227:10:00
central progreso s.a. de c.v.,2012-2013,21,483000.0,483000.0,7340.19,60690.45,0.0,60690.45,0.0,0.0,0,19102.316,0.0,0.0,83.687,95.083,95.289,27.93,13.29,15.13,17.93,15.16,84.57,2.55,48.88,0.0,3442.76,6665.476,560.279,1251.632,11920.147,237984,359040,0,0,597024,220:15:00,13:40,00:00,02:40,04:00,239:45:00
central progreso s.a. de c.v.,2012-2013,22,517550.0,517550.0,7929.63,65389.55,0.0,65389.55,0.0,0.0,0,20550.63,0.0,0.0,83.734,95.199,95.349,27.833,13.26,15.16,17.95,15.18,84.55,2.53,48.86,0.0,3647.766,7177.441,617.632,1315.321,12758.16,237984,360022,0,0,598006,238:50:00,20:45,00:00,02:40,03:10,265:25:00
central progreso s.a. de c.v.,2012-2013,23,551430.0,551430.0,8411.13,69825.25,0.0,69825.25,0.0,0.0,0,21976.735,0.0,0.0,83.741,95.278,95.395,27.809,13.26,15.17,17.97,15.19,84.53,2.51,48.85,0.0,3853.235,7686.562,683.755,1380.448,13604.0,237984,360022,0,0,598006,265:55:00,20:55,00:00,03:00,03:10,292:60
central progreso s.a. de c.v.,2012-2013,24,587610.0,587610.0,9026.49,74616.5,0.0,74616.5,0.0,0.0,0,23392.624,0.0,0.0,83.742,95.393,95.431,27.767,13.24,15.19,17.98,15.19,84.51,2.5,48.86,0.0,4077.677,8219.048,759.931,1453.244,14509.9,237984,360022,0,0,598006,283:30:00,21:00,00:00,03:00,03:10,310:40:00
central progreso s.a. de c.v.,2012-2013,25,624820.0,624820.0,9605.94,79589.0,0.0,79589.0,0.0,0.0,0,24775.032,0.0,0.0,83.778,95.366,95.473,27.731,13.23,15.21,18.02,15.22,84.5,2.48,48.86,0.0,4301.539,8763.63,824.289,1524.394,15413.852,237984,360022,0,0,598006,295:05:00,22:20,00:00,03:20,03:10,323:55:00
central progreso s.a. de c.v.,2012-2013,26,654000.0,654000.0,10025.15,83581.4,0.0,83581.4,0.0,0.0,0,25868.049,0.0,0.0,83.805,95.341,95.501,27.686,13.21,15.21,18.04,15.24,84.49,2.47,48.87,0.0,4475.83,9169.963,885.207,1582.39,16113.39,237984,395027,0,0,633011,340:45:00,22:20,00:00,03:20,03:10,369:35:00
central progreso s.a. de c.v.,2012-2013,27,689240.0,689240.0,10610.68,88047.4,0.0,88047.4,0.0,0.0,0,27252.906,0.0,0.0,83.836,95.318,95.528,27.66,13.2,15.21,18.04,15.24,84.49,2.46,48.88,0.0,4688.015,9662.977,942.201,1651.426,16944.619,237984,404984,0,0,642968,360:55:00,22:20,00:00,03:20,03:10,389:45:00
central progreso s.a. de c.v.,2012-2013,28,726280.0,726280.0,11209.08,92773.3,0.0,92773.3,0.0,0.0,0,28707.898,0.0,0.0,83.848,95.269,95.542,27.689,13.22,15.2,18.04,15.24,84.49,2.45,48.89,0.0,4920.51,10178.257,1007.026,1721.103,17826.896,237984,405305,0,0,643289,374:35:00,22:20,00:00,03:30,03:10,403:35:00
central progreso s.a. de c.v.,2012-2013,29,758660.0,758660.0,11665.95,96842.0,0.0,96842.0,0.0,0.0,0,29986.524,0.0,0.0,83.856,95.207,95.551,27.733,13.24,15.19,18.04,15.24,84.49,2.44,48.89,0.0,5126.845,10635.583,1058.601,1781.487,18602.516,237984,411729,0,0,649713,407:15:00,22:20,00:00,04:00,03:10,436:45:00
central progreso s.a. de c.v.,2012-2013,30,795890.0,795890.0,12412.56,101595.25,0.0,101595.25,0.0,0.0,0,31441.153,0.0,0.0,83.876,95.176,95.562,27.765,13.26,15.18,18.05,15.25,84.49,2.43,48.9,0.0,5363.85,11158.481,1114.358,1848.85,19485.539,237984,412050,0,0,650034,419:30:00,22:20,00:00,04:05,04:00,448:60
central progreso s.a. de c.v.,2012-2013,31,831660.0,831660.0,12795.0,106100.0,0.0,106100.0,0.0,0.0,0,32842.851,0.0,0.0,83.897,95.157,95.567,27.788,13.27,15.18,18.05,15.25,84.49,2.42,48.92,0.0,5596.981,11660.998,1160.461,1913.533,20331.973,237984,412050,0,0,650034,434:10:00,22:20,00:00,05:00,04:00,463:50:00
central progreso s.a. de c.v.,2012-2013,32,866914.32,866216.482,13737.68,110809.2,0.0,110809.2,0.0,0.0,0,34931.816,129.063878,129.168,83.811,95.09,95.557,27.869,13.3,15.16,18.04,15.24,84.48,2.42,48.94,697.838,5841.166,12238.955,1220.217,1981.555,21281.893,237984,447697,46895,0,732576,456:05:00,23:20,00:00,13:25,03:10,496:00:00
ingenio constancia s.a. de c.v.,2012-2013,6,30259.0,29279.539,704.35,2024.0,0.0,2024.0,0.0,0.0,0,899.971,0.0,0.0,70.819,93.486,93.898,28.792,13.349,11.142,14.512,11.191,77.119,2.361,50.22,979.531,205.735,563.029,70.994,144.11,983.868,0,0,0,0,0,07:20,00:00,00:00,00:50,08:30,16:40
ingenio constancia s.a. de c.v.,2012-2013,7,66621.0,64305.234,1150.03,4499.75,0.0,4499.75,0.0,0.0,0,1879.179,0.0,0.0,72.276,94.506,94.153,28.215,13.184,11.106,14.556,11.064,76.011,2.301,49.918,2416.843,432.586,1207.823,139.503,271.346,2051.258,0,0,0,0,0,22:46,00:00,00:00,01:10,12:00,35:56:00
ingenio constancia s.a. de c.v.,2012-2013,8,97830.0,94479.994,1671.68,7328.65,0.0,7328.65,0.0,0.0,0,3138.55,0.0,0.0,73.343,94.901,94.332,27.782,13.041,11.155,14.53,11.088,76.31,2.276,49.755,3350.781,618.609,1710.252,214.746,365.471,2909.078,0,0,0,0,0,28:16:00,00:00,00:00,01:10,42:25:00,71:51:00
ingenio constancia s.a. de c.v.,2012-2013,9,121774.0,117657.396,2055.58,9538.85,0.0,9538.85,0.0,0.0,0,3950.104,0.0,0.0,74.695,95.389,94.223,27.48,12.921,11.303,14.51,11.165,76.951,2.376,49.597,4116.666,795.278,1991.134,268.542,428.3,3483.254,0,0,0,0,0,88:06:00,00:00,00:00,01:25,50:45:00,140:16:00
ingenio constancia s.a. de c.v.,2012-2013,10,157892.0,152534.555,2659.67,13406.05,0.0,13406.05,0.0,0.0,0,5266.916,0.0,0.0,76.894,96.589,94.427,26.955,12.682,11.521,14.491,11.263,77.727,2.382,49.597,5357.467,1013.819,2352.219,340.027,497.325,4203.39,0,0,0,0,0,100:16:00,00:00,00:00,01:25,55:25:00,157:06:00
ingenio constancia s.a. de c.v.,2012-2013,11,184938.0,178915.75,3101.37,15976.45,0.0,15976.45,0.0,0.0,0,6213.684,0.0,0.0,78.008,97.679,94.556,26.591,12.476,11.637,14.425,11.265,78.097,2.382,49.747,6351.162,1171.63,2619.719,393.391,548.436,4733.176,0,0,0,0,0,144:06:00,00:00,00:00,02:40,60:15:00,207:01:00
ingenio constancia s.a. de c.v.,2012-2013,12,225905.0,218028.574,3788.98,20468.45,0.0,20468.45,0.0,0.0,0,7823.665,0.0,0.0,79.393,98.265,94.759,26.135,12.298,11.815,14.509,11.393,78.527,2.369,49.652,7877.188,1398.969,3023.083,473.984,604.078,5500.114,0,0,0,0,0,148:56:00,00:00,00:00,04:55,60:15:00,214:06:00
ingenio constancia s.a. de c.v.,2012-2013,13,263328.0,254046.654,4414.3,24360.85,0.0,24038.85,322.0,0.0,0,9219.327,0.0,0.0,80.143,98.265,94.781,25.936,12.195,11.92,14.604,11.498,78.727,2.398,49.665,9281.398,1638.321,3390.895,550.718,652.964,6232.898,0,0,0,0,0,164:11:00,00:00,00:00,10:10,60:15:00,234:36:00
ingenio constancia s.a. de c.v.,2012-2013,14,294535.0,284033.14,4926.59,27508.85,0.0,27186.85,322.0,0.0,0,10273.908,0.0,0.0,80.785,98.239,94.816,25.754,12.115,12.025,14.696,11.606,78.975,2.421,49.626,10502.492,1836.338,3665.661,610.956,692.71,6805.665,0,0,0,0,0,192:26:00,00:05,00:00,14:40,72:05:00,279:16:00
ingenio constancia s.a. de c.v.,2012-2013,15,333306.0,321279.807,5574.77,31842.85,0.0,31520.85,322.0,0.0,0,11560.136,0.0,0.0,81.291,98.416,94.868,25.535,12.042,12.127,14.764,11.69,79.177,2.437,49.5,12026.665,2074.414,4043.461,689.411,754.78,7562.066,0,0,0,0,0,203:06:00,00:05,00:00,17:40,72:05:00,292:56:00
ingenio constancia s.a. de c.v.,2012-2013,16,370906.0,357439.333,6191.27,35899.5,0.0,35577.5,322.0,0.0,43200,12809.08,0.0,0.0,81.594,98.472,94.858,25.544,12.055,12.274,14.889,11.823,79.406,2.47,49.441,13466.799,2340.922,4451.573,782.833,803.622,8378.95,0,0,0,0,0,220:46:00,00:15,00:00,17:50,72:05:00,310:56:00
ingenio constancia s.a. de c.v.,2012-2013,17,408462.0,393547.536,6820.57,40354.3,0.0,40032.3,322.0,0.0,143900,14236.118,0.0,0.0,81.821,98.664,94.894,25.55,12.075,12.388,14.972,11.914,79.578,2.475,49.376,14914.946,2583.425,4911.722,851.506,851.814,9198.467,0,0,0,0,0,232:16:00,02:45,00:00,19:20,72:05:00,326:26:00
ingenio constancia s.a. de c.v.,2012-2013,18,451490.0,434893.398,7549.18,45167.5,0.0,44747.5,420.0,0.0,163300,15668.396,0.0,0.0,82.115,98.683,94.869,25.591,12.098,12.523,15.091,12.039,79.776,2.51,49.328,16597.364,2900.857,5352.836,951.553,906.903,10112.149,0,0,0,0,0,235:46:00,02:55,00:00,24:50:00,72:50:00,334:51:00
ingenio constancia s.a. de c.v.,2012-2013,19,485450.0,467526.716,8111.67,49077.7,0.0,48657.7,420.0,0.0,163300,16626.004,0.0,0.0,82.275,98.731,94.866,25.565,12.086,12.596,15.149,12.103,79.895,2.529,49.306,17923.776,3139.418,5682.645,1064.972,951.562,10838.597,0,0,0,0,0,256:26:00,06:55,00:00,24:05:00,72:05:00,359:31:00
ingenio constancia s.a. de c.v.,2012-2013,20,520475.0,501129.532,8692.02,53232.9,0.0,52812.9,420.0,0.0,163300,17972.831,0.0,0.0,82.347,98.803,94.845,25.619,12.104,12.676,15.203,12.169,80.041,2.551,49.31,19346.44,3401.339,6077.796,1172.815,994.838,11646.788,0,0,0,0,0,266:00:00,07:20,00:00,27:20:00,79:05:00,378:41:00
ingenio constancia s.a. de c.v.,2012-2013,21,553616.0,532955.759,9242.33,57001.7,0.0,56581.7,420.0,0.0,163300,19129.308,0.0,0.0,82.289,98.838,94.768,25.71,12.139,12.742,15.263,12.217,80.042,2.593,49.29,20660.763,3690.807,6510.086,1252.135,1040.159,12493.187,0,0,0,0,0,279:06:00,07:20,00:00,31:45:00,99:45:00,417:56:00
ingenio constancia s.a. de c.v.,2012-2013,22,589895.0,567588.225,9862.51,60969.2,0.0,60549.2,420.0,0.0,163300,20347.848,0.0,0.0,82.296,98.801,94.747,25.837,12.201,12.782,15.325,12.258,79.986,2.599,49.276,22307.457,3960.918,6947.205,1351.767,1089.349,13349.239,0,0,0,0,0,295:16:00,07:20,00:00,33:15:00,99:45:00,435:36:00
ingenio constancia s.a. de c.v.,2012-2013,23,626626.0,602842.417,7969.56,65317.95,0.0,64897.95,420.0,0.0,163300,21625.156,0.0,0.0,82.362,98.837,94.725,25.983,12.28,12.827,15.368,12.294,79.994,2.604,49.234,23783.825,4239.745,7322.95,1478.873,1135.558,14177.126,0,0,0,0,0,315:41:00,07:20,00:00,33:15:00,99:45:00,456:01:00
ingenio constancia s.a. de c.v.,2012-2013,24,663243.0,637857.152,8514.56,69723.65,0.0,69303.65,420.0,0.0,163300,22810.045,0.0,0.0,82.409,98.801,94.625,26.156,12.349,12.867,15.411,12.323,79.966,2.644,49.24,25386.39,4587.557,7664.431,1579.003,1181.504,15012.495,0,0,0,0,0,333:26:00,07:20,00:00,36:15:00,105:55:00,482:56:00
ingenio constancia s.a. de c.v.,2012-2013,25,680889.0,655178.004,9119.56,71512.85,0.0,71092.85,420.0,0.0,163300,23258.216,0.0,0.0,82.445,98.745,94.593,26.223,12.381,12.882,15.44,12.34,79.928,2.656,49.221,26130.893,4742.938,7845.222,1609.414,1200.866,15398.44,0,0,0,0,0,335:41:00,07:20,00:00,129:24:00,111:20:00,583:45:00
ingenio constancia s.a. de c.v.,2012-2013,26,713714.0,686207.942,9649.56,75084.7,0.0,74664.7,420.0,0.0,163300,24085.212,0.0,0.0,82.47,98.581,94.532,26.359,12.454,12.894,15.489,12.364,79.826,2.674,49.163,27506.195,5031.694,8180.876,1681.499,1237.753,16131.822,0,0,0,0,0,347:26:00,07:35,00:00,129:44:00,140:25:00,625:10:00
ingenio constancia s.a. de c.v.,2012-2013,27,751871.0,722848.344,10209.56,79458.45,0.0,79038.45,420.0,0.0,163300,25101.081,0.0,0.0,82.511,98.448,94.486,26.497,12.523,12.914,15.546,12.395,79.727,2.687,49.128,29022.942,5353.651,8588.992,1761.144,1277.535,16981.322,0,0,0,0,0,355:51:00,07:35,00:00,139:44:00,140:25:00,643:35:00
ingenio constancia s.a. de c.v.,2012-2013,28,789009.0,758456.208,10789.56,83589.85,0.0,83169.85,420.0,0.0,163300,26342.297,0.0,0.0,82.543,98.436,94.448,26.603,12.577,12.939,15.59,12.414,79.628,2.7,49.091,30552.868,5667.723,9003.1,1834.986,1315.287,17821.096,0,0,0,0,0,374:06:00,07:35,00:00,137:19:00,140:25:00,659:25:00
ingenio constancia s.a. de c.v.,2012-2013,29,826870.0,794794.104,11245.56,87876.65,0.0,87456.65,420.0,0.0,163300,27729.951,0.0,0.0,82.538,98.464,94.388,26.694,12.618,12.972,15.637,12.434,79.52,2.727,49.055,32076.042,6019.848,9448.738,1907.284,1353.63,18729.5,0,0,0,0,0,396:16:00,07:35,00:00,138:29:00,140:25:00,682:45:00
ingenio constancia s.a. de c.v.,2012-2013,30,868959.0,835216.224,11675.56,92493.85,0.0,92073.85,420.0,0.0,163300,29252.763,0.0,0.0,82.527,98.587,94.355,26.714,12.612,13.0,15.666,12.442,79.421,2.747,49.073,33743.152,6376.781,9968.059,1997.755,1395.96,19738.555,0,0,0,0,0,408:11:00,07:35,00:00,138:24:00,140:25:00,694:35:00
ingenio constancia s.a. de c.v.,2012-2013,31,903191.0,867930.559,12140.56,95775.45,0.0,95355.45,420.0,0.0,163300,30821.509,0.0,0.0,82.325,98.612,94.244,26.783,12.611,13.005,15.682,12.429,79.253,2.794,49.122,35260.867,6760.438,10487.656,2074.353,1438.266,20760.713,0,0,0,0,0,441:31:00,07:35,00:00,138:24:00,140:25:00,727:55:00
ingenio constancia s.a. de c.v.,2012-2013,32,941909.0,904777.029,12552.56,99815.65,0.0,99395.65,420.0,0.0,163300,32622.397,0.0,0.0,82.132,98.679,94.191,26.816,12.619,13.011,15.696,12.419,79.122,2.818,49.113,37132.123,7119.402,11114.259,2173.964,1490.024,21897.649,0,0,0,0,0,462:36:00,07:35,00:00,138:54:00,140:25:00,749:30:00
ingenio constancia s.a. de c.v.,2012-2013,33,957927.0,917465.019,12937.56,100749.25,0.0,100329.25,420.0,0.0,163300,33611.679,0.0,0.0,81.912,98.625,94.163,26.874,12.644,12.995,15.715,12.407,78.953,2.822,49.102,40537.653,7265.705,11522.446,2219.22,1508.525,22515.896,0,0,0,0,0,560:16:00,07:35,00:00,138:54:00,140:25:00,847:10:00
ingenio constancia s.a. de c.v.,2012-2013,34,995244.0,952740.185,13297.56,104186.4,0.0,103766.4,420.0,0.0,163300,35746.268,0.0,0.0,81.478,98.332,94.074,27.049,12.71,12.947,15.758,12.386,78.6,2.836,49.118,42504.507,7635.925,12374.729,2300.597,1554.343,23865.594,0,0,0,0,0,573:31:00,07:35,00:00,141:09:00,140:25:00,862:40:00
ingenio constancia s.a. de c.v.,2012-2013,35,1012266.0,969067.607,13728.56,104998.2,0.0,104578.2,420.0,0.0,163300,37276.237,0.0,0.0,81.203,98.222,94.038,27.153,12.744,12.897,15.777,12.347,78.264,2.831,49.157,43198.565,7783.037,12834.753,2344.691,1577.594,24540.075,0,0,0,0,0,627:41:00,07:35,00:00,147:29:00,174:40:00,957:25:00
ingenio constancia s.a. de c.v.,2012-2013,36,1042233.0,997915.772,14173.56,106931.6,0.0,106511.6,420.0,0.0,163300,39140.064,0.0,0.0,80.669,97.981,93.993,27.318,12.802,12.816,15.79,12.294,77.858,2.818,49.215,44318.05,8024.345,13731.951,2446.684,1617.941,25820.921,0,0,0,0,0,630:56:00,07:45,00:00,154:09:00,203:05:00,995:55:00
ingenio constancia s.a. de c.v.,2012-2013,37,1073989.0,1028287.624,14571.46,109350.8,0.0,108930.8,420.0,0.0,280548,41051.275,0.0,0.0,80.309,97.742,93.93,27.466,12.842,12.728,15.804,12.231,77.393,2.813,49.286,45702.208,8298.142,14417.128,2544.431,1656.001,26915.702,0,0,0,0,0,644:26:00,07:50,00:00,160:49:00,214:30:00,1027:35:00
ingenio constancia s.a. de c.v.,2012-2013,38,1102761.0,1056027.621,15048.0,111501.2,0.0,111081.2,420.0,0.0,280548,42768.769,0.0,0.0,80.091,97.603,93.886,27.577,12.872,12.638,15.784,12.157,77.021,2.802,49.35,47131.011,8520.818,14892.677,2642.855,1691.636,27747.986,0,0,0,0,0,661:41:00,07:50,00:00,160:49:00,247:40:00,1078:05:00
ingenio constancia s.a. de c.v.,2012-2013,39,1116159.0,1069425.621,15241.69,112002.0,0.0,111582.0,420.0,0.0,0,0.0,0.0,0.0,0.0,0.0,0.0,0.0,0.0,0.0,0.0,0.0,0.0,0.0,0.0,0.0,0.0,0.0,0.0,0.0,0.0,0,0,0,0,0,00:00,00:00,00:00,00:00,00:00,00:00
ingenio constancia s.a. de c.v.,2012-2013,40,1130610.842,1082502.56,17288.41,113011.3,0.0,112591.3,420.0,0.0,280548,45249.473,101.270847,105.771,79.497,97.328,93.851,27.726,12.92,12.525,15.772,12.078,76.579,2.777,49.421,48108.282,8707.772,15900.83,2710.105,1715.95,29034.6,0,0,0,0,0,671:01:00,07:50,00:00,160:49:00,477:55:00,1317:35:00
cia. industrial azucarera s.a de c.v.,2012-2013,10,20970.0,20549.9,389.24,1409.4,0.0,1409.4,0.0,0.0,0,151.089,0.0,0.0,79.614,96.123,94.094,27.635,12.66,12.03,14.08,11.77,83.62,2.57,50.93,420.1,148.934,251.841,24.842,88.42,514.037,0,226174,0,0,226174,36:50:00,00:00,00:00,00:00,00:00,36:50:00
cia. industrial azucarera s.a de c.v.,2012-2013,11,49540.0,48419.184,827.8,4470.65,0.0,4470.65,0.0,0.0,0,1186.793,0.0,0.0,81.047,96.633,94.293,28.262,12.94,12.12,14.21,11.82,83.2,2.45,51.1,1120.816,342.527,576.312,51.87,166.909,1137.618,0,332960,0,0,332960,59:35:00,00:00,00:00,00:00,06:00,65:35:00
cia. industrial azucarera s.a de c.v.,2012-2013,12,78845.0,77146.854,1247.74,7444.8,0.0,7444.8,0.0,0.0,0,2123.091,0.0,0.0,81.754,96.815,94.216,28.604,13.07,12.26,14.34,11.93,83.19,2.48,51.14,1708.85,559.183,882.035,80.034,242.671,1763.923,0,469446,0,0,469446,89:40:00,00:00,00:00,00:00,06:00,95:40:00
cia. industrial azucarera s.a de c.v.,2012-2013,13,106845.0,104584.993,1529.19,10427.2,0.0,10427.2,0.0,0.0,0,2897.879,0.0,0.0,82.268,97.474,94.164,28.708,13.12,12.28,14.29,11.86,83.03,2.5,51.11,2270.711,765.66,1151.621,104.746,304.404,2326.431,0,515480,0,0,515480,116:55:00,00:00,00:00,00:10,15:30,132:35:00
cia. industrial azucarera s.a de c.v.,2012-2013,14,132790.0,130015.777,1907.16,13315.65,0.0,13315.65,0.0,0.0,0,3791.249,0.0,0.0,82.848,98.614,94.396,28.684,13.14,12.39,14.26,11.86,83.18,2.42,51.13,2784.927,922.0,1411.077,127.52,361.324,2821.921,0,515480,0,0,515480,126:15:00,01:30,00:00,12:20,38:25:00,178:30:00
cia. industrial azucarera s.a de c.v.,2012-2013,15,166820.0,163363.797,2404.93,17027.3,0.0,17027.3,0.0,0.0,0,5049.35,0.0,0.0,83.397,98.518,94.575,28.676,13.16,12.46,14.37,11.96,83.2,2.36,51.11,3466.907,1127.281,1731.649,165.806,424.942,3449.678,0,537617,0,0,537617,140:55:00,01:03,00:00,12:20,38:25:00,193:10:00
cia. industrial azucarera s.a de c.v.,2012-2013,16,194890.0,190872.726,2815.06,20088.95,0.0,20088.95,0.0,0.0,0,6047.59,0.0,0.0,83.493,98.048,94.545,28.81,13.176,12.467,14.46,12.02,83.119,2.36,51.26,4027.978,1325.444,2004.322,198.328,482.859,4010.953,0,596666,0,0,596666,170:10:00,01:30,00:00,13:30,44:55:00,230:05:00
cia. industrial azucarera s.a de c.v.,2012-2013,17,224635.0,220023.165,3231.42,23367.65,0.0,23367.65,0.0,0.0,0,6891.617,0.0,0.0,83.64,97.672,94.576,28.81,13.182,12.5,14.59,12.1,82.937,2.35,51.24,4622.539,1522.918,2294.198,227.319,549.378,4593.813,0,602790,0,0,602790,196:05:00,01:55,00:00,14:40,52:15:00,264:55:00
cia. industrial azucarera s.a de c.v.,2012-2013,18,260620.0,255290.374,3783.83,27175.45,0.0,27175.45,0.0,0.0,0,7656.516,0.0,0.0,83.869,97.187,94.574,28.792,13.182,12.503,14.71,12.17,82.712,2.36,51.2,5340.33,1768.176,2622.505,263.332,602.099,5256.112,0,602790,0,0,602790,205:15:00,01:55,00:00,15:35,52:15:00,274:60
cia. industrial azucarera s.a de c.v.,2012-2013,19,292075.0,286116.784,4216.55,30734.4,0.0,30734.4,0.0,0.0,0,8519.963,0.0,0.0,84.019,96.887,94.568,28.817,13.189,12.557,14.83,12.26,82.629,2.37,51.2,5968.92,1992.085,2902.927,299.963,666.01,5860.985,0,602790,0,0,602790,219:50:00,0.083333333,00:00,20:35,60:15:00,302:40:00
cia. industrial azucarera s.a de c.v.,2012-2013,20,325725.0,319010.161,4677.58,34447.8,0.0,34447.8,0.0,0.0,0,9654.91,0.0,0.0,84.205,96.539,94.566,28.901,13.214,12.641,14.97,12.38,82.694,2.38,51.23,6725.543,2237.622,3202.331,331.946,731.667,6503.566,0,602790,0,0,602790,233:15:00,0.083333333,00:00,26:55:00,60:15:00,322:25:00
cia. industrial azucarera s.a de c.v.,2012-2013,21,358805.0,351269.625,5180.58,38044.6,0.0,38044.6,0.0,0.0,0,10653.53,0.0,0.0,84.305,96.165,94.555,28.97,13.236,12.677,15.09,12.46,82.589,2.38,51.25,7546.079,2476.525,3498.342,364.214,799.961,7139.042,0,602790,0,0,602790,245:40:00,0.083333333,00:00,28:60,68:05:00,344:45:00
cia. industrial azucarera s.a de c.v.,2012-2013,22,390735.0,382410.13,5640.58,41759.4,0.0,41759.4,0.0,0.0,0,11675.697,0.0,0.0,84.314,95.73,94.54,29.034,13.257,12.727,15.22,12.57,82.6,2.39,51.26,8335.574,2715.479,3820.52,392.316,872.424,7800.739,0,602790,0,0,602790,269:45:00,0.083333333,00:00,30:15:00,69:10:00,371:10:00
cia. industrial azucarera s.a de c.v.,2012-2013,23,425230.0,416030.829,6143.15,45735.35,0.0,45735.35,0.0,0.0,0,12800.203,0.0,0.0,84.365,95.374,94.505,29.108,13.281,12.788,15.34,12.67,82.588,2.41,51.26,9209.875,2988.289,4144.04,424.411,945.678,8502.418,0,602790,0,0,602790,286:20:00,0.083333333,00:00,34:25:00,69:10:00,391:55:00
cia. industrial azucarera s.a de c.v.,2012-2013,24,456830.0,446856.054,6651.37,49433.05,0.0,49433.05,0.0,0.0,0,13764.024,0.0,0.0,84.357,95.031,94.413,29.219,13.317,12.863,15.47,12.78,82.618,2.46,51.25,9984.65,3283.062,4440.799,458.501,1009.346,9191.708,0,602790,0,0,602790,315:00:00,0.083333333,00:00,34:30:00,69:10:00,420:40:00
cia. industrial azucarera s.a de c.v.,2012-2013,25,484330.0,473778.798,7026.6,52476.2,0.0,52476.2,0.0,0.0,0,14545.825,0.0,0.0,84.306,94.766,94.376,29.3,13.351,12.927,15.59,12.87,82.594,2.48,51.23,10561.906,3521.014,4728.241,484.512,1091.674,9825.441,0,602790,0,0,602790,360:30:00,0.083333333,00:00,35:05:00,69:10:00,466:45:00
cia. industrial azucarera s.a de c.v.,2012-2013,26,513340.0,502114.154,7456.21,55689.35,0.0,55689.35,0.0,0.0,0,15660.518,0.0,0.0,84.127,94.423,94.211,29.473,13.391,12.974,15.68,12.95,82.539,2.55,51.28,11236.55,3855.201,5032.68,514.071,1169.411,10571.363,0,651442,0,0,651442,386:35:00,0.083333333,00:00,38:40:00,69:10:00,496:25:00
cia. industrial azucarera s.a de c.v.,2012-2013,27,538805.0,527038.141,7912.62,58660.0,0.0,58660.0,0.0,0.0,0,16386.982,0.0,0.0,84.035,94.175,94.039,29.637,13.426,13.021,15.76,13.0,82.514,2.62,51.32,11777.563,4181.806,5267.038,539.888,1211.747,11200.479,0,740330,0,0,740330,429:20:00,05:30,00:00,39:40:00,69:10:00,543:40:00
cia. industrial azucarera s.a de c.v.,2012-2013,28,557595.0,545401.678,8175.62,60588.2,0.0,60588.2,0.0,0.0,0,16959.796,0.0,0.0,83.89,93.925,93.862,29.805,13.453,13.052,15.82,13.04,82.465,2.69,51.39,12204.026,4466.66,5454.293,556.888,1246.381,11724.222,0,773245,0,0,773245,508:35:00,06:25,00:00,45:25:00,69:10:00,629:35:00
cia. industrial azucarera s.a de c.v.,2012-2013,29,577885.0,565164.956,8471.98,62689.05,0.0,62689.05,0.0,0.0,0,17449.841,0.0,0.0,83.8,93.678,93.833,29.929,13.491,13.086,15.91,13.11,82.41,2.7,51.44,12730.748,4663.433,5688.858,577.335,1320.786,12250.412,0,777812,0,0,777812,580:50:00,06:40,00:00,46:35:00,69:10:00,703:15:00
cia. industrial azucarera s.a de c.v.,2012-2013,30,605645.0,592162.531,8984.9,65533.35,0.0,65533.35,0.0,0.0,0,18406.311,0.0,0.0,83.561,93.337,93.685,30.133,13.545,13.113,15.99,13.16,82.308,2.75,51.5,13493.173,5015.041,6020.916,601.349,1418.226,13055.532,0,798957,0,0,798957,610:35:00,07:50,00:00,50:50:00,70:00:00,737:40:00
cia. industrial azucarera s.a de c.v.,2012-2013,31,633215.0,618951.996,9434.03,68578.9,0.0,68578.9,0.0,0.0,0,19470.38,0.0,0.0,83.412,93.049,93.64,30.297,13.592,13.138,16.08,13.22,82.211,2.76,51.57,14273.708,5291.095,6364.044,627.901,1516.807,13799.847,0,815742,0,0,815742,631:55:00,14:25,00:00,52:60,73:00:00,771:30:00
cia. industrial azucarera s.a de c.v.,2012-2013,32,662165.0,647175.068,9948.28,71650.95,0.0,71650.95,0.0,0.0,0,20615.731,0.0,0.0,83.24,92.864,93.563,30.427,13.635,13.154,16.14,13.25,82.091,2.78,51.59,15000.636,5606.35,6730.565,660.313,1600.895,14598.123,0,835048,0,0,835048,650:25:00,14:25,00:00,56:30:00,81:40:00,802:60
cia. industrial azucarera s.a de c.v.,2012-2013,33,692170.0,676302.997,10465.42,74694.7,0.0,74694.7,0.0,0.0,0,21771.105,0.0,0.0,83.012,92.521,93.428,30.641,13.698,13.172,16.22,13.3,81.985,2.83,51.63,15877.707,5991.917,7114.605,691.724,1689.845,15488.091,0,836927,0,0,836927,680:35:00,15:05,00:00,57:35:00,81:40:00,834:55:00
cia. industrial azucarera s.a de c.v.,2012-2013,34,719325.0,702810.676,10938.9,77485.9,0.0,77485.9,0.0,0.0,0,23038.604,0.0,0.0,82.786,92.25,93.379,30.808,13.764,13.186,16.3,13.35,81.892,2.83,51.64,16525.028,6280.098,7517.617,723.319,1806.624,16327.658,0,836927,0,0,836927,706:40:00,18:20,00:00,61:25:00,85:20:00,871:45:00
cia. industrial azucarera s.a de c.v.,2012-2013,35,732865.0,715958.386,11185.78,78591.8,0.0,78591.8,0.0,0.0,0,23917.093,0.0,0.0,82.549,92.224,93.345,30.895,13.8,13.172,16.32,13.33,81.693,2.84,51.63,16917.318,6424.266,7794.65,742.79,1883.909,16845.615,0,836927,0,0,836927,728:10:00,18:20,00:00,61:55:00,160:60,969:25:00
cia. industrial azucarera s.a de c.v.,2012-2013,36,749105.0,731749.686,11469.64,79621.25,0.0,79621.25,0.0,0.0,0,24855.88,0.0,0.0,82.233,92.282,93.337,30.969,13.839,13.149,16.31,13.3,81.544,2.83,51.62,17366.018,6562.935,8173.231,771.056,1992.925,17500.147,0,836927,0,0,836927,733:00:00,18:45,00:00,73:60,229:40:00,1055:25:00
cia. industrial azucarera s.a de c.v.,2012-2013,37,774970.0,756887.031,11931.13,81766.958,0.0,81766.958,0.0,0.0,0,25971.712,0.0,0.0,81.719,92.287,93.252,31.106,13.897,13.109,16.28,13.25,81.38,2.84,51.6,18093.673,6855.644,8722.485,807.203,2186.529,18571.861,0,861672,0,0,861672,751:35:00,19:05,00:00,84:05:00,241:60,1096:45:00
cia. industrial azucarera s.a de c.v.,2012-2013,38,792570.0,774487.031,12245.23,83144.05,0.0,83144.05,0.0,0.0,0,26863.274,0.0,0.0,0.0,0.0,0.0,0.0,13.927,13.071,0.0,0.0,81.286,0.0,0.0,0.0,0.0,0.0,0.0,0.0,0.0,0,879390,0,0,879390,759:45:00,19:05,00:00,110:25:00,290:00:00,1179:15:00
cia. industrial azucarera s.a de c.v.,2012-2013,39,795807.87,777086.826,12287.21,83418.25,0.0,83418.25,0.0,0.0,0,28274.5,108.424761,111.037,79.96,92.315,93.205,31.187,13.93,13.057,16.225,13.182,81.246,2.845,51.6,18721.044,7060.439,9191.261,839.987,3731.013,20822.7,0,914195,0,0,914195,764:55:00,19:05,00:00,116:55:00,303:05:00,1204:00:00
ingenio el carmen s.a. de c.v.,2012-2013,9,36100.0,34665.311,505.0,2214.95,2214.95,0.0,0.0,0.0,0,900.0,0.0,0.0,74.078,93.477,92.173,36.82,15.97,10.868,14.1,10.716,75.998,2.31,53.385,1434.689,307.058,411.969,140.885,157.036,1016.947,120000,550220,0,0,670220,36:25:00,06:55,00:00,03:40,00:00,47:00:00
ingenio el carmen s.a. de c.v.,2012-2013,10,59500.0,57119.057,871.0,4233.1,4233.1,0.0,0.0,0.0,0,1730.0,0.0,0.0,75.387,93.123,92.405,35.532,15.595,10.978,14.212,10.893,76.647,2.346,52.863,2380.943,496.075,701.142,200.365,210.036,1607.618,120000,816405,0,0,936405,37:00:00,22:20,00:00,20:25,00:00,79:45:00
ingenio el carmen s.a. de c.v.,2012-2013,11,87300.0,83845.435,1295.0,6581.1,6581.1,0.0,0.0,0.0,0,2740.0,0.0,0.0,75.241,91.637,92.372,35.388,15.626,11.067,14.49,11.156,76.994,2.386,52.562,3454.565,737.047,1065.131,271.317,318.645,2392.14,120000,1084856,0,0,1204856,40:35:00,25:00:00,00:00,33:35:00,00:00,99:10:00
ingenio el carmen s.a. de c.v.,2012-2013,12,117300.0,112800.298,1753.0,9244.7,9244.7,0.0,0.0,0.0,0,3790.0,0.0,0.0,75.588,89.977,92.212,35.48,15.723,11.114,14.742,11.391,77.266,2.44,52.341,4499.702,1015.283,1391.668,348.772,426.971,3182.694,120000,1354279,0,0,1474279,42:40:00,27:25:00,00:00,36:30:00,00:00,106:35:00
ingenio el carmen s.a. de c.v.,2012-2013,13,142000.0,136617.312,2139.0,11503.45,11503.45,0.0,0.0,0.0,0,4660.0,0.0,0.0,75.983,89.212,92.175,35.43,15.707,11.202,14.939,11.574,77.475,2.474,52.282,5382.688,1244.59,1657.952,419.317,498.42,3820.279,120000,1652473,0,0,1772473,50:40:00,30:45:00,26:30:00,36:35:00,00:00,144:30:00
ingenio el carmen s.a. de c.v.,2012-2013,14,162100.0,155995.094,2444.0,13256.2,13256.2,0.0,0.0,0.0,0,5350.0,0.0,0.0,76.079,88.961,92.22,35.282,15.635,11.269,15.06,11.682,77.572,2.485,52.293,6104.906,1421.313,1905.282,485.641,557.623,4369.859,120000,1870490,0,0,1990490,50:50:00,31:45:00,42:50:00,61:35:00,19:00,206:00:00
ingenio el carmen s.a. de c.v.,2012-2013,15,188850.0,181772.222,2847.0,15812.05,15812.05,0.0,0.0,0.0,0,6280.0,0.0,0.0,76.346,88.912,92.359,34.821,15.46,11.381,15.211,11.822,77.722,2.497,52.201,7077.778,1642.245,2223.817,562.494,655.31,5083.865,120000,2064603,0,0,2184603,53:50:00,32:50:00,42:50:00,65:00:00,38:10:00,232:40:00
ingenio el carmen s.a. de c.v.,2012-2013,16,215050.0,207081.478,3256.0,18281.5,18281.5,0.0,0.0,0.0,0,7216.0,0.0,0.0,76.525,88.702,92.436,34.579,15.364,11.489,15.372,11.973,77.89,2.513,52.154,7968.522,1868.992,2539.236,639.276,752.675,5800.179,120000,2271257,0,0,2391257,55:25:00,35:05:00,42:50:00,82:05:00,49:05:00,264:30:00
ingenio el carmen s.a. de c.v.,2012-2013,17,242050.0,232952.598,3669.0,20945.5,20945.5,0.0,0.0,0.0,0,8190.0,0.0,0.0,76.962,88.477,92.517,34.35,15.261,11.575,15.522,12.103,77.973,2.522,52.151,9097.402,2096.499,2840.132,694.705,822.97,6454.306,120000,2581401,0,0,2701401,58:25:00,36:10:00,42:50:00,84:20:00,69:05:00,290:50:00
ingenio el carmen s.a. de c.v.,2012-2013,18,264650.0,254585.004,4009.0,23163.8,23163.8,0.0,0.0,0.0,0,9040.0,0.0,0.0,77.209,88.325,92.566,34.167,15.168,11.668,15.662,12.228,78.072,2.539,52.165,10064.996,2295.592,3109.223,738.339,894.516,7037.671,120000,2805669,0,0,2925669,64:15:00,60:25:00,42:50:00,98:35:00,69:05:00,335:10:00
ingenio el carmen s.a. de c.v.,2012-2013,19,290250.0,278991.982,4414.0,25807.95,25807.95,0.0,0.0,0.0,0,9990.0,0.0,0.0,77.482,88.139,92.647,33.915,15.06,11.754,15.791,12.355,78.241,2.548,52.144,11258.018,2508.572,3413.01,785.551,975.24,7682.373,120000,3080555,0,0,3200555,66:35:00,61:45:00,42:50:00,104:00:00,88:10:00,363:20:00
ingenio el carmen s.a. de c.v.,2012-2013,20,312600.0,300281.081,4764.0,28068.05,28068.05,0.0,0.0,0.0,0,10780.0,0.0,0.0,77.671,88.058,92.726,33.729,14.971,11.823,15.885,12.45,78.377,2.55,52.163,12318.919,2688.364,3692.537,830.625,1040.958,8252.484,120000,3345746,0,0,3465746,82:45:00,64:10:00,42:50:00,120:25:00,93:10:00,403:20:00
ingenio el carmen s.a. de c.v.,2012-2013,21,336100.0,322612.076,5123.0,30317.65,30317.65,0.0,0.0,0.0,0,11660.0,0.0,0.0,77.739,87.816,92.76,33.65,14.927,11.871,15.98,12.539,78.467,2.554,52.186,13487.924,2888.633,4010.312,870.151,1112.491,8881.587,120000,3522176,0,0,3642176,84:35:00,68:05:00,42:50:00,125:15:00,124:40:00,445:25:00
ingenio el carmen s.a. de c.v.,2012-2013,22,357500.0,342910.154,5501.0,32421.8,32421.8,0.0,0.0,0.0,0,12510.0,0.0,0.0,77.668,87.902,92.801,33.532,14.858,11.928,16.036,12.593,78.53,2.561,52.225,14589.846,3069.885,4329.867,911.587,1211.925,9523.265,120000,3725451,0,0,3845451,93:20:00,76:50:00,42:50:00,127:30:00,152:10:00,492:40:00
ingenio el carmen s.a. de c.v.,2012-2013,23,385400.0,369577.693,5881.0,35244.0,35244.0,0.0,0.0,0.0,0,13530.0,0.0,0.0,77.726,88.095,92.88,33.415,14.783,12.009,16.084,12.662,78.721,2.559,52.299,15822.307,3295.225,4700.639,964.444,1348.9,10309.208,120000,3977984,0,0,4097984,101:45:00,78:20:00,42:50:00,127:50:00,160:40:00,511:25:00
ingenio el carmen s.a. de c.v.,2012-2013,24,410000.0,392831.979,6314.0,37739.7,37739.7,0.0,0.0,0.0,0,14430.0,0.0,0.0,77.718,88.222,92.948,33.273,14.72,12.075,16.135,12.721,78.845,2.559,52.304,17168.021,3491.347,5030.129,1012.837,1496.5,11030.813,120000,4176043,0,0,4296043,108:40:00,79:15:00,42:50:00,127:55:00,194:30:00,553:10:00
ingenio el carmen s.a. de c.v.,2012-2013,25,439800.0,420938.268,6708.0,40806.65,40806.65,0.0,0.0,0.0,0,15380.0,0.0,0.0,77.963,88.279,92.992,33.222,14.694,12.127,16.181,12.775,78.948,2.558,52.32,18861.732,3737.818,5351.772,1071.608,1592.075,11753.273,120000,4451941,0,0,4571941,109:55:00,81:50:00,42:50:00,128:00:00,198:00:00,560:35:00
ingenio el carmen s.a. de c.v.,2012-2013,26,459800.0,439882.913,6985.0,42782.05,42782.05,0.0,0.0,0.0,0,15980.0,0.0,0.0,77.906,88.437,93.039,33.111,14.65,12.16,16.189,12.793,79.021,2.557,52.308,19917.087,3892.218,5582.282,1113.161,1765.632,12353.293,120000,4666726,0,0,4786726,110:15:00,89:55:00,66:50:00,128:15:00,223:05:00,618:20:00
ingenio el carmen s.a. de c.v.,2012-2013,27,487950.0,466634.71,7459.0,45628.6,45628.6,0.0,0.0,0.0,0,16840.0,0.0,0.0,78.077,88.607,93.113,32.937,14.589,12.21,16.207,12.831,79.168,2.553,52.269,21315.29,4103.177,5896.14,1174.28,1888.367,13061.964,120000,4860477,0,0,4980477,118:30:00,83:55:00,74:05:00,128:35:00,223:05:00,628:10:00
ingenio el carmen s.a. de c.v.,2012-2013,28,515250.0,492501.827,7860.0,48399.95,48399.95,0.0,0.0,0.0,0,17670.0,0.0,0.0,78.1,88.683,93.102,32.804,14.527,12.263,16.237,12.874,79.287,2.578,52.248,22748.173,4358.108,6195.468,1232.629,2050.695,13836.9,120000,5091981,0,0,5211981,123:45:00,84:20:00,74:05:00,128:45:00,235:15:00,646:10:00
ingenio el carmen s.a. de c.v.,2012-2013,29,542350.0,518310.479,8289.0,51199.1,51199.1,0.0,0.0,0.0,0,18500.0,0.0,0.0,78.066,88.818,93.12,32.728,14.49,12.317,16.264,12.913,79.397,2.589,52.245,24039.521,4595.496,6485.635,1292.593,2277.87,14651.594,120000,5280957,0,0,5292957,137:30:00,87:50:00,74:05:00,131:30:00,235:15:00,666:10:00
ingenio el carmen s.a. de c.v.,2012-2013,30,566050.0,540799.459,8651.0,53617.6,53617.6,0.0,0.0,0.0,0,19240.0,0.0,0.0,78.063,88.949,93.125,32.664,14.45,12.348,16.274,12.928,79.439,2.599,52.27,25250.541,4805.618,6773.538,1348.449,2405.712,15333.317,120000,5539697,0,0,5659697,149:00:00,96:05:00,74:05:00,140:55:00,235:15:00,695:20:00
ingenio el carmen s.a. de c.v.,2012-2013,31,590650.0,564121.141,9040.0,56020.05,56020.05,0.0,0.0,0.0,0,20000.0,0.0,0.0,78.027,89.034,93.125,32.561,14.392,12.37,16.282,12.939,79.467,2.612,52.293,26528.859,5022.826,7075.098,1416.584,2539.795,16054.303,120000,5811698,0,0,5931698,177:15:00,98:25:00,74:05:00,142:05:00,235:15:00,727:05:00
ingenio el carmen s.a. de c.v.,2012-2013,32,618100.0,590051.111,9451.0,58850.65,58850.65,0.0,0.0,0.0,0,20930.0,0.0,0.0,78.131,88.97,93.081,32.562,14.377,12.381,16.294,12.953,79.498,2.631,52.319,28048.889,5295.092,7310.717,1491.314,2639.287,16736.41,120000,5996834,0,0,6116834,192:30:00,99:15:00,74:05:00,142:20:00,235:15:00,743:25:00
ingenio el carmen s.a. de c.v.,2012-2013,33,644550.0,615056.22,9853.0,61538.95,61538.95,0.0,0.0,0.0,0,21990.0,0.0,0.0,78.141,88.969,93.039,32.544,14.357,12.403,16.317,12.97,79.486,2.653,52.327,29493.78,5564.634,7595.34,1568.77,2745.783,17474.526,120000,6138386,0,0,6150386,204:30:00,104:45:00,74:05:00,142:30:00,235:15:00,761:05:00
ingenio el carmen s.a. de c.v.,2012-2013,34,672370.0,641485.14,10283.0,64469.5,64469.5,0.0,0.0,0.0,0,23170.0,0.0,0.0,78.193,88.908,92.975,32.577,14.362,12.402,16.329,12.969,79.421,2.674,52.326,30884.86,5857.719,7891.418,1644.458,2790.335,18183.931,120000,6405847,0,0,6525847,210:45:00,107:10:00,74:05:00,145:20:00,235:15:00,772:35:00
ingenio el carmen s.a. de c.v.,2012-2013,35,690370.0,658610.097,10584.0,66141.7,66141.7,0.0,0.0,0.0,0,23940.0,0.0,0.0,78.09,88.892,92.953,32.559,14.35,12.395,16.326,12.962,79.394,2.683,52.329,31759.903,6030.584,8153.318,1700.239,2865.035,18749.176,120000,6590762,0,0,6710762,212:10:00,110:35:00,74:05:00,145:25:00,299:30:00,841:45:00
ingenio el carmen s.a. de c.v.,2012-2013,36,709370.0,676717.474,10878.0,67819.25,67819.25,0.0,0.0,0.0,0,24720.0,0.0,0.0,77.944,88.872,92.914,32.584,14.359,12.378,16.31,12.942,79.347,2.692,52.322,32652.526,6221.773,8429.087,1765.666,2950.978,19367.504,120000,6762297,0,0,6882297,216:25:00,112:00:00,74:05:00,145:30:00,354:15:00,902:15:00
ingenio el carmen s.a. de c.v.,2012-2013,37,722247.34,689204.496,9379.0,69188.0,69188.0,0.0,0.0,0.0,0,25800.0,100.876069,105.712,77.475,88.776,92.871,32.666,14.388,12.353,16.299,12.923,79.284,2.696,52.332,33042.844,6360.613,8529.836,1812.684,3393.203,20096.336,120000,6919000,127693,0,7166693,223:40:00,112:45:00,98:05:00,121:30:00,378:20:00,934:20:00
ingenio el higo s.a. de c.v.,2012-2013,8,28062.0,26378.243,243.41,1502.923,0.0,1502.923,0.0,0.0,0,492.388,0.0,0.0,72.338,89.16,93.708,27.853,11.94,10.754,14.76,11.3,76.59,2.43,53.47,1683.757,189.901,558.223,28.679,58.001,834.803,0,0,0,0,0,21:35,01:05,00:00,00:20,00:00,23:00
ingenio el higo s.a. de c.v.,2012-2013,9,72243.0,67758.972,617.13,6210.753,0.0,6210.753,0.0,0.0,0,2229.428,0.0,0.0,79.014,89.099,93.953,27.759,11.94,11.457,15.52,12.08,77.86,2.5,53.3,4484.028,500.541,1093.698,55.798,87.001,1737.038,0,0,0,0,0,39:30:00,02:45,00:00,03:40,00:00,45:55:00
ingenio el higo s.a. de c.v.,2012-2013,10,127957.0,119741.06,1093.68,12061.886,0.0,12061.886,0.0,0.0,0,4154.809,0.0,0.0,81.304,89.004,94.178,28.034,12.04,11.98,15.99,12.68,79.26,2.49,53.45,8215.94,892.39,1747.452,95.954,129.983,2865.779,0,0,0,0,0,48:55:00,03:45,00:00,03:40,00:00,56:20:00
ingenio el higo s.a. de c.v.,2012-2013,11,174280.0,162984.306,1550.52,17076.869,0.0,17076.869,0.0,0.0,0,5802.512,0.0,0.0,82.721,89.544,94.453,28.001,12.14,12.312,16.19,12.99,80.24,2.44,53.15,11295.694,1190.347,2229.164,128.308,159.915,3707.734,0,0,0,0,0,65:00:00,04:25,00:00,03:40,17:55,91:00:00
ingenio el higo s.a. de c.v.,2012-2013,12,228313.0,213269.291,2072.69,22948.327,0.0,22948.327,0.0,0.0,0,7610.671,0.0,0.0,83.495,89.927,94.742,28.061,12.3,12.528,16.3,13.2,80.95,2.35,52.84,15043.709,1504.055,2824.328,171.627,220.92,4720.929,0,0,0,0,0,81:40:00,05:05,00:00,03:40,17:55,108:20:00
ingenio el higo s.a. de c.v.,2012-2013,13,283542.0,264723.572,2558.81,29715.671,0.0,29715.671,0.0,0.0,0,9442.328,0.0,0.0,83.782,90.736,94.991,27.886,12.3,12.75,16.37,13.35,81.56,2.29,52.65,18818.428,1810.729,3456.928,235.505,360.013,5863.174,0,0,0,0,0,87:05:00,05:05,00:00,03:45,17:55,113:50:00
ingenio el higo s.a. de c.v.,2012-2013,14,327643.0,305230.701,3045.26,34672.436,0.0,34672.436,0.0,0.0,0,11004.471,0.0,0.0,83.97,91.057,95.116,27.723,12.28,12.829,16.37,13.4,81.85,2.26,52.52,22412.299,2052.904,3925.969,286.595,472.37,6737.837,0,0,0,0,0,90:10:00,06:50,43:25:00,04:05,17:55,162:25:00
ingenio el higo s.a. de c.v.,2012-2013,15,397388.0,370162.433,3691.77,42768.812,0.0,42768.812,0.0,0.0,0,13587.915,0.0,0.0,84.156,90.484,95.16,27.956,12.44,12.856,16.47,13.52,82.07,2.23,52.35,27225.567,2472.355,4683.816,364.592,573.259,8094.022,0,0,0,0,0,92:25:00,08:25,43:25:00,04:05,17:55,166:15:00
ingenio el higo s.a. de c.v.,2012-2013,16,458309.0,426830.619,4260.06,50173.141,0.0,50173.141,0.0,0.0,0,15663.882,0.0,0.0,84.558,90.003,95.268,27.839,12.43,12.985,16.67,13.74,82.45,2.21,52.27,31478.381,2816.031,5316.857,428.462,628.334,9189.683,0,0,0,0,0,111:35:00,11:00,43:25:00,04:25,17:55,188:20:00
ingenio el higo s.a. de c.v.,2012-2013,17,525895.0,489846.687,4899.06,58425.271,0.0,58425.271,0.0,0.0,0,17676.832,0.0,0.0,84.939,89.764,95.368,27.725,12.41,13.121,16.83,13.94,82.81,2.19,52.18,36048.313,3196.555,6011.295,501.537,683.334,10392.721,0,0,0,0,0,124:50:00,13:40,43:25:00,05:45,17:55,205:35:00
ingenio el higo s.a. de c.v.,2012-2013,18,583735.0,543809.036,5410.53,65326.826,0.0,65326.826,0.0,0.0,0,19736.518,0.0,0.0,85.067,89.613,95.402,27.809,12.48,13.187,16.93,14.04,82.91,2.18,52.09,39925.964,3539.681,6649.345,567.062,739.334,11495.421,0,0,0,0,0,155:00:00,14:00,43:25:00,05:45,17:55,236:05:00
ingenio el higo s.a. de c.v.,2012-2013,19,648801.0,604515.069,6000.9,73292.994,0.0,73292.994,0.0,0.0,0,22192.654,0.0,0.0,85.227,89.335,95.431,27.923,12.54,13.256,17.05,14.16,83.03,2.17,52.08,44285.931,3929.855,7356.991,636.733,782.298,12705.877,0,0,0,0,0,163:35:00,15:50,43:25:00,05:50,17:55,246:35:00
ingenio el higo s.a. de c.v.,2012-2013,20,704151.0,656057.479,6618.51,80166.027,0.0,80166.027,0.0,0.0,0,24208.828,0.0,0.0,85.357,89.146,95.474,27.905,12.54,13.33,17.17,14.28,83.14,2.16,52.06,48093.521,4248.435,7983.049,698.795,814.416,13744.695,0,0,0,0,0,196:00:00,16:40,43:25:00,05:50,17:55,279:50:00
ingenio el higo s.a. de c.v.,2012-2013,21,770625.0,718042.156,7289.21,88489.207,0.0,88489.207,0.0,0.0,0,26548.131,0.0,0.0,85.445,88.829,95.484,28.075,12.61,13.405,17.33,14.41,83.17,2.16,52.07,52582.844,4664.784,8765.438,749.148,857.216,15036.585,0,0,0,0,0,200:40:00,19:00,43:25:00,06:10,17:55,287:10:00
ingenio el higo s.a. de c.v.,2012-2013,22,839131.0,781902.308,7914.8,97056.829,0.0,97056.829,0.0,0.0,0,29101.985,0.0,0.0,85.581,88.641,95.499,28.251,12.69,13.494,17.46,14.54,83.27,2.15,52.08,57228.692,5097.024,9525.298,784.781,920.216,16327.319,0,0,0,0,0,204:25:00,19:00,43:25:00,06:20,17:55,291:05:00
ingenio el higo s.a. de c.v.,2012-2013,23,900320.0,838840.02,8519.07,104775.015,0.0,104775.015,0.0,0.0,0,31398.628,0.0,0.0,85.663,88.528,95.503,28.472,12.79,13.582,17.58,14.65,83.33,2.15,52.09,61479.98,5498.743,10214.485,820.399,998.106,17531.733,0,0,0,0,0,223:20:00,19:00,43:25:00,06:50,17:55,310:30:00
ingenio el higo s.a. de c.v.,2012-2013,24,967342.0,901369.65,9180.7,113545.809,0.0,113545.809,0.0,0.0,0,33894.708,0.0,0.0,85.735,88.603,95.502,28.74,12.9,13.668,17.67,14.73,83.36,2.14,52.13,65972.35,5946.951,10948.17,858.324,1106.97,18860.416,0,0,0,0,0,230:45:00,19:00,43:25:00,07:25,17:55,318:30:00
ingenio el higo s.a. de c.v.,2012-2013,25,1028028.0,958149.228,9829.3,121592.248,0.0,121592.248,0.0,0.0,0,36168.619,0.0,0.0,85.824,88.398,95.504,28.927,12.98,13.749,17.81,14.85,83.4,2.14,52.16,69878.772,6354.838,11608.132,890.738,1183.408,20037.117,0,0,0,0,0,253:25:00,20:00,43:25:00,07:35,17:55,342:20:00
ingenio el higo s.a. de c.v.,2012-2013,26,1064679.0,991917.021,10230.4,126198.59,0.0,126198.59,0.0,0.0,0,37690.838,0.0,0.0,85.831,88.309,95.503,29.063,13.03,13.785,17.87,14.91,83.41,2.13,52.18,72761.979,6600.37,12069.809,913.716,1210.628,20794.522,0,0,0,0,0,261:05:00,20:05,43:25:00,08:25,83:25:00,416:25:00
ingenio el higo s.a. de c.v.,2012-2013,27,1126762.0,1049583.649,10876.99,133738.722,0.0,133738.722,0.0,0.0,0,40006.289,0.0,0.0,85.824,88.094,95.486,29.233,13.1,13.786,17.92,14.94,83.37,2.13,52.22,77178.351,7011.938,12809.564,956.935,1242.074,22020.51,0,0,0,0,0,279:10:00,20:40,43:25:00,10:10,83:25:00,436:50:00
ingenio el higo s.a. de c.v.,2012-2013,28,1192575.0,1110801.897,11608.55,142125.857,0.0,142125.857,0.0,0.0,0,42460.595,0.0,0.0,85.906,87.956,95.485,29.371,13.15,13.824,17.99,15.01,83.41,2.12,52.26,81773.103,7443.021,13519.567,992.904,1279.366,23234.859,0,0,0,0,0,287:45:00,21:35,43:25:00,10:10,83:25:00,446:20:00
ingenio el higo s.a. de c.v.,2012-2013,29,1250903.0,1164838.08,12251.74,149200.893,0.0,149200.893,0.0,0.0,0,44795.611,0.0,0.0,85.926,87.763,95.492,29.481,13.2,13.847,18.07,15.07,83.39,2.12,52.28,86064.92,7808.726,14237.657,1020.482,1311.488,24378.353,0,0,0,0,0,312:25:00,25:45:00,43:25:00,10:10,83:25:00,475:10:00
ingenio el higo s.a. de c.v.,2012-2013,30,1312001.0,1221439.94,13054.64,156725.239,0.0,156725.239,0.0,0.0,0,47380.919,0.0,0.0,85.931,87.581,95.494,29.609,13.25,13.85,18.12,15.1,83.36,2.11,52.32,90561.06,8188.024,14984.053,1048.0,1344.489,25564.566,0,0,0,0,0,331:45:00,28:00:00,43:25:00,10:15,83:25:00,496:50:00
ingenio el higo s.a. de c.v.,2012-2013,31,1370980.0,1276020.357,13944.63,162440.431,0.0,162440.431,0.0,0.0,0,49889.43,0.0,0.0,85.773,87.317,95.462,29.806,13.33,13.806,18.13,15.09,83.25,2.1,52.34,94959.643,8589.271,15861.255,1083.796,1394.587,26928.909,0,0,0,0,0,353:00:00,30:00:00,43:25:00,11:35,83:25:00,521:25:00
ingenio el higo s.a. de c.v.,2012-2013,32,1428024.0,1328817.137,14790.41,168415.633,0.0,168415.633,0.0,0.0,0,52957.184,0.0,0.0,85.512,86.998,95.42,30.067,13.44,13.775,18.18,15.11,83.09,2.1,52.38,99206.853,9010.137,16831.135,1121.382,1535.586,28498.239,0,0,0,0,0,374:25:00,30:05:00,43:25:00,11:50,83:25:00,543:10:00
ingenio el higo s.a. de c.v.,2012-2013,33,1480170.0,1376837.623,15375.07,173455.632,0.0,173455.632,0.0,0.0,0,55562.051,0.0,0.0,85.355,86.727,95.392,30.266,13.52,13.74,18.22,15.11,82.94,2.09,52.41,103332.359,9371.031,17679.151,1143.982,1591.585,29785.749,0,0,0,0,0,410:10:00,30:45:00,43:25:00,14:00,85:35:00,583:55:00
ingenio el higo s.a. de c.v.,2012-2013,34,1537393.0,1429423.074,16201.43,179270.851,0.0,179270.851,0.0,0.0,0,58559.894,0.0,0.0,85.176,86.475,95.358,30.442,13.59,13.694,18.24,15.1,82.77,2.09,52.43,107969.908,9772.262,18598.24,1170.359,1669.473,31210.334,0,0,0,0,0,426:45:00,43:35:00,43:25:00,14:00,85:35:00,613:20:00
ingenio el higo s.a. de c.v.,2012-2013,35,1581348.0,1470240.946,16704.59,182999.789,0.0,182999.789,0.0,0.0,0,61085.794,0.0,0.0,84.641,86.246,95.32,30.617,13.66,13.663,18.27,15.1,82.65,2.09,52.45,111107.036,10111.085,19358.214,1222.214,2494.469,33185.981,0,0,0,0,0,440:55:00,46:30:00,43:25:00,21:40,113:35:00,666:05:00
ingenio el higo s.a. de c.v.,2012-2013,36,1638183.0,1522334.564,17426.89,188953.296,0.0,188953.296,0.0,0.0,0,63928.598,0.0,0.0,84.466,86.059,95.298,30.718,13.7,13.634,18.29,15.1,82.54,2.09,52.47,115848.436,10501.238,20208.31,1248.639,2738.149,34696.335,0,0,0,0,0,456:30:00,50:25:00,43:25:00,21:40,113:35:00,685:35:00
ingenio el higo s.a. de c.v.,2012-2013,37,1688780.0,1568976.598,18044.09,194054.445,0.0,194054.445,0.0,0.0,0,66550.965,0.0,0.0,84.37,85.839,95.265,30.877,13.76,13.59,18.3,15.08,82.41,2.08,52.49,119803.402,10867.336,20966.256,1267.746,2770.15,35871.486,0,0,0,0,0,484:00:00,55:35:00,43:25:00,21:50,113:35:00,718:25:00
ingenio el higo s.a. de c.v.,2012-2013,38,1723319.0,1600669.653,18431.9,197633.489,0.0,197633.489,0.0,0.0,0,68330.715,0.0,0.0,84.304,85.71,95.245,30.97,13.79,13.555,18.29,15.06,82.34,2.08,52.51,122649.347,11106.719,21486.418,1279.998,2794.044,36667.178,0,0,0,0,0,487:20:00,55:35:00,43:25:00,23:50,180:55:00,791:05:00
ingenio el higo s.a. de c.v.,2012-2013,39,1756111.0,1633461.653,18825.84,199560.56,0.0,199560.56,0.0,0.0,0,70390.781,0.0,0.0,0.0,0.0,0.0,0.0,13.827,13.504,0.0,0.0,82.158,0.0,0.0,0.0,0.0,0.0,0.0,0.0,0.0,0,0,0,0,0,00:00,00:00,00:00,00:00,00:00,866:30:00
ingenio el higo s.a. de c.v.,2012-2013,40,1783678.34,1655952.823,19278.31,202307.95,0.0,202307.95,0.0,0.0,0,72363.696,112.459594,121.134,83.813,85.463,95.194,31.123,13.853,13.463,18.274,14.996,82.062,2.079,52.531,127725.517,11541.976,22775.731,1322.786,3231.215,38871.709,0,0,0,0,0,512:20:00,55:45:00,43:25:00,64:00:00,237:50:00,913:20:00
ingeio el mante s.a. de c.v.,2012-2013,6,44771.73,40513.169,471.281,3052.2,3052.21,0.0,0.0,0.0,0,668.375,0.0,0.0,72.212,90.52,93.461,30.623,13.8,12.24,16.17,12.63,78.14,2.61,51.44,3795.823,358.209,792.332,91.719,280.0,1522.26,203777,226732,0,0,430509,31:45:00,01:15,00:00,00:15,00:00,33:15:00
ingeio el mante s.a. de c.v.,2012-2013,7,84105.31,77215.554,3712.967,7262.95,7262.96,0.0,0.0,0.0,0,1785.681,0.0,0.0,76.289,92.75,94.076,29.965,13.74,12.37,16.0,12.54,78.39,2.44,50.85,6889.756,616.244,1318.008,143.274,389.0,2466.526,203777,259797,0,0,463574,48:50:00,02:30,00:00,00:15,00:00,51:35:00
ingeio el mante s.a. de c.v.,2012-2013,8,115879.06,106433.943,1209.0,10560.4,10560.41,0.0,0.0,0.0,0,2458.352,0.0,0.0,78.055,93.171,94.212,29.899,13.72,12.48,16.0,12.62,78.87,2.42,50.86,9217.283,837.249,1637.412,180.962,519.0,3174.623,203777,329487,0,0,533264,97:55:00,02:30,00:00,00:15,00:00,100:40:00
ingeio el mante s.a. de c.v.,2012-2013,9,157935.07,145534.211,3521.75,14366.05,14366.06,0.0,0.0,0.0,0,3520.034,0.0,0.0,78.237,93.823,94.373,29.816,13.68,12.66,16.0,12.73,79.6,2.39,50.88,12400.859,1124.951,2265.444,244.252,716.0,4350.647,203777,359279,0,0,563056,115:00:00,02:30,00:00,00:15,00:00,117:45:00
ingeio el mante s.a. de c.v.,2012-2013,10,199197.56,183631.917,1991.75,18792.05,18792.06,0.0,0.0,0.0,0,5114.479,0.0,0.0,78.72,94.121,94.486,29.774,13.64,12.8,15.99,12.85,80.36,2.37,50.99,15565.643,1405.746,2797.185,294.415,928.0,5425.346,203777,394725,0,0,598502,128:30:00,02:30,00:00,00:15,00:00,131:15:00
ingeio el mante s.a. de c.v.,2012-2013,11,236293.62,217840.647,2403.75,22957.5,22957.51,0.0,0.0,0.0,0,6382.157,0.0,0.0,79.024,94.517,94.568,29.8,13.59,12.92,15.98,12.92,80.89,2.35,51.21,18452.973,1658.114,3265.552,337.693,1141.0,6402.359,203777,455485,0,0,659262,155:40:00,02:30,00:00,00:15,00:00,158:25:00
ingeio el mante s.a. de c.v.,2012-2013,12,275576.98,254031.456,2796.5,27050.3,27050.31,0.0,0.0,0.0,0,7687.573,0.0,0.0,79.047,94.863,94.668,29.748,13.54,12.98,15.94,12.96,81.26,2.33,51.31,21545.524,1907.678,3820.951,386.502,1381.0,7496.131,203777,538978,0,0,742755,175:30:00,02:30,00:00,00:15,00:00,178:15:00
ingeio el mante s.a. de c.v.,2012-2013,13,314274.01,289778.826,3183.5,31512.35,31512.36,0.0,0.0,0.0,0,9265.082,0.0,0.0,79.131,95.135,94.749,29.707,13.51,13.09,15.97,13.04,81.65,2.31,51.28,24495.184,2157.898,4333.181,435.011,1644.0,8570.09,203777,625932,0,0,829709,195:50:00,02:30,00:00,00:15,00:00,198:35:00
ingeio el mante s.a. de c.v.,2012-2013,14,354523.16,326980.557,3518.75,35993.15,35993.16,0.0,0.0,0.0,0,10887.045,0.0,0.0,79.316,97.622,94.929,29.678,13.5,13.49,16.01,13.11,81.92,2.3,51.25,27542.603,2421.647,4866.851,488.632,1885.0,9662.13,203777,672696,629105,0,1505578,206:55:00,02:30,00:00,00:15,00:00,209:40:00
ingeio el mante s.a. de c.v.,2012-2013,15,364293.15,335969.414,3616.5,37530.1,37530.11,0.0,0.0,0.0,0,11327.827,0.0,0.0,79.217,95.5,94.773,29.711,13.49,13.22,15.74,13.12,83.34,2.33,51.33,28323.736,2514.843,5051.947,502.645,1939.0,10008.435,203777,895726,629105,0,1728608,319:60,02:30,00:00,00:15,00:00,322:45:00
ingeio el mante s.a. de c.v.,2012-2013,16,391762.76,360983.723,3878.5,40057.15,40057.16,0.0,0.0,0.0,0,12300.771,0.0,0.0,79.066,95.701,94.747,29.779,13.51,13.298,15.57,13.16,84.53,2.35,51.34,30686.784,2734.21,5423.189,539.001,2209.0,10905.4,203777,1081867,630296,0,1915940,366:25:00,02:30,00:00,00:15,00:00,369:10:00
ingeio el mante s.a. de c.v.,2012-2013,17,430956.87,396643.953,4251.75,44433.1,44433.11,0.0,0.0,0.0,0,13649.824,0.0,0.0,79.217,95.953,94.833,29.671,13.5,13.408,15.66,13.25,84.64,2.33,51.24,33760.045,2983.126,5912.842,591.054,2522.0,12009.022,203777,1106891,631786,0,1942454,384:30:00,02:30,00:00,00:15,00:00,387:15:00
ingeio el mante s.a. de c.v.,2012-2013,18,470921.17,431858.526,4639.75,48808.8,48808.81,0.0,0.0,0.0,0,14861.517,0.0,0.0,79.223,96.055,94.861,29.676,13.51,13.485,15.74,13.32,84.6,2.33,51.21,36911.751,3260.999,6425.921,646.463,2860.5,13193.883,203777,1142339,637148,0,1983264,400:55:00,02:30,00:00,00:15,00:00,403:40:00
ingeio el mante s.a. de c.v.,2012-2013,19,507042.82,464872.134,4990.5,53098.5,53098.5,0.0,0.0,0.0,0,16142.137,0.0,0.0,79.233,96.129,94.878,29.667,13.52,13.56,15.82,13.38,84.58,2.34,51.16,39822.689,3519.69,6877.643,695.946,3185.7,14278.979,203777,1160513,637744,0,2002034,430:30:00,02:30,00:00,00:15,00:00,433:15:00
ingeio el mante s.a. de c.v.,2012-2013,20,545535.73,500355.389,5357.0,57787.6,57787.6,0.0,0.0,0.0,0,17530.294,0.0,0.0,79.426,96.288,94.925,29.624,13.53,13.652,15.91,13.46,84.6,2.34,51.08,42813.322,3777.442,7343.372,750.164,3451.7,15322.678,203777,1226328,638340,0,2068445,448:03:00,02:30,00:00,00:15,00:00,451:15:00
ingeio el mante s.a. de c.v.,2012-2013,21,581077.5,533130.269,5801.25,62480.45,62480.45,0.0,0.0,0.0,0,18505.052,0.0,0.0,79.647,96.448,94.971,29.58,13.53,13.747,16.0,13.54,84.6,2.34,51.01,45473.584,4014.872,7778.689,799.758,3664.7,16258.019,203777,1334130,666928,0,2204835,478:45:00,02:30,00:00,00:15,00:00,481:30:00
ingeio el mante s.a. de c.v.,2012-2013,22,619292.22,568104.569,6347.25,67204.5,67204.5,0.0,0.0,0.0,0,19630.937,0.0,0.0,79.789,96.472,94.971,29.597,13.56,13.835,16.1,13.62,84.62,2.35,50.91,48249.093,4306.546,8253.884,859.214,3896.7,17316.344,203777,1362686,670503,0,2236966,499:40:00,02:30,00:00,00:15,00:00,502:25:00
ingeio el mante s.a. de c.v.,2012-2013,23,654738.63,600382.479,6938.0,71449.3,71449.3,0.0,0.0,0.0,0,20694.773,0.0,0.0,79.895,96.56,94.972,29.611,13.59,13.906,16.16,13.68,84.62,2.36,50.84,50914.02,4575.493,8681.101,910.04,4137.7,18304.334,203777,1378773,672588,0,2255138,530:35:00,02:30,00:00,00:15,00:00,533:20:00
ingeio el mante s.a. de c.v.,2012-2013,24,693166.18,635257.11,7487.0,76053.5,76053.5,0.0,0.0,0.0,0,22189.642,0.0,0.0,79.943,96.662,94.94,29.683,13.62,13.984,16.23,13.73,84.64,2.38,50.83,53859.665,4902.508,9162.437,966.685,4410.7,19442.33,203777,1422552,674673,0,2301002,551:10:00,02:30,00:00,00:15,00:00,553:55:00
ingeio el mante s.a. de c.v.,2012-2013,25,726476.23,665307.995,7903.25,80164.4,80164.4,0.0,0.0,0.0,0,23569.566,0.0,0.0,79.981,96.733,94.906,29.699,13.64,14.034,16.27,13.77,84.63,2.41,50.78,56359.545,5191.546,9582.748,1031.419,4604.7,20410.413,203777,1439833,679737,0,2323347,588:15:00,02:30,00:00,00:45,00:00,591:30:00
ingeio el mante s.a. de c.v.,2012-2013,26,759045.84,694620.87,8368.5,83711.85,83711.85,0.0,0.0,0.0,0,25048.087,0.0,0.0,79.908,96.859,94.909,29.706,13.65,14.08,16.3,13.8,84.63,2.41,50.73,58803.562,5438.588,10050.603,1080.733,4902.7,21472.624,203777,1463364,680929,0,2348070,628:30:00,02:30,00:00,00:45,00:00,631:45:00
ingeio el mante s.a. de c.v.,2012-2013,27,795033.45,726648.431,8882.5,87906.5,87906.5,0.0,0.0,0.0,0,26517.512,0.0,0.0,79.923,96.981,94.92,29.711,13.67,14.118,16.33,13.82,84.62,2.41,50.67,61613.317,5699.849,10508.704,1139.337,5186.7,22534.59,203777,1472600,683610,0,2359987,652:15:00,02:30,00:00,00:50,00:00,655:35:00
ingeio el mante s.a. de c.v.,2012-2013,28,833124.99,761470.725,9517.25,92347.95,92347.95,0.0,0.0,0.0,0,28047.22,0.0,0.0,79.917,97.099,94.919,29.721,13.69,14.159,16.33,13.84,84.77,2.42,50.62,64381.749,5991.119,11017.832,1202.536,5479.1,23690.587,203777,1520566,690162,0,2414505,669:15:00,02:30,00:00,01:00,00:00,672:45:00
ingeio el mante s.a. de c.v.,2012-2013,29,861014.33,786498.199,9982.0,96185.05,96185.05,0.0,0.0,0.0,0,29248.2,0.0,0.0,79.915,97.198,94.922,29.736,13.7,14.186,16.33,13.85,84.84,2.42,50.6,66670.13,6200.488,11394.787,1244.38,5693.1,24532.755,203777,1615562,691353,0,2510692,707:40:00,13:30,00:00,01:00,00:00,722:10:00
ingeio el mante s.a. de c.v.,2012-2013,30,887295.68,810248.24,10420.0,99210.15,99210.15,0.0,0.0,0.0,0,30349.86,0.0,0.0,79.772,97.339,94.906,29.749,13.71,14.213,16.32,13.86,84.94,2.43,50.57,68872.909,6421.934,11748.451,1280.671,6059.1,25510.156,203777,1634017,693140,0,2530934,731:10:00,47:15:00,00:00,01:05,00:00,779:25:00
ingeio el mante s.a. de c.v.,2012-2013,31,916023.82,836612.822,10898.75,102318.0,102318.0,0.0,0.0,0.0,0,31441.946,0.0,0.0,79.754,97.472,94.884,29.77,13.72,14.235,16.32,13.86,84.88,2.45,50.52,71041.328,6668.96,12151.153,1339.842,6239.3,26399.255,203777,1649502,693736,0,2547015,757:03:00,68:45:00,00:00,01:05,00:00,827:15:00
ingeio el mante s.a. de c.v.,2012-2013,32,947166.24,865005.646,11590.75,106142.4,106142.4,0.0,0.0,0.0,0,32698.171,0.0,0.0,79.76,97.662,94.863,29.781,13.73,14.263,16.33,13.85,84.84,2.46,50.48,73574.359,6936.593,12558.784,1398.601,6448.3,27342.278,203777,1714153,700692,0,2618622,782:30:00,80:20:00,00:00,01:15,00:00,864:05:00
ingeio el mante s.a. de c.v.,2012-2013,33,973395.28,889054.437,12115.25,108938.9,108938.9,0.0,0.0,0.0,0,33791.477,0.0,0.0,79.729,97.805,94.866,29.787,13.74,14.276,16.34,13.85,84.74,2.46,50.47,75627.416,7132.036,12891.524,1498.093,6648.3,28169.953,203777,1904583,708245,0,2816605,797:35:00,114:20:00,00:00,07:20,00:00,919:15:00
ingeio el mante s.a. de c.v.,2012-2013,34,997232.89,910648.485,12592.0,110951.1,110951.1,0.0,0.0,0.0,0,34741.277,0.0,0.0,79.691,97.901,94.863,29.795,13.75,14.283,16.35,13.84,84.63,2.46,50.45,77557.696,7315.212,13205.518,1567.442,6839.3,28927.472,203777,2007753,725327,0,2936857,843:50:00,135:30:00,00:00,07:30,00:00,986:50:00
ingeio el mante s.a. de c.v.,2012-2013,35,1027243.73,947329.926,13342.25,113878.35,113878.35,0.0,0.0,0.0,0,35910.46,0.0,0.0,79.627,97.965,94.831,29.814,13.76,14.278,16.36,13.82,84.49,2.48,50.43,79913.804,7579.104,13590.095,1629.014,7082.8,29881.013,203777,2099076,733263,0,3036116,889:55:00,135:30:00,00:00,07:50,00:00,1033:15:00
ingeio el mante s.a. de c.v.,2012-2013,36,1056799.87,974508.895,13902.0,116897.3,116897.3,0.0,0.0,0.0,0,37338.59,0.0,0.0,79.513,98.005,94.767,29.869,13.78,14.269,16.33,13.8,84.5,2.5,50.44,82290.975,7887.814,13997.007,1688.919,7318.8,30892.54,203777,2274442,741605,0,3219824,927:45:00,135:30:00,00:00,08:20,00:00,1071:35:00
ingeio el mante s.a. de c.v.,2012-2013,37,1066035.9,982960.63,14017.0,118711.15,118711.15,0.0,0.0,0.0,0,43750.292,121.092363,131.327,79.457,97.999,94.749,29.91,13.79,14.265,16.31,13.791,84.56,2.504,50.402,83075.27,7982.62,14135.055,1708.913,7412.305,31238.893,203777,2409933,767221,0,3380931,939:05:00,135:30:00,00:00,08:20,30:40:00,1113:35:00
fideicomiso ingenio el modelo,2012-2013,11,49589.94,48033.443,384.5,3441.5,0.0,3441.5,0.0,0.0,0,1007.136,0.0,0.0,74.417,87.914,94.423,28.242,13.21,11.98,15.78,12.87,81.57,2.37,50.23,1556.497,331.347,949.414,85.057,154.254,1520.072,8500,130534,0,0,139034,40:50:00,01:20,00:00,00:15,00:00,42:25:00
fideicomiso ingenio el modelo,2012-2013,12,96925.545,93780.026,748.5,8470.4,0.0,8470.4,0.0,0.0,0,2833.328,0.0,0.0,78.467,92.156,95.116,27.687,12.95,12.25,15.52,12.65,81.52,2.16,50.44,3145.519,580.073,1539.008,132.905,305.316,2557.302,8500,177373,0,0,185873,48:30:00,01:50,00:00,03:35,00:00,53:55:00
fideicomiso ingenio el modelo,2012-2013,13,138924.15,134456.403,1118.5,13204.55,0.0,13204.55,0.0,0.0,0,4749.075,0.0,0.0,80.315,92.867,95.303,27.198,12.74,12.38,15.58,12.71,81.55,2.14,50.36,4467.747,808.008,1989.261,174.48,414.675,3386.424,8500,177373,0,0,185873,51:35:00,31:00:00,00:00,04:50,00:00,87:25:00
fideicomiso ingenio el modelo,2012-2013,14,181011.615,175100.887,1789.0,17991.85,0.0,17991.85,0.0,0.0,0,6488.668,0.0,0.0,81.623,93.632,95.455,26.873,12.6,12.5,15.58,12.74,81.82,2.11,50.35,5910.728,1028.292,2427.938,214.981,486.855,4158.066,8500,187023,0,0,195523,54:20:00,59:35:00,00:00,06:50,00:00,120:45:00
fideicomiso ingenio el modelo,2012-2013,15,233843.01,226154.895,1946.5,23970.75,0.0,23970.75,0.0,0.0,0,8403.206,0.0,0.0,82.673,94.471,95.586,26.698,12.54,12.6,15.54,12.74,81.99,2.08,50.29,7688.115,1299.972,2954.956,264.684,583.48,5103.092,8500,187023,0,0,195523,55:60,60:45:00,00:00,07:50,00:00,124:35:00
fideicomiso ingenio el modelo,2012-2013,16,276921.61,267521.658,2328.25,28955.25,0.0,28955.25,0.0,0.0,0,10080.753,0.0,0.0,83.132,94.646,95.547,26.749,12.553,12.659,15.56,12.78,82.11,2.11,50.29,9399.952,1560.804,3384.087,304.273,663.715,5912.879,8500,196161,0,0,204661,74:27:00,64:30:00,00:00,08:30,00:00,147:27:00
fideicomiso ingenio el modelo,2012-2013,17,327293.8,316167.903,2786.5,34518.85,0.0,34518.85,0.0,0.0,0,11735.854,0.0,0.0,83.608,95.187,95.592,26.756,12.582,12.771,15.58,12.82,82.323,2.1,50.2,11125.897,1842.509,3904.591,350.611,753.889,6851.6,8500,203462,0,0,211962,78:45:00,64:44:00,00:00,10:08,00:00,153:37:00
fideicomiso ingenio el modelo,2012-2013,18,377023.81,364125.646,3241.0,40170.6,0.0,40170.6,0.0,0.0,0,13575.147,0.0,0.0,83.986,95.051,95.633,26.744,12.597,12.882,15.71,12.96,82.498,2.1,50.12,12898.164,2120.749,4412.535,408.535,836.07,7777.889,8500,206799,0,0,215299,85:60,64:44:00,00:00,10:03,00:00,161:14:00
fideicomiso ingenio el modelo,2012-2013,19,428362.81,413670.094,3731.25,46497.2,0.0,46497.2,0.0,0.0,0,15198.659,0.0,0.0,84.309,95.121,95.647,26.838,12.654,13.001,15.82,13.07,82.652,2.11,50.06,14692.716,2423.892,4923.75,473.777,916.58,8737.999,8500,206799,0,0,215299,88:22:00,64:44:00,00:00,11:32,00:00,164:38:00
fideicomiso ingenio el modelo,2012-2013,20,478958.3,462426.556,4229.0,52579.95,0.0,52579.95,0.0,0.0,0,16821.821,0.0,0.0,84.585,95.209,95.657,26.937,12.713,13.109,15.91,13.17,82.78,2.11,50.01,16531.744,2726.59,5428.019,536.882,986.438,9677.929,8500,207742,0,0,216242,95:55:00,64:47:00,00:00,0.583333333,00:00,173:48:00
fideicomiso ingenio el modelo,2012-2013,21,529538.42,511256.857,4711.25,58458.25,0.0,58458.25,0.0,0.0,0,18472.228,0.0,0.0,84.798,95.272,95.685,26.994,12.754,13.198,16.0,13.26,82.863,2.11,49.96,18281.563,3015.853,5963.383,589.859,1055.268,10624.363,8500,217215,0,0,225715,97:53:00,66:34:00,00:00,13:45,03:25,181:37:00
fideicomiso ingenio el modelo,2012-2013,22,579315.445,559334.288,5196.75,64786.4,0.0,64786.4,0.0,0.0,0,20188.873,0.0,0.0,84.907,95.292,95.694,27.046,12.784,13.267,16.07,13.32,82.922,2.11,49.93,19981.157,3309.59,6505.478,653.79,1130.56,11599.418,8500,217215,0,0,225715,104:09:00,66:39:00,00:00,14:25,03:25,188:38:00
fideicomiso ingenio el modelo,2012-2013,23,629947.225,608022.226,5692.75,70975.05,0.0,70975.05,0.0,0.0,0,21822.098,0.0,0.0,85.044,95.348,95.719,27.108,12.824,13.347,16.15,13.4,82.977,2.11,49.89,21924.999,3599.409,7071.905,704.251,1199.567,12575.132,8500,217215,0,0,225715,110:25:00,67:27:00,00:00,14:46,03:25,196:03:00
fideicomiso ingenio el modelo,2012-2013,24,678950.705,654827.813,6185.0,76824.45,0.0,76824.45,0.0,0.0,0,23354.318,0.0,0.0,85.124,95.403,95.736,27.128,12.844,13.397,16.19,13.44,83.023,2.11,49.85,24122.892,3879.016,7619.786,761.195,1271.085,13531.082,8500,217215,0,0,225715,123:55:00,67:52:00,00:00,15:15,03:25,210:27:00
fideicomiso ingenio el modelo,2012-2013,25,727163.245,701142.976,6677.0,82764.8,0.0,82764.8,0.0,0.0,0,24999.672,0.0,0.0,85.174,95.295,95.726,27.159,12.868,13.409,16.22,13.47,83.056,2.11,49.82,26020.269,4167.654,8125.334,826.886,1336.001,14455.875,8500,240798,0,0,249298,132:26:00,68:27:00,00:00,16:01,03:25,220:19:00
fideicomiso ingenio el modelo,2012-2013,26,766665.025,738895.159,7079.25,87034.95,0.0,87034.95,0.0,0.0,0,26187.452,0.0,0.0,85.208,95.314,95.733,27.179,12.885,13.438,16.25,13.5,83.082,2.11,49.79,27769.866,4395.784,8582.443,869.518,1391.62,15239.365,8500,240798,0,0,249298,142:59:00,98:47:00,00:00,16:42,03:25,261:53:00
fideicomiso ingenio el modelo,2012-2013,27,815415.42,785534.878,7588.75,92922.2,0.0,92922.2,0.0,0.0,0,27866.728,0.0,0.0,85.236,95.392,95.735,27.216,12.911,13.452,16.25,13.5,83.105,2.11,49.76,29880.542,4678.399,9136.908,923.196,1456.322,16194.825,8500,240798,0,0,249298,145:40:00,99:27:00,00:00,17:19,03:25,265:51:00
fideicomiso ingenio el modelo,2012-2013,28,863232.235,831397.096,8097.25,98686.1,0.0,98686.1,0.0,0.0,0,29325.918,0.0,0.0,85.288,95.438,95.745,27.194,12.905,13.469,16.25,13.51,83.123,2.11,49.75,31835.139,4947.431,9663.255,973.449,1520.414,17104.549,8500,240798,0,0,249298,156:34:00,99:27:00,00:00,19:02,03:25,278:28:00
fideicomiso ingenio el modelo,2012-2013,29,906788.57,873098.394,8566.5,104377.75,0.0,104377.75,0.0,0.0,0,30987.829,0.0,0.0,85.388,95.39,95.735,27.265,12.937,13.488,16.28,13.54,83.139,2.11,49.76,33690.176,5215.975,10051.682,1028.006,1576.539,17872.202,8500,241425,0,0,249925,174:42:00,100:17:00,00:00,19:59,03:25,298:23:00
fideicomiso ingenio el modelo,2012-2013,30,953435.465,917920.609,9093.25,110137.85,0.0,110137.85,0.0,0.0,0,32564.348,0.0,0.0,85.481,95.33,95.713,27.397,12.994,13.523,16.33,13.58,83.155,2.12,49.77,35514.856,5527.437,10475.125,1083.286,1633.616,18719.464,8500,241425,0,0,249925,183:45:00,106:54:00,00:00,20:02,03:25,314:28:00
fideicomiso ingenio el modelo,2012-2013,31,1000854.31,963592.858,9634.25,115728.45,0.0,115728.45,0.0,0.0,0,34194.445,0.0,0.0,85.535,95.263,95.688,27.575,13.077,13.56,16.38,13.62,83.171,2.12,49.76,37261.452,5852.238,10948.786,1135.752,1693.885,19630.661,8500,241425,0,0,249925,186:35:00,107:14:00,00:00,21:09,06:55,321:53:00
fideicomiso ingenio el modelo,2012-2013,32,1048334.82,1009339.945,10196.25,121552.9,0.0,121552.9,0.0,0.0,0,35805.883,0.0,0.0,85.557,95.237,95.665,27.723,13.145,13.583,16.4,13.64,83.181,2.12,49.77,38994.875,6172.383,11449.508,1193.477,1750.915,20566.283,8500,241425,0,0,249925,196:04:00,109:14:00,00:00,22:48,06:55,335:01:00
fideicomiso ingenio el modelo,2012-2013,33,1095953.075,1055186.941,10736.25,126986.45,0.0,126986.45,0.0,0.0,0,37321.594,0.0,0.0,85.557,95.132,95.643,27.846,13.203,13.596,16.43,13.67,83.188,2.13,49.77,40766.134,6491.751,11966.463,1247.421,1815.268,21520.903,8500,241425,0,0,249925,199:47:00,111:29:00,00:00,24:07:00,06:55,342:18:00
fideicomiso ingenio el modelo,2012-2013,34,1112706.84,1071294.267,10966.2,129600.15,0.0,129600.15,0.0,0.0,0,38756.504,114.905643,119.348,85.345,95.09,95.64,27.852,13.205,13.596,16.437,13.674,83.189,2.128,49.77,41412.573,6596.305,12354.958,1269.453,1948.71,22169.426,8500,241425,12348,0,262273,204:32:00,111:29:00,00:00,24:22:00,06:55,347:18:00
ingenio el molino s.a. de c.v.,2012-2013,13,20783.535,20528.813,330.0,1620.05,0.0,1620.05,0.0,0.0,0,308.234,0.0,0.0,80.083,99.742,94.735,28.742,13.065,13.004,14.88,12.35,82.978,2.38,51.5,254.722,142.31,279.631,63.0,53.363,538.304,0,0,0,0,0,00:00,00:00,00:00,00:00,00:00,00:00
ingenio el molino s.a. de c.v.,2012-2013,14,38691.01,38179.938,610.0,3719.5,0.0,3719.5,0.0,0.0,0,1227.058,0.0,0.0,81.264,99.726,94.564,29.015,13.213,13.116,15.01,12.44,82.848,2.46,51.33,511.072,275.87,457.354,106.5,111.044,950.768,0,0,0,0,0,05:25,00:00,00:00,63:30:00,00:00,68:55:00
ingenio el molino s.a. de c.v.,2012-2013,15,64034.33,63087.245,1000.0,6503.4,0.0,6503.4,0.0,0.0,0,2194.117,0.0,0.0,82.241,99.767,94.546,29.093,13.2,13.184,15.13,12.49,82.592,2.47,51.48,947.085,460.407,722.87,133.5,182.498,1499.275,0,0,0,0,0,18:35,00:00,00:00,103:00:00,00:00,120:45:00
ingenio el molino s.a. de c.v.,2012-2013,16,98151.905,96766.795,1520.0,10741.25,0.0,10741.25,0.0,0.0,0,3466.595,0.0,0.0,83.694,99.779,94.643,28.85,13.084,13.396,15.33,12.71,82.91,2.49,51.49,1385.11,704.397,1074.273,166.5,198.847,2144.017,0,0,0,0,0,24:40:00,00:00,00:00,112:20:00,00:00,136:60
ingenio el molino s.a. de c.v.,2012-2013,17,130578.255,128726.223,2010.0,14847.85,0.0,14847.85,0.0,0.0,0,4692.241,0.0,0.0,84.611,99.798,94.738,28.629,13.025,13.633,15.55,12.94,83.246,2.51,51.32,1852.032,936.744,1402.501,189.5,210.849,2739.594,0,0,0,0,0,46:50:00,00:00,00:00,114:55:00,00:00,161:45:00
ingenio el molino s.a. de c.v.,2012-2013,18,160872.565,158538.937,2480.0,18628.8,0.0,18628.8,0.0,0.0,0,5916.24,0.0,0.0,85.048,99.809,94.817,28.493,12.993,13.756,15.65,13.07,83.472,2.5,51.22,2333.628,1147.011,1724.855,211.5,225.403,3308.769,0,0,0,0,0,75:50:00,00:00,00:00,118:15:00,00:00,193:20:00
ingenio el molino s.a. de c.v.,2012-2013,19,195007.14,192245.991,3010.0,22674.8,0.0,22674.8,0.0,0.0,0,7136.24,0.0,0.0,85.228,99.799,94.86,28.374,12.949,13.839,15.74,13.15,83.598,2.51,51.17,2761.149,1387.208,2091.137,246.5,261.887,3986.732,0,0,0,0,0,92:35:00,00:00,00:00,118:15:00,00:00,210:50:00
ingenio el molino s.a. de c.v.,2012-2013,20,228859.21,225641.057,3530.0,26915.55,0.0,26915.55,0.0,0.0,0,8457.416,0.0,0.0,85.416,99.799,94.917,28.257,12.913,13.927,15.86,13.25,83.517,2.5,51.11,3218.153,1620.183,2456.054,282.5,289.703,4648.44,0,0,0,0,0,97:20:00,01:00,00:00,131:15:00,00:00,228:45:00
ingenio el molino s.a. de c.v.,2012-2013,21,263408.115,259665.286,4050.0,31294.6,0.0,31294.6,0.0,0.0,0,9802.592,0.0,0.0,85.476,99.8,94.994,28.123,12.874,14.046,16.01,13.37,83.524,2.5,51.02,3742.829,1852.25,2840.539,327.5,353.653,5373.942,0,0,0,0,0,115:05:00,01:00,00:00,131:15:00,00:00,246:25:00
ingenio el molino s.a. de c.v.,2012-2013,22,299160.475,294965.167,4610.0,36005.7,0.0,36005.7,0.0,0.0,0,11184.716,0.0,0.0,85.705,99.796,95.07,28.065,12.867,14.17,16.15,13.5,83.591,2.49,50.97,4195.308,2089.75,3207.63,369.5,392.94,6059.82,0,0,0,0,0,126:25:00,01:00,00:00,131:15:00,00:00,257:50:00
ingenio el molino s.a. de c.v.,2012-2013,23,333630.115,329012.792,5140.0,40614.3,0.0,40614.3,0.0,0.0,0,12617.217,0.0,0.0,85.732,99.805,95.122,28.016,12.861,14.28,16.27,13.61,83.659,2.49,50.91,4617.323,2323.987,3591.026,418.5,463.676,6797.189,0,0,0,0,0,144:40:00,01:00,00:00,131:15:00,00:00,276:50:00
ingenio el molino s.a. de c.v.,2012-2013,24,370158.12,364972.682,5680.0,45406.1,0.0,45406.1,0.0,0.0,0,14153.309,0.0,0.0,85.774,99.813,95.176,27.981,12.858,14.391,16.38,13.72,83.76,2.48,50.87,5185.438,2569.89,3995.585,465.5,547.265,7578.24,0,0,0,0,0,149:35:00,01:00,00:00,131:15:00,00:00,280:60
ingenio el molino s.a. de c.v.,2012-2013,25,403620.86,397986.986,6190.0,49945.6,0.0,49945.6,0.0,0.0,0,15508.921,0.0,0.0,85.772,99.82,95.209,27.968,12.861,14.489,16.48,13.82,83.853,2.48,50.83,5633.874,2801.868,4381.094,528.5,609.531,8320.993,0,0,0,0,0,169:00:00,01:00,00:00,131:15:00,00:00,299:35:00
ingenio el molino s.a. de c.v.,2012-2013,26,435403.43,429411.159,6680.0,54253.25,0.0,54253.25,0.0,0.0,0,16837.509,0.0,0.0,85.728,99.835,95.247,27.965,12.865,14.575,16.57,13.9,83.915,2.48,50.82,5992.271,3015.95,4733.692,594.5,712.465,9056.607,0,0,0,0,0,187:00:00,01:00,00:00,143:30:00,00:00,329:50:00
ingenio el molino s.a. de c.v.,2012-2013,27,465859.03,459348.907,7140.0,58091.65,0.0,58091.65,0.0,0.0,0,18210.744,0.0,0.0,85.616,99.838,95.274,27.958,12.87,14.643,16.65,13.97,83.919,2.48,50.79,6510.123,3223.956,5108.44,667.5,812.42,9812.316,0,0,0,0,0,186:15:00,01:00,33:55:00,143:35:00,00:00,363:55:00
ingenio el molino s.a. de c.v.,2012-2013,28,501562.7,494546.581,7680.0,62943.3,0.0,62943.3,0.0,0.0,0,19743.833,0.0,0.0,85.566,99.842,95.304,27.937,12.853,14.718,16.74,14.05,83.94,2.47,50.82,7016.119,3466.378,5536.476,719.5,932.751,10655.105,0,0,0,0,0,196:20:00,01:00,33:55:00,143:35:00,00:00,373:60
ingenio el molino s.a. de c.v.,2012-2013,29,536412.015,528932.929,8230.0,67679.3,0.0,67679.3,0.0,0.0,0,21146.748,0.0,0.0,85.587,99.843,95.329,27.929,12.845,14.785,16.82,14.12,83.92,2.47,50.83,7479.086,3704.34,5978.042,763.5,985.066,11430.948,0,0,0,0,0,208:35:00,01:00,33:55:00,143:35:00,00:00,386:15:00
ingenio el molino s.a. de c.v.,2012-2013,30,572307.155,564269.199,8790.0,72534.1,0.0,72534.1,0.0,0.0,0,22682.614,0.0,0.0,85.577,99.839,95.355,27.909,12.842,14.844,16.9,14.18,83.897,2.47,50.81,8037.956,3946.457,6403.693,808.5,1094.139,12252.789,0,0,0,0,0,217:20:00,01:00,33:55:00,143:35:00,00:00,394:60
ingenio el molino s.a. de c.v.,2012-2013,31,607430.955,598894.589,9330.0,77346.3,0.0,77346.3,0.0,0.0,0,24116.353,0.0,0.0,85.618,99.838,95.372,27.905,12.84,14.899,16.96,14.23,83.899,2.47,50.81,8536.366,4188.55,6797.534,845.5,1184.41,13015.994,0,0,0,0,0,225:45:00,01:00,33:55:00,143:35:00,00:00,403:25:00
ingenio el molino s.a. de c.v.,2012-2013,32,640180.67,631247.039,9830.0,81583.1,0.0,81583.1,0.0,0.0,0,25549.975,0.0,0.0,85.572,99.838,95.384,27.909,12.84,14.943,17.02,14.28,83.898,2.47,50.82,8933.631,4415.785,7213.537,889.5,1283.018,13801.84,0,0,0,0,0,237:35:00,01:00,33:55:00,143:35:00,00:00,415:15:00
ingenio el molino s.a. de c.v.,2012-2013,33,669061.71,659637.469,10260.0,85717.9,0.0,85717.9,0.0,0.0,0,26880.123,0.0,0.0,85.545,99.841,95.399,27.915,12.845,14.979,17.06,14.31,83.905,2.47,50.81,9424.241,4611.57,7543.714,956.5,1375.098,14486.882,0,0,0,0,0,253:40:00,17:20,33:55:00,143:35:00,00:00,448:03:00
ingenio el molino s.a. de c.v.,2012-2013,34,691202.005,681451.857,10600.0,88469.4,0.0,88469.4,0.0,0.0,0,27698.138,0.0,0.0,85.489,99.837,95.404,27.928,12.854,15.001,17.09,14.34,83.897,2.47,50.8,9750.148,4765.673,7805.074,1009.5,1466.314,15046.561,0,0,0,0,0,306:55:00,27:35:00,33:55:00,143:35:00,00:00,511:60
ingenio el molino s.a. de c.v.,2012-2013,35,716792.86,706678.476,10980.0,91721.9,0.0,91721.9,0.0,0.0,0,28825.345,0.0,0.0,85.364,99.836,95.409,27.928,12.861,15.013,17.11,14.35,83.874,2.47,50.77,10114.384,4941.079,8108.048,1054.5,1647.268,15750.895,0,0,0,0,0,312:45:00,66:25:00,33:55:00,143:35:00,00:00,556:40:00
ingenio el molino s.a. de c.v.,2012-2013,36,738488.85,727976.986,11280.0,94344.9,0.0,94344.9,0.0,0.0,0,29767.055,0.0,0.0,85.23,99.834,95.413,27.933,12.866,15.024,17.12,14.36,83.87,2.47,50.77,10511.864,5089.541,8373.063,1095.5,1829.059,16387.163,0,0,0,0,0,360:50:00,82:15:00,33:55:00,143:35:00,00:00,619:50:00
ingenio el molino s.a. de c.v.,2012-2013,37,758469.945,745241.787,11254.0,96897.95,0.0,96897.95,0.0,0.0,0,0.0,0.0,0.0,0.0,0.0,0.0,0.0,0.0,0.0,0.0,0.0,0.0,0.0,0.0,0.0,0.0,0.0,0.0,0.0,0.0,0,0,0,0,0,00:00,00:00,00:00,00:00,00:00,00:00
ingenio el molino s.a. de c.v.,2012-2013,38,759318.175,748475.194,11500.0,97398.95,0.0,97398.95,0.0,0.0,0,31851.247,127.815003,129.667,85.197,99.827,95.416,27.942,12.873,15.028,17.132,14.364,83.843,2.465,50.76,10842.981,5230.865,8621.029,1151.5,1888.562,16891.956,0,0,0,0,0,364:15:00,193:50:00,33:55:00,143:35:00,00:00,735:35:00
fideicomiso ingenio el potrero,2012-2013,10,88255.64,86699.99,1005.76,6987.95,6987.95,0.0,0.0,0.0,0,1438.36,0.0,0.0,84.638,91.873,96.464,27.735,13.12,13.35,16.66,14.02,84.11,1.7,50.35,1555.65,416.597,1124.58,79.206,189.563,1809.946,452875,122256,0,0,575131,00:00,00:00,00:00,00:00,00:00,00:00
fideicomiso ingenio el potrero,2012-2013,11,148142.115,145522.146,1713.02,15062.95,15062.95,0.0,0.0,0.0,0,3915.165,0.0,0.0,85.122,92.574,96.423,27.683,13.07,13.44,16.64,14.0,84.11,1.74,50.44,2619.969,711.999,1797.716,129.416,322.657,2961.788,452875,657799,0,0,1110674,13:20,00:00,00:00,00:00,00:00,13:20
fideicomiso ingenio el potrero,2012-2013,12,210069.37,206367.801,2452.94,22180.7,22180.7,0.0,0.0,0.0,0,6179.436,0.0,0.0,85.328,92.289,96.438,27.809,13.13,13.54,16.79,14.15,84.24,1.73,50.46,3701.569,1013.03,2475.344,181.166,503.392,4172.932,452875,961239,0,0,1414114,26:35:00,01:55,00:00,00:00,00:00,28:30:00
fideicomiso ingenio el potrero,2012-2013,13,289224.91,284141.888,3393.46,31448.85,31448.85,0.0,0.0,0.0,0,8778.325,0.0,0.0,85.528,92.724,96.518,27.655,13.07,13.65,16.87,14.21,84.25,1.72,50.46,5083.022,1374.674,3347.068,257.09,735.349,5714.181,452875,1192436,0,0,1645311,27:15:00,01:55,00:00,00:00,00:00,29:10:00
fideicomiso ingenio el potrero,2012-2013,14,364494.705,358088.978,4295.75,40200.25,40200.25,0.0,0.0,0.0,0,11081.11,0.0,0.0,85.635,92.739,96.517,27.64,13.06,13.68,16.92,14.23,84.11,1.72,50.46,6405.727,1736.37,4156.496,323.47,945.715,7162.051,452875,1401271,0,0,1854146,27:35:00,01:55,00:00,02:45,03:00,35:15:00
fideicomiso ingenio el potrero,2012-2013,15,434931.695,427330.597,5160.56,49362.5,49362.5,0.0,0.0,0.0,0,13324.249,0.0,0.0,85.743,92.749,96.526,27.539,13.01,13.71,16.99,14.27,83.97,1.73,50.46,7601.098,2071.378,4905.591,387.444,1136.665,8501.078,452875,1727511,0,0,2180386,28:30:00,01:55,00:00,03:15,17:50,51:30:00
fideicomiso ingenio el potrero,2012-2013,16,510279.555,501392.62,6124.34,58179.65,58179.65,0.0,0.0,0.0,0,15787.151,0.0,0.0,85.869,93.026,96.556,27.342,12.923,13.759,17.02,14.28,83.928,1.73,50.46,8886.935,2418.336,5706.105,456.186,1340.974,9921.601,452875,1933987,0,0,2386862,34:10:00,01:55,00:00,03:15,17:50,57:10:00
fideicomiso ingenio el potrero,2012-2013,17,580574.945,570498.585,7050.95,67318.9,67318.9,0.0,0.0,0.0,0,18176.738,0.0,0.0,86.083,93.11,96.576,27.232,12.872,13.818,17.06,14.33,83.992,1.74,50.45,10076.36,2746.674,6381.366,520.623,1515.99,11164.653,452875,2296659,0,0,2749534,46:40:00,01:55,00:00,03:15,17:50,69:40:00
fideicomiso ingenio el potrero,2012-2013,18,655714.24,644366.741,8062.39,76726.6,76726.6,0.0,0.0,0.0,0,20475.107,0.0,0.0,86.274,93.153,96.589,27.169,12.843,13.893,17.14,14.4,84.039,1.74,50.45,11347.499,3107.279,7126.678,590.685,1679.304,12503.946,452875,2453992,0,0,2906867,50:50:00,01:55,00:00,03:15,17:50,73:50:00
fideicomiso ingenio el potrero,2012-2013,19,729586.435,716993.942,9015.03,86331.1,86331.1,0.0,0.0,0.0,0,22970.207,0.0,0.0,86.445,93.209,96.61,27.119,12.821,13.962,17.21,14.47,84.075,1.75,50.44,12592.493,3453.135,7867.554,656.144,1830.639,13807.472,452875,2635296,0,0,3088171,54:15:00,01:55,00:00,03:15,21:10,80:35:00
fideicomiso ingenio el potrero,2012-2013,20,800966.825,787178.885,9940.02,95843.4,95843.4,0.0,0.0,0.0,0,25409.66,0.0,0.0,86.592,93.211,96.621,27.081,12.804,14.02,17.28,14.53,84.107,1.75,50.44,13787.94,3794.104,8577.315,716.463,1968.766,15056.648,452875,2860692,0,0,3313567,54:15:00,01:55,00:00,13:03,22:00,90:50:00
fideicomiso ingenio el potrero,2012-2013,21,875642.23,860590.448,10961.97,104994.7,104994.7,0.0,0.0,0.0,0,27496.308,0.0,0.0,86.706,93.193,96.615,27.09,12.798,14.062,17.33,14.58,84.108,1.76,50.47,15051.782,4167.904,9303.535,787.76,2109.794,16368.993,452875,3012837,0,0,3465712,55:15:00,01:55,00:00,13:30,25:10:00,95:50:00
fideicomiso ingenio el potrero,2012-2013,22,944726.335,928464.273,11898.32,113367.3,113367.3,0.0,0.0,0.0,0,29201.044,0.0,0.0,86.762,93.194,96.576,27.106,12.795,14.083,17.36,14.59,84.08,1.78,50.49,16262.062,4555.645,9968.026,849.375,2240.146,17613.192,452875,3175159,0,0,3628034,67:30:00,01:55,00:00,13:30,25:10:00,108:05:00
fideicomiso ingenio el potrero,2012-2013,23,1021022.09,1003444.755,12898.21,122912.85,122912.85,0.0,0.0,0.0,0,31385.465,0.0,0.0,86.83,93.155,96.53,27.169,12.819,14.111,17.39,14.62,84.075,1.8,50.49,17577.335,4999.82,10675.017,916.19,2382.786,18973.813,452875,3224083,0,0,3676958,67:30:00,01:55,00:00,13:30,25:10:00,108:05:00
fideicomiso ingenio el potrero,2012-2013,24,1094111.995,1075255.172,13907.61,132441.45,132441.45,0.0,0.0,0.0,0,33650.293,0.0,0.0,86.911,93.037,96.519,27.236,12.85,14.132,17.44,14.66,84.078,1.81,50.49,18856.823,5381.723,11356.736,980.145,2518.84,20237.444,452875,3293604,0,0,3746479,67:30:00,01:55,00:00,0.583333333,28:40:00,112:05:00
fideicomiso ingenio el potrero,2012-2013,25,1168303.475,1148170.211,14856.35,142033.9,142033.9,0.0,0.0,0.0,0,36213.309,0.0,0.0,86.975,92.884,96.508,27.376,12.916,14.159,17.5,14.71,84.077,1.81,50.49,20133.264,5777.308,12061.645,1050.435,2657.043,21546.431,452875,3373364,0,0,3826239,70:03:00,01:55,00:00,0.583333333,28:40:00,115:05:00
fideicomiso ingenio el potrero,2012-2013,26,1229638.34,1208445.605,15736.35,149585.2,149585.2,0.0,0.0,0.0,0,38400.151,0.0,0.0,86.995,92.751,96.49,27.47,12.959,14.165,17.53,14.74,84.045,1.81,50.49,21192.735,6113.245,12660.25,1106.899,2772.04,22652.434,452875,3504832,0,0,3957707,71:40:00,01:55,00:00,0.583333333,56:40:00,144:15:00
fideicomiso ingenio el potrero,2012-2013,27,1301909.955,1279442.856,16680.46,158737.9,158737.9,0.0,0.0,0.0,0,40736.926,0.0,0.0,87.001,92.65,96.461,27.535,12.986,14.175,17.56,14.76,84.03,1.82,50.49,22467.099,6531.319,13370.881,1179.132,2907.913,23989.245,452875,3536753,0,0,3989628,71:40:00,01:55,00:00,14:25,63:10:00,151:10:00
fideicomiso ingenio el potrero,2012-2013,28,1376917.055,1353158.63,17723.22,168159.05,168159.05,0.0,0.0,0.0,0,43213.372,0.0,0.0,87.034,92.612,96.459,27.617,13.026,14.187,17.59,14.78,84.019,1.82,50.49,23758.425,6917.805,14106.373,1255.917,3049.381,25329.476,452875,3542101,0,0,3994976,71:40:00,01:55,00:00,14:25,63:10:00,151:10:00
fideicomiso ingenio el potrero,2012-2013,29,1445671.225,1420726.768,18598.63,176776.85,176776.85,0.0,0.0,0.0,0,45744.385,0.0,0.0,87.041,92.523,96.448,27.713,13.07,14.209,17.63,14.81,84.011,1.82,50.5,24944.457,7296.947,14810.221,1333.195,3178.396,26618.759,452875,3594739,0,0,4047614,81:35:00,01:55,00:00,14:25,63:10:00,161:05:00
fideicomiso ingenio el potrero,2012-2013,30,1518718.635,1492488.84,19586.26,185811.9,185811.9,0.0,0.0,0.0,0,48548.181,0.0,0.0,86.98,92.463,96.433,27.78,13.098,14.223,17.66,14.83,83.997,1.83,50.5,26229.795,7704.355,15675.675,1425.208,3319.438,28124.676,452875,3611752,0,0,4064627,85:35:00,01:55,00:00,14:40,64:00:00,165:20:00
fideicomiso ingenio el potrero,2012-2013,31,1589877.115,1562403.123,20599.6,194433.85,194433.85,0.0,0.0,0.0,0,51061.538,0.0,0.0,86.896,92.565,96.428,27.829,13.12,14.236,17.66,14.83,83.964,1.83,50.5,27473.992,8085.373,16606.51,1507.753,3458.841,29658.477,452875,3614095,0,0,4066970,85:35:00,01:55,00:00,16:00,64:00:00,165:50:00
fideicomiso ingenio el potrero,2012-2013,32,1656549.86,1627877.308,21536.01,202418.5,202418.5,0.0,0.0,0.0,0,53669.472,0.0,0.0,86.793,92.641,96.423,27.874,13.139,14.237,17.66,14.82,83.922,1.83,50.51,28672.552,8436.029,17538.617,1582.806,3589.057,31146.509,452875,3711378,0,0,4164253,91:05:00,01:55,00:00,16:05,63:10:00,172:15:00
fideicomiso ingenio el potrero,2012-2013,33,1719277.37,1689382.496,22366.04,210438.65,210438.65,0.0,0.0,0.0,0,56078.263,0.0,0.0,86.675,92.683,96.394,27.942,13.166,14.231,17.65,14.8,83.872,1.84,50.51,29894.874,8822.687,18413.294,1651.97,3713.244,32601.195,452875,3846824,0,0,4299699,95:45:00,01:55,00:00,16:05,74:15:00,187:60
fideicomiso ingenio el potrero,2012-2013,34,1764238.06,1728510.883,22961.55,217399.4,217399.4,0.0,0.0,0.0,0,59517.913,120.852364,123.35,86.478,92.763,96.38,27.892,13.135,14.237,17.648,14.792,83.817,1.848,50.52,35727.177,9092.676,19376.596,1694.447,3800.955,33964.674,452875,3896516,234432,0,4583823,104:10:00,01:55,00:00,17:05,74:15:00,197:25:00
ingenio el refugio s.a. de c.v,2012-2013,9,28881.0,27942.683,340.516,2349.926,0.0,2349.926,0.0,0.0,0,919.372,0.0,0.0,78.2,89.12,92.04,28.06,12.649,11.74,15.223,12.124,79.642,3.34,50.54,938.317,270.0,305.726,37.004,126.588,739.318,0,0,0,0,0,21:00,00:30,00:00,00:00,00:00,21:30
ingenio el refugio s.a. de c.v,2012-2013,10,48235.0,46588.214,589.64,4180.957,0.0,4180.957,0.0,0.0,0,1707.518,0.0,0.0,76.75,89.51,91.79,28.19,12.685,11.855,15.226,12.157,79.844,3.45,50.52,1646.786,469.346,545.725,64.999,249.452,1329.522,0,0,0,0,0,68:10:00,05:30,00:00,01:35,00:00,75:15:00
ingenio el refugio s.a. de c.v,2012-2013,11,67907.0,65464.623,860.682,6041.865,0.0,46.67,0.0,0.0,0,2454.957,0.0,0.0,77.06,89.07,91.73,28.27,12.713,11.919,15.346,12.274,79.984,3.49,50.5,2442.377,669.108,775.018,100.623,311.799,1856.548,0,0,0,0,0,126:00:00,07:15,00:00,01:45,00:00,135:00:00
ingenio el refugio s.a. de c.v,2012-2013,12,89351.0,86186.79,1154.189,8199.599,0.0,7876.199,0.0,323.4,0,3337.613,0.0,0.0,77.52,90.24,91.83,28.36,12.762,12.022,15.246,12.234,80.239,3.47,50.49,3164.21,878.005,1038.57,138.984,358.976,2414.535,0,0,0,0,0,174:05:00,07:55,00:00,02:20,00:00,184:20:00
ingenio el refugio s.a. de c.v,2012-2013,13,109888.0,105843.719,1417.596,10335.323,0.0,9447.383,0.0,887.94,0,4159.312,0.0,0.0,77.96,91.35,91.9,28.45,12.795,12.14,15.173,12.213,80.497,3.46,50.54,4044.281,1080.937,1285.293,172.064,401.792,2940.086,0,0,0,0,0,186:30:00,12:15,00:00,43:20:00,00:00,242:05:00
ingenio el refugio s.a. de c.v,2012-2013,14,126260.0,121577.235,1630.732,11940.215,0.0,10579.615,0.0,1360.6,0,4684.308,0.0,0.0,78.3,92.0,92.01,28.47,12.803,12.219,15.15,12.22,80.663,3.43,50.57,4682.765,1233.034,1448.141,197.737,468.489,3347.401,0,0,0,0,0,204:10:00,17:00,00:00,81:55:00,18:40,321:45:00
ingenio el refugio s.a. de c.v,2012-2013,15,144312.0,138983.631,1864.506,13947.613,0.0,12069.313,0.0,1878.3,0,5431.285,0.0,0.0,78.79,92.51,92.07,28.5,12.824,12.275,15.125,12.217,80.771,3.42,50.57,5328.369,1404.618,1637.322,232.723,482.411,3757.074,0,0,0,0,0,245:05:00,19:20,00:00,82:35:00,46:40:00,393:40:00
ingenio el refugio s.a. de c.v,2012-2013,16,170598.0,164356.054,2204.911,16646.434,0.0,13962.304,0.0,2684.13,0,6427.238,0.0,0.0,79.27,92.62,92.06,28.68,12.894,12.381,15.209,12.307,80.921,3.43,50.59,6241.946,1676.658,1914.73,283.63,503.738,4378.756,0,0,0,0,0,278:30:00,20:00,00:00,82:35:00,46:40:00,427:45:00
ingenio el refugio s.a. de c.v,2012-2013,17,187658.0,180852.811,2423.321,18335.523,0.0,15300.953,0.0,3034.57,0,7093.914,0.0,0.0,79.53,92.62,92.06,28.8,12.932,12.452,15.279,12.377,81.007,3.43,50.63,6805.189,1854.757,2097.934,314.939,516.436,4784.066,0,0,0,0,0,304:15:00,21:10,00:00,138:30:00,46:40:00,510:35:00
ingenio el refugio s.a. de c.v,2012-2013,18,213388.0,205714.87,2794.026,21362.186,0.0,17416.196,0.0,3945.99,0,8193.478,0.0,0.0,79.89,92.74,92.15,28.86,12.958,12.59,15.399,12.509,81.233,3.42,50.67,7673.13,2109.524,2412.284,358.966,522.054,5402.828,0,0,0,0,0,326:15:00,21:30,00:00,138:30:00,60:40:00,546:55:00
ingenio el refugio s.a. de c.v,2012-2013,19,239444.0,230889.65,3092.518,24156.63,0.0,19417.05,0.0,4739.58,0,9201.675,0.0,0.0,80.12,92.64,92.2,28.93,12.995,12.703,15.553,12.642,81.282,3.43,50.64,8554.35,2372.966,2711.602,402.044,560.078,6046.69,0,0,0,0,0,357:05:00,22:35,00:00,143:30:00,60:40:00,583:50:00
ingenio el refugio s.a. de c.v,2012-2013,20,264509.0,255079.201,3419.268,27019.032,0.0,21384.862,0.0,5634.17,0,10230.687,0.0,0.0,80.25,92.41,92.25,28.98,13.022,12.816,15.71,12.794,81.434,3.43,50.62,9429.799,2628.362,3019.673,444.056,604.173,6696.264,0,0,0,0,0,396:05:00,22:35,00:00,143:30:00,68:40:00,630:55:00
ingenio el refugio s.a. de c.v,2012-2013,21,290104.0,279750.065,3752.84,29585.307,0.0,23190.657,0.0,6394.65,0,11142.56,0.0,0.0,80.44,92.21,92.28,29.04,13.052,12.919,15.86,12.93,81.526,3.43,50.62,10353.935,2892.681,3318.781,486.745,631.918,7330.125,0,0,0,0,0,432:35:00,22:45,00:00,144:00:00,74:50:00,674:10:00
ingenio el refugio s.a. de c.v,2012-2013,22,310732.0,299268.535,4022.734,32159.351,0.0,25176.901,0.0,6982.45,0,12087.009,0.0,0.0,80.51,92.14,92.3,29.08,13.067,13.007,15.967,13.03,81.61,3.44,50.63,11463.465,3110.311,3601.583,521.287,643.471,7876.652,0,0,0,0,0,490:20:00,23:15,00:00,144:05:00,82:05:00,739:45:00
ingenio el refugio s.a. de c.v,2012-2013,23,334473.0,322017.22,4336.508,35069.625,0.0,27393.884,0.0,7675.74,0,13112.689,0.0,0.0,80.63,92.09,92.34,29.14,13.086,13.107,16.081,13.142,81.724,3.45,50.64,12455.78,3358.652,3905.452,562.973,663.484,8490.561,0,0,0,0,0,538:25:00,24:40:00,00:00,144:05:00,82:05:00,789:15:00
ingenio el refugio s.a. de c.v,2012-2013,24,353854.0,340458.342,4591.427,37604.701,0.0,29430.101,0.0,8174.6,0,14060.751,0.0,0.0,80.53,92.11,92.33,29.19,13.101,13.171,16.142,13.202,81.79,3.46,50.66,13395.658,3575.935,4162.479,597.378,738.866,9074.658,0,0,0,0,0,586:25:00,24:40:00,00:00,144:05:00,105:25:00,860:35:00
ingenio el refugio s.a. de c.v,2012-2013,25,378511.0,364095.244,4916.674,40312.349,0.0,31556.149,0.0,8756.2,0,15071.797,0.0,0.0,80.47,92.16,92.27,29.24,13.114,13.249,16.203,13.266,81.874,3.5,50.66,14415.756,3874.427,4488.034,655.553,776.006,9794.02,0,0,0,0,0,615:10:00,26:15:00,00:00,153:45:00,105:25:00,900:35:00
ingenio el refugio s.a. de c.v,2012-2013,26,387763.0,372830.005,5040.034,41766.623,0.0,32753.453,0.0,9013.17,0,15665.958,0.0,0.0,80.39,92.12,92.28,29.25,13.116,13.274,16.24,13.298,81.881,3.5,50.66,14932.995,3973.612,4619.645,683.053,817.988,10094.298,0,0,0,0,0,621:25:00,26:35:00,00:00,177:45:00,196:55:00,1022:40:00
ingenio el refugio s.a. de c.v,2012-2013,27,412786.0,396850.985,5379.232,44178.294,0.0,34536.484,0.0,9641.81,0,16557.591,0.0,0.0,80.51,92.09,92.27,29.29,13.128,13.325,16.3,13.352,81.913,3.52,50.66,15935.015,4251.405,4898.505,738.625,831.077,10719.612,0,0,0,0,0,636:00:00,27:10:00,00:00,205:25:00,196:55:00,1065:30:00
ingenio el refugio s.a. de c.v,2012-2013,28,437528.0,420387.928,5715.402,46852.581,0.0,36515.781,0.0,10336.8,0,17558.727,0.0,0.0,80.54,92.04,92.25,29.33,13.139,13.381,16.366,13.411,81.949,3.54,50.67,17140.072,4539.251,5198.926,802.287,850.025,11390.489,0,0,0,0,0,677:55:00,27:45:00,00:00,205:25:00,196:55:00,1108:00:00
ingenio el refugio s.a. de c.v,2012-2013,29,459191.0,441218.543,6012.12,49529.635,0.0,38658.418,0.0,10871.22,0,18635.215,0.0,0.0,80.56,91.89,92.21,29.38,13.148,13.406,16.413,13.452,81.957,3.56,50.68,17972.457,4796.043,5474.486,831.733,863.981,11966.243,0,0,0,0,0,729:45:00,28:35:00,00:00,205:25:00,196:55:00,1160:40:00
ingenio el refugio s.a. de c.v,2012-2013,30,478568.0,460595.543,6233.379,51987.464,0.0,40482.114,0.0,11505.35,0,19600.897,0.0,0.0,80.44,91.86,92.18,29.42,13.157,13.426,16.439,13.472,81.951,3.57,50.69,17972.457,5026.102,5704.188,876.118,958.458,12564.866,0,0,0,0,0,797:05:00,29:15:00,00:00,205:25:00,196:55:00,1228:40:00
ingenio el refugio s.a. de c.v,2012-2013,31,497547.0,478275.554,6367.972,54249.018,0.0,42178.248,0.0,12070.77,0,20360.416,0.0,0.0,80.47,91.79,92.16,29.45,13.166,13.443,16.474,13.497,81.928,3.58,50.7,19271.446,5246.517,5895.464,915.536,1006.073,13063.59,0,0,0,0,0,856:55:00,29:40:00,00:00,212:50:00,196:55:00,1296:20:00
ingenio el refugio s.a. de c.v,2012-2013,32,513348.291,492658.521,6422.424,56128.297,0.0,43701.087,0.0,12427.21,0,21109.59,112.724967,117.459,80.608,91.477,92.108,29.391,13.137,13.44,16.517,13.532,81.928,3.609,50.86,20689.77,5445.041,5997.037,942.597,994.376,13379.051,0,0,0,0,0,915:30:00,29:50:00,00:00,228:45:00,196:55:00,1371:00:00
ingenio el dorado s.a. de c.v.,2012-2013,12,10050.0,9447.0,117.7,516.75,0.0,516.75,0.0,0.0,0,41.125,0.0,0.0,79.939,98.701,93.206,29.634,12.588,10.705,13.13,10.109,76.992,2.455,54.108,603.0,73.128,126.11,4.537,12.066,215.841,0,0,0,0,0,17:00,00:00,00:00,00:00,00:00,17:00
ingenio el dorado s.a. de c.v.,2012-2013,13,27250.0,25617.374,305.4,1485.25,0.0,1485.25,0.0,0.0,0,435.961,0.0,0.0,80.697,103.788,93.609,28.964,12.419,10.849,12.801,9.785,76.439,2.396,53.711,1632.626,189.071,334.641,13.732,33.214,570.658,0,0,0,0,0,58:30:00,00:00,00:00,00:00,00:00,58:30:00
ingenio el dorado s.a. de c.v.,2012-2013,14,52300.0,49190.043,613.4,3671.3,0.0,3671.3,0.0,0.0,0,1569.304,0.0,0.0,81.566,103.618,94.445,28.297,12.478,10.804,12.778,9.849,77.078,2.117,52.857,3109.957,313.374,638.615,26.68,62.978,1041.647,0,0,0,0,0,60:40:00,00:00,00:00,00:00,00:00,60:40:00
ingenio el dorado s.a. de c.v.,2012-2013,15,77590.0,73051.752,909.3,6103.3,0.0,6103.3,0.0,0.0,0,2541.017,0.0,0.0,82.336,103.436,95.172,28.063,12.592,10.731,12.864,9.873,76.749,1.847,52.368,4538.248,402.24,935.741,39.433,93.305,1470.719,0,0,0,0,0,66:55:00,00:00,00:00,00:00,00:00,66:55:00
ingenio el dorado s.a. de c.v.,2012-2013,16,104480.0,98396.726,1240.7,8619.7,0.0,8619.7,0.0,0.0,0,3615.004,0.0,0.0,82.934,102.861,95.578,27.799,12.626,10.804,13.007,10.04,77.189,1.716,51.996,6083.274,498.417,1249.18,53.383,125.402,1926.382,0,0,0,0,0,68:25:00,00:00,00:00,00:00,00:00,68:25:00
ingenio el dorado s.a. de c.v.,2012-2013,17,129970.0,122415.06,1549.6,11004.2,0.0,11004.2,0.0,0.0,0,4718.656,0.0,0.0,83.321,102.654,95.777,27.735,12.703,10.922,13.163,10.192,77.429,1.658,51.695,7554.94,597.543,1545.691,68.646,155.805,2367.685,0,0,0,0,0,78:15:00,00:00,00:00,00:00,00:00,78:15:00
ingenio el dorado s.a. de c.v.,2012-2013,18,154600.0,145824.588,1848.8,13231.45,0.0,13231.45,0.0,0.0,0,5727.721,0.0,0.0,83.587,102.465,95.931,27.646,12.713,11.009,13.289,10.309,77.575,1.613,51.573,8775.412,689.44,1833.997,84.701,185.423,2793.561,0,0,0,0,0,100:39:00,00:00,00:00,10:00,00:00,110:39:00
ingenio el dorado s.a. de c.v.,2012-2013,19,185820.0,175016.94,2260.2,16234.9,0.0,16234.9,0.0,0.0,0,6926.339,0.0,0.0,83.782,101.969,96.057,27.684,12.839,11.068,13.422,10.428,77.693,1.569,51.234,10803.06,807.15,2200.138,105.107,223.076,3335.471,0,0,0,0,0,100:39:00,00:00,00:00,10:00,00:00,110:39:00
ingenio el dorado s.a. de c.v.,2012-2013,20,219280.0,206833.947,2704.0,19517.7,0.0,19517.7,0.0,0.0,0,8165.081,0.0,0.0,83.907,101.695,96.163,27.542,12.885,11.072,13.45,10.472,77.859,1.536,50.868,12446.053,927.701,2588.801,127.57,263.207,3907.279,0,0,0,0,0,100:39:00,00:00,00:00,10:00,00:00,110:39:00
ingenio el dorado s.a. de c.v.,2012-2013,21,250030.0,235857.766,3109.77,22454.9,0.0,22454.9,0.0,0.0,0,9361.133,0.0,0.0,84.099,102.041,96.244,27.493,12.929,11.165,13.471,10.533,78.19,1.518,50.65,14172.234,1043.21,2946.931,148.909,300.053,4439.103,0,0,0,0,0,105:09:00,00:00,00:00,10:00,00:00,115:09:00
ingenio el dorado s.a. de c.v.,2012-2013,22,279470.0,263268.604,3516.07,25442.5,0.0,25442.5,0.0,0.0,0,10483.079,0.0,0.0,84.197,102.469,96.299,27.451,12.95,11.207,13.439,10.535,78.391,1.503,50.51,16201.396,1153.245,3290.818,169.94,335.554,4949.557,0,0,0,0,0,112:04:00,00:00,00:00,10:25,00:00,122:29:00
ingenio el dorado s.a. de c.v.,2012-2013,23,306270.0,288545.316,3937.87,27931.95,0.0,27931.95,0.0,0.0,0,11425.577,0.0,0.0,84.217,102.568,96.308,27.446,12.976,11.221,13.427,10.538,78.484,1.503,50.393,17724.684,1263.035,3605.066,186.743,369.446,5424.29,0,0,0,0,0,131:44:00,00:00,00:00,11:35,00:00,143:19:00
ingenio el dorado s.a. de c.v.,2012-2013,24,335930.0,316506.736,4351.67,30907.95,0.0,30907.95,0.0,0.0,0,12580.745,0.0,0.0,84.201,102.539,96.284,27.472,13.018,11.229,13.42,10.545,78.577,1.513,50.252,19423.264,1396.113,3946.235,209.061,408.266,5959.675,0,0,0,0,0,139:44:00,00:00,00:00,11:35,00:00,151:19:00
ingenio el dorado s.a. de c.v.,2012-2013,25,363950.0,342925.153,4768.27,33508.45,0.0,33508.45,0.0,0.0,0,13649.188,0.0,0.0,84.129,102.301,96.26,27.507,13.059,11.2,13.417,10.54,78.557,1.516,50.142,21024.847,1518.135,4273.62,231.271,446.349,6469.375,0,0,0,0,0,155:29:00,00:00,00:00,13:15,00:00,168:44:00
ingenio el dorado s.a. de c.v.,2012-2013,26,393600.0,370859.711,5181.97,36129.65,0.0,36129.65,0.0,0.0,0,14676.46,0.0,0.0,84.059,102.072,96.246,27.538,13.092,11.149,13.39,10.514,78.521,1.514,50.07,22740.289,1640.761,4616.077,251.53,487.089,6995.457,0,0,0,0,0,170:24:00,00:20,00:00,16:45,00:00,187:29:00
ingenio el dorado s.a. de c.v.,2012-2013,27,421760.0,397402.326,5516.47,38920.9,0.0,38920.9,0.0,0.0,0,15724.632,0.0,0.0,84.016,102.06,96.237,27.601,13.129,11.113,13.347,10.481,78.527,1.509,50.038,24357.674,1757.133,4939.034,270.216,525.434,7491.817,0,0,0,0,0,189:39:00,00:20,00:00,18:35,00:00,208:34:00
ingenio el dorado s.a. de c.v.,2012-2013,28,447270.0,421446.447,5981.67,41377.2,0.0,41377.2,0.0,0.0,0,16660.064,0.0,0.0,83.975,101.807,96.218,27.654,13.152,11.078,13.342,10.472,78.489,1.509,50.038,25823.553,1866.316,5227.6,287.018,559.418,7940.352,0,0,0,0,0,217:24:00,00:20,00:00,21:35,00:00,239:19:00
ingenio el dorado s.a. de c.v.,2012-2013,29,476950.0,450223.552,6465.77,44222.1,0.0,44222.1,0.0,0.0,0,17754.268,0.0,0.0,83.984,101.774,96.215,27.711,13.178,11.073,13.328,10.47,78.556,1.507,50.039,26726.448,1991.555,5560.882,305.912,599.851,8458.2,0,0,0,0,0,226:34:00,00:20,00:00,21:35,00:00,248:29:00
ingenio el dorado s.a. de c.v.,2012-2013,30,507970.0,478673.487,6896.17,47174.35,0.0,47174.35,0.0,0.0,0,18883.323,0.0,0.0,84.003,101.809,96.202,27.768,13.202,11.075,13.314,10.466,78.609,1.509,50.038,29296.513,2128.969,5905.919,323.871,640.691,8999.45,0,0,0,0,0,236:54:00,00:20,00:00,22:35,00:00,259:49:00
ingenio el dorado s.a. de c.v.,2012-2013,31,536710.0,507413.487,7318.19,50028.1,0.0,50028.1,0.0,0.0,0,0.0,0.0,0.0,0.0,0.0,0.0,0.0,13.228,11.118,0.0,0.0,78.725,0.0,0.0,0.0,0.0,0.0,0.0,0.0,0.0,0,0,0,0,0,00:00,00:00,00:00,00:00,00:00,00:00
ingenio el dorado s.a. de c.v.,2012-2013,32,542397.405,511105.296,7456.37,50961.05,0.0,50961.05,0.0,0.0,0,20427.538,91.161472,96.743,84.098,101.835,96.209,27.81,13.228,11.118,13.344,10.505,78.725,1.51,50.008,31292.109,2277.787,6278.041,344.459,688.805,9589.092,0,0,0,0,0,240:49:00,00:20,00:00,25:05:00,00:00,266:14:00
fideicomiso ingenio emiliano zapata,2012-2013,8,54341.72,54341.72,418.2,5942.15,0.0,5942.15,0.0,0.0,0,894.654,0.0,0.0,82.751,93.068,94.279,24.995,11.5,14.8,17.66,14.99,84.92,3.39,49.83,0.0,460.119,655.054,31.393,240.683,1387.249,53700,316575,0,0,370275,44:40:00,07:50,00:00,00:00,00:00,52:30:00
fideicomiso ingenio emiliano zapata,2012-2013,9,102395.39,102395.39,801.2,12120.4,0.0,12120.4,0.0,0.0,0,2304.912,0.0,0.0,84.174,94.575,94.95,24.577,11.41,14.75,17.45,14.81,84.89,3.03,49.81,0.0,762.722,1176.333,62.589,388.607,2390.251,53700,549597,0,0,603297,59:55:00,10:15,00:00,00:40,00:00,70:50:00
fideicomiso ingenio emiliano zapata,2012-2013,10,153412.94,153412.94,1265.3,18714.5,0.0,18714.5,0.0,0.0,0,4005.249,0.0,0.0,85.301,97.164,95.341,24.503,11.46,14.73,17.06,14.46,84.73,2.8,49.73,0.0,1053.164,1666.587,91.112,511.592,3322.455,53700,866274,0,0,919974,68:15:00,12:15,00:00,00:40,00:00,81:10:00
fideicomiso ingenio emiliano zapata,2012-2013,11,202935.2,202935.2,1699.3,25176.65,0.0,25176.65,0.0,0.0,0,5620.334,0.0,0.0,85.522,97.266,95.397,24.731,11.59,14.78,17.09,14.49,84.79,2.75,49.72,0.0,1380.581,2152.361,126.216,682.833,4341.991,53700,1131105,0,0,1184805,82:10:00,14:10,00:00,00:40,00:00,97:00:00
fideicomiso ingenio emiliano zapata,2012-2013,12,256120.66,256120.66,2171.6,32286.7,0.0,32286.7,0.0,0.0,0,7369.044,0.0,0.0,86.088,97.499,95.485,24.819,11.67,14.84,17.12,14.53,84.89,2.7,49.6,0.0,1716.026,2652.956,158.08,760.953,5288.015,53700,1318242,0,0,1371942,87:25:00,15:50,00:00,00:40,00:00,103:55:00
fideicomiso ingenio emiliano zapata,2012-2013,13,308458.18,308458.18,2595.8,39346.85,0.0,39346.85,0.0,0.0,0,9173.523,0.0,0.0,86.204,97.844,95.479,24.984,11.75,14.9,17.11,14.54,84.96,2.7,49.59,0.0,2077.873,3197.672,189.697,875.107,6340.349,53700,1541359,0,0,1595059,89:20:00,17:30,00:00,00:40,00:00,107:30:00
fideicomiso ingenio emiliano zapata,2012-2013,14,358588.19,358588.19,3018.0,46033.25,0.0,46033.25,0.0,0.0,0,10596.351,0.0,0.0,86.449,98.166,95.499,25.053,11.82,14.99,17.15,14.59,85.03,2.69,49.46,0.0,2419.781,3677.925,225.394,962.001,7285.101,53700,1784348,0,0,1838048,98:30:00,19:20,00:00,00:40,00:00,118:30:00
fideicomiso ingenio emiliano zapata,2012-2013,15,409826.14,409826.14,3470.0,53263.4,0.0,53263.4,0.0,0.0,0,12190.168,0.0,0.0,86.589,98.417,95.516,25.157,11.89,15.1,17.21,14.65,85.15,2.69,49.37,0.0,2774.354,4162.892,289.283,1070.385,8296.914,53700,1963114,0,0,2016814,106:45:00,19:20,00:00,00:40,00:00,126:45:00
fideicomiso ingenio emiliano zapata,2012-2013,16,459253.66,459253.66,3897.2,59927.8,0.0,59927.8,0.0,0.0,0,13680.795,0.0,0.0,86.644,98.593,95.562,25.113,11.9,15.162,17.25,14.7,85.169,2.68,49.25,0.0,3090.269,4661.549,358.051,1190.436,9300.305,53700,2107378,0,0,2161078,122:40:00,20:40,00:00,01:00,00:00,144:20:00
fideicomiso ingenio emiliano zapata,2012-2013,17,511524.1,511524.1,4331.9,67209.45,0.0,67209.45,0.0,0.0,0,15225.303,0.0,0.0,86.721,98.436,95.604,25.151,11.949,15.226,17.34,14.79,85.293,2.66,49.16,0.0,3423.888,5156.877,446.211,1315.565,10342.541,53700,2202218,0,0,2255918,129:00:00,22:10,00:00,01:00,00:00,152:10:00
fideicomiso ingenio emiliano zapata,2012-2013,18,560632.31,560632.31,4756.6,74011.7,0.0,74011.7,0.0,0.0,0,16542.328,0.0,0.0,86.816,98.399,95.607,25.298,12.024,15.289,17.39,14.86,85.407,2.65,49.15,0.0,3765.291,5598.395,530.129,1406.54,11300.355,53700,2235981,0,0,2289681,133:20:00,27:50:00,00:00,08:00,00:00,167:35:00
fideicomiso ingenio emiliano zapata,2012-2013,19,610093.49,610093.49,5208.9,80852.0,0.0,80852.0,0.0,0.0,0,17991.684,0.0,0.0,86.767,98.188,95.591,25.468,12.094,15.32,17.46,14.91,85.434,2.65,49.19,0.0,4121.275,6077.89,607.696,1561.229,12368.09,53700,2315569,0,0,2369269,145:60,28:55:00,00:00,07:10,00:00,182:05:00
fideicomiso ingenio emiliano zapata,2012-2013,20,659260.14,659260.14,5641.5,87548.3,0.0,87548.3,0.0,0.0,0,19371.272,0.0,0.0,86.745,98.01,95.583,25.688,12.171,15.356,17.53,14.98,85.449,2.64,49.32,0.0,4471.35,6548.364,689.384,1709.77,13418.868,53700,2425132,0,0,2478832,161:10:00,29:35:00,00:00,08:00,00:00,197:55:00
fideicomiso ingenio emiliano zapata,2012-2013,21,706551.06,706551.06,6054.7,93890.55,0.0,93890.55,0.0,0.0,0,20869.293,0.0,0.0,86.596,97.719,95.504,25.932,12.249,15.386,17.59,15.04,85.48,2.67,49.43,0.0,4887.796,7028.064,757.956,1897.582,14571.398,53700,2489263,0,0,2542963,182:35:00,30:50:00,00:00,07:15,00:00,220:40:00
fideicomiso ingenio emiliano zapata,2012-2013,22,757276.01,757276.01,6558.8,100954.3,0.0,100954.3,0.0,0.0,0,22399.108,0.0,0.0,86.544,97.521,95.489,26.044,12.305,15.424,17.66,15.1,85.543,2.67,49.42,0.0,5269.121,7522.387,830.344,2095.519,15717.371,53700,2527210,0,0,2580910,192:20:00,32:35:00,00:00,07:20,00:00,232:15:00
fideicomiso ingenio emiliano zapata,2012-2013,23,803989.87,803989.87,6959.6,107275.45,0.0,107275.45,0.0,0.0,0,23742.812,0.0,0.0,86.507,97.528,95.469,26.116,12.361,15.442,17.66,15.12,85.578,2.68,49.32,0.0,5624.972,7961.337,923.818,2242.003,16752.13,53700,2664591,0,0,2718291,213:10:00,33:30:00,00:00,07:20,00:00,253:60
fideicomiso ingenio emiliano zapata,2012-2013,24,849674.08,849674.08,7401.9,113553.95,0.0,113553.95,0.0,0.0,0,25091.751,0.0,0.0,86.542,97.744,95.474,26.145,12.406,15.448,17.64,15.09,85.56,2.67,49.2,0.0,5940.496,8381.878,1011.247,2332.023,17665.644,53700,2703502,0,0,2757202,220:60,38:35:00,00:00,14:40,01:40,275:55:00
fideicomiso ingenio emiliano zapata,2012-2013,25,894216.34,894216.34,7813.9,119497.25,0.0,119497.25,0.0,0.0,0,26268.89,0.0,0.0,86.549,97.614,95.473,26.157,12.444,15.439,17.65,15.1,85.547,2.67,49.08,0.0,6249.583,8811.937,1103.78,2404.727,18570.027,53700,2731339,0,0,2785039,240:35:00,40:10:00,00:00,14:40,10:35,306:00:00
fideicomiso ingenio emiliano zapata,2012-2013,26,946067.61,946067.61,8349.0,126438.9,0.0,126438.9,0.0,0.0,0,27984.254,0.0,0.0,86.517,97.611,95.485,26.209,12.494,15.446,17.66,15.11,85.57,2.66,49.0,0.0,6597.445,9360.553,1210.686,2533.084,19701.768,53700,2731339,0,0,2785039,244:35:00,42:15:00,00:00,14:40,10:35,312:05:00
fideicomiso ingenio emiliano zapata,2012-2013,27,996492.31,996492.31,8897.0,133315.95,0.0,133315.95,0.0,0.0,0,29521.704,0.0,0.0,86.476,97.588,95.463,26.284,12.55,15.459,17.67,15.12,85.577,2.67,48.91,0.0,6990.044,9855.464,1320.542,2667.909,20833.959,53700,2731339,0,0,2785039,252:30:00,44:15:00,00:00,14:45,10:35,322:05:00
fideicomiso ingenio emiliano zapata,2012-2013,28,1046661.9,1046661.9,9384.8,140065.95,0.0,140065.95,0.0,0.0,0,31338.292,0.0,0.0,86.416,97.734,95.492,26.367,12.616,15.476,17.67,15.12,85.572,2.65,48.84,0.0,7302.423,10423.467,1417.822,2859.825,22003.537,53700,2731339,0,0,2785039,257:50:00,45:30:00,00:00,14:45,10:35,328:40:00
fideicomiso ingenio emiliano zapata,2012-2013,29,1093029.16,1093029.16,9803.6,146259.85,0.0,146259.85,0.0,0.0,0,32750.107,0.0,0.0,86.436,97.646,95.488,26.483,12.691,15.47,17.68,15.13,85.56,2.64,48.78,0.0,7629.583,10908.103,1463.551,2933.175,22934.412,53700,2731339,0,0,2785039,276:30:00,48:35:00,00:00,14:45,10:35,350:25:00
fideicomiso ingenio emiliano zapata,2012-2013,30,1141292.45,1141292.45,10337.3,152500.8,0.0,152500.8,0.0,0.0,0,34377.723,0.0,0.0,86.438,97.661,95.488,26.598,12.744,15.448,17.66,15.1,85.518,2.62,48.81,0.0,7954.824,11401.689,1515.373,3039.401,23911.287,53700,2731339,0,0,2785039,284:10:00,51:40:00,00:00,14:45,10:35,362:00:00
fideicomiso ingenio emiliano zapata,2012-2013,31,1177428.35,1177428.35,10886.6,156930.2,0.0,156930.2,0.0,0.0,0,35651.158,0.0,0.0,86.297,97.629,95.457,26.688,12.778,15.433,17.65,15.09,85.485,2.63,48.83,0.0,8256.027,11840.752,1561.076,3243.202,24901.057,53700,2731339,0,0,2785039,332:40:00,56:30:00,00:00,14:45,10:35,414:30:00
fideicomiso ingenio emiliano zapata,2012-2013,32,1224479.19,1224479.19,11345.1,163510.45,0.0,163510.45,0.0,0.0,0,38148.026,132.512093,132.512,86.112,97.376,95.353,26.916,12.852,15.426,17.673,15.106,85.473,2.663,48.92,0.0,8777.466,12460.673,1620.077,3375.293,26233.509,53700,2826832,45871,0,2926403,358:55:00,60:30:00,00:00,14:55,10:35,444:55:00
ingenio de huixtla s.a. de c.v.,2012-2013,8,51336.0,50649.453,560.17,3450.95,0.0,3450.95,0.0,0.0,0,1254.653,0.0,0.0,77.486,98.94,94.534,29.512,13.011,10.884,13.79,10.401,75.408,2.016,52.56,686.547,305.396,671.751,47.727,233.105,1257.979,0,0,0,0,0,31:14:00,00:27,00:00,00:00,00:00,31:41:00
ingenio de huixtla s.a. de c.v.,2012-2013,9,100794.0,96536.558,1142.43,8147.85,0.0,8147.85,0.0,0.0,0,3096.72,0.0,0.0,79.4,96.905,94.718,29.722,13.167,11.085,14.33,10.835,75.614,1.97,52.45,4257.442,590.141,1198.603,93.57,419.3,2301.614,0,0,0,0,0,46:30:00,00:53,00:00,00:29,00:00,47:52:00
ingenio de huixtla s.a. de c.v.,2012-2013,10,144744.0,137118.051,1679.8,11978.35,0.0,11978.35,0.0,0.0,0,4802.294,0.0,0.0,80.025,95.176,94.563,29.983,13.296,11.218,14.65,11.146,76.099,2.034,52.35,7625.949,882.848,1644.217,142.256,574.259,3243.58,0,0,0,0,0,87:51:00,01:41,00:00,00:57,00:00,90:29:00
ingenio de huixtla s.a. de c.v.,2012-2013,11,176062.0,166169.558,2037.95,14536.45,0.0,14536.45,0.0,0.0,0,6198.485,0.0,0.0,79.665,94.68,94.582,30.03,13.302,11.312,14.79,11.301,76.423,2.041,52.39,9892.442,1079.106,2071.581,174.082,725.317,4050.086,0,53639,0,0,53639,161:56:00,01:48,00:00,01:01,00:00,164:45:00
ingenio de huixtla s.a. de c.v.,2012-2013,12,225777.0,212287.164,2504.7,19631.45,0.0,19631.45,0.0,0.0,0,8911.178,0.0,0.0,79.333,94.215,94.664,29.986,13.364,11.475,15.0,11.53,76.871,2.042,52.17,13489.836,1382.385,2845.857,218.148,907.788,5354.178,0,55082,0,0,55082,186:15:00,01:48,00:00,01:01,00:00,189:04:00
ingenio de huixtla s.a. de c.v.,2012-2013,13,281456.0,264053.684,3043.09,25506.85,0.0,25506.85,0.0,0.0,0,11442.926,0.0,0.0,79.898,94.193,94.844,29.821,13.38,11.66,15.18,11.741,77.357,2.016,51.93,17402.316,1691.984,3531.718,274.991,1098.274,6596.967,0,55082,0,0,55802,199:19:00,02:13,00:00,01:01,00:00,202:33:00
ingenio de huixtla s.a. de c.v.,2012-2013,14,334775.0,313063.112,3561.52,30717.0,0.0,30717.0,0.0,0.0,0,13434.642,0.0,0.0,80.499,94.207,94.924,29.655,13.384,11.718,15.22,11.807,77.588,2.006,51.7,21711.888,1991.161,4083.171,325.732,1249.851,7649.915,0,55082,0,0,55082,219:16:00,02:15,00:00,01:01,00:00,222:32:00
ingenio de huixtla s.a. de c.v.,2012-2013,15,376112.0,351261.614,3978.31,34920.05,0.0,34920.05,0.0,0.0,0,15084.654,0.0,0.0,80.587,93.647,94.901,29.715,13.459,11.774,15.34,11.932,77.763,2.021,51.54,24850.386,2258.255,4581.869,401.779,1355.139,8597.042,0,156970,0,0,156970,265:47:00,02:35,00:00,01:01,00:00,269:23:00
ingenio de huixtla s.a. de c.v.,2012-2013,16,425733.0,397241.081,4457.94,39834.85,0.0,39834.85,0.0,0.0,0,16942.618,0.0,0.0,80.706,93.26,94.885,29.613,13.462,11.797,15.44,12.003,77.765,2.038,51.36,28491.919,2569.181,5120.716,464.198,1536.119,9690.214,0,165620,0,0,165620,292:50:00,02:35,00:00,01:01,00:00,296:26:00
ingenio de huixtla s.a. de c.v.,2012-2013,17,477961.0,445204.814,4951.64,45105.0,0.0,45105.0,0.0,0.0,0,18837.401,0.0,0.0,80.966,93.161,94.92,29.594,13.504,11.86,15.53,12.084,77.808,2.036,51.2,32756.186,2879.846,5630.651,519.255,1759.938,10789.69,0,176883,0,0,176883,303:32:00,02:44,00:00,01:23,09:20,316:59:00
ingenio de huixtla s.a. de c.v.,2012-2013,18,533830.0,496489.196,5509.7,50870.05,0.0,50870.05,0.0,0.0,0,20839.132,0.0,0.0,81.183,93.252,94.934,29.516,13.498,11.878,15.56,12.092,77.711,2.039,51.1,37340.804,3212.238,6143.95,574.959,2000.44,11931.587,0,176883,0,0,176883,314:44:00,04:50,00:00,01:23,09:20,330:17:00
ingenio de huixtla s.a. de c.v.,2012-2013,19,583699.0,542299.697,6023.38,55685.55,0.0,55685.55,0.0,0.0,0,22506.947,0.0,0.0,81.322,93.297,94.912,29.461,13.487,11.879,15.56,12.085,77.661,2.052,51.05,41399.303,3528.132,6605.881,629.869,2187.662,12951.544,0,176883,0,0,176883,341:27:00,08:20,00:00,01:23,09:20,360:30:00
ingenio de huixtla s.a. de c.v.,2012-2013,20,634665.0,589220.516,6564.29,60924.65,0.0,60924.65,0.0,0.0,0,24490.272,0.0,0.0,81.363,93.479,94.935,29.491,13.521,11.91,15.57,12.095,77.681,2.045,50.99,45444.484,3828.275,7158.973,678.236,2421.26,14086.744,0,176883,0,0,176883,356:44:00,12:06,00:00,01:23,09:20,379:33:00
ingenio de huixtla s.a. de c.v.,2012-2013,21,685529.0,636320.211,7075.87,65994.3,0.0,65994.3,0.0,0.0,0,26120.444,0.0,0.0,81.474,93.594,94.968,29.524,13.55,11.935,15.58,12.11,77.716,2.034,50.96,49208.789,4117.324,7681.665,718.438,2640.82,15158.247,0,176883,0,0,176883,374:40:00,13:21,00:00,01:23,09:20,398:44:00
ingenio de huixtla s.a. de c.v.,2012-2013,22,738947.0,685877.029,7624.13,71744.5,0.0,71744.5,0.0,0.0,0,28021.168,0.0,0.0,81.682,93.756,95.008,29.456,13.553,11.995,15.63,12.155,77.78,2.033,50.86,53069.971,4425.159,8161.796,764.345,2885.067,16236.367,0,176883,0,0,176883,386:12:00,14:05,00:00,01:34,09:20,411:11:00
ingenio de huixtla s.a. de c.v.,2012-2013,23,789596.0,732653.42,8147.33,77281.45,0.0,77281.45,0.0,0.0,0,29789.649,0.0,0.0,81.81,93.906,95.037,29.396,13.572,12.056,15.68,12.202,77.822,2.035,50.7,56942.58,4724.265,8643.398,807.708,3140.945,17316.316,0,176883,0,0,176883,408:30:00,15:20,00:00,01:34,09:20,434:44:00
ingenio de huixtla s.a. de c.v.,2012-2013,24,842928.0,781514.311,8717.39,83072.9,0.0,83072.9,0.0,0.0,0,31852.542,0.0,0.0,81.89,94.04,95.032,29.354,13.592,12.112,15.72,12.24,77.867,2.05,50.55,61413.689,5071.917,9159.927,837.273,3420.649,18489.766,0,176883,0,0,176883,421:54:00,17:12,00:00,01:38,09:20,450:04:00
ingenio de huixtla s.a. de c.v.,2012-2013,25,889756.0,824187.677,9220.64,88226.15,0.0,88226.15,0.0,0.0,0,33417.68,0.0,0.0,81.909,93.996,94.994,29.472,13.649,12.164,15.78,12.293,77.908,2.066,50.53,65568.323,5418.224,9618.084,864.772,3679.289,19580.369,0,176883,0,0,176883,450:35:00,19:22,00:00,01:38,09:20,480:55:00
ingenio de huixtla s.a. de c.v.,2012-2013,26,941996.0,872235.183,9794.99,93970.15,0.0,93970.15,0.0,0.0,0,35431.355,0.0,0.0,81.929,94.064,94.957,29.58,13.684,12.228,15.84,12.344,77.956,2.085,50.56,69760.817,5809.046,10102.828,892.453,4012.357,20816.684,0,176883,0,0,176883,460:17:00,22:48,00:00,01:38,09:20,494:03:00
ingenio de huixtla s.a. de c.v.,2012-2013,27,989370.0,915588.893,10314.41,99025.9,0.0,99025.9,0.0,0.0,0,37404.992,0.0,0.0,81.856,94.102,94.935,29.654,13.712,12.281,15.89,12.389,77.974,2.097,50.57,73781.107,6153.762,10608.786,911.46,4370.89,22044.898,0,176883,0,0,176883,484:47:00,25:50:00,00:00,01:38,09:20,521:35:00
ingenio de huixtla s.a. de c.v.,2012-2013,28,1037529.0,960285.986,10829.76,104479.25,0.0,104479.25,0.0,0.0,0,39536.125,0.0,0.0,81.786,94.134,94.857,29.727,13.743,12.332,15.93,12.426,77.991,2.133,50.54,77243.014,6579.694,11080.865,931.809,4711.609,23303.977,0,176883,0,0,176883,507:52:00,32:49:00,00:00,01:38,09:20,551:39:00
ingenio de huixtla s.a. de c.v.,2012-2013,29,1089289.0,1007760.18,11387.68,109693.15,0.0,109693.15,0.0,0.0,0,41601.629,0.0,0.0,81.695,94.076,94.816,29.876,13.802,12.347,15.96,12.444,77.97,2.142,50.56,81528.82,6971.853,11649.794,951.286,5046.01,24618.943,0,176883,0,0,176883,527:04:00,36:17:00,00:00,01:38,09:20,574:19:00
ingenio de huixtla s.a. de c.v.,2012-2013,30,1141899.0,1056315.58,11968.99,115193.45,0.0,115193.45,0.0,0.0,0,43828.312,0.0,0.0,81.733,94.086,94.791,30.015,13.86,12.355,15.98,12.448,77.892,2.144,50.58,85583.42,7349.637,12150.14,975.461,5296.496,25771.734,0,176883,0,0,176883,531:58:00,42:29:00,00:00,01:38,09:20,585:25:00
ingenio de huixtla s.a. de c.v.,2012-2013,31,1186192.0,1096649.723,12449.14,119682.2,0.0,119682.2,0.0,0.0,0,45593.072,0.0,0.0,81.689,94.049,94.742,30.157,13.916,12.355,15.99,12.446,77.831,2.154,50.6,89542.277,7705.888,12635.144,993.324,5499.881,26834.237,0,176883,0,0,176883,564:02:00,45:55:00,00:00,03:03,09:20,622:20:00
ingenio de huixtla s.a. de c.v.,2012-2013,32,1233919.0,1139859.573,12973.86,124816.85,0.0,124816.85,0.0,0.0,0,47597.081,0.0,0.0,81.666,94.02,94.667,30.307,13.968,12.384,16.03,12.469,77.786,2.179,50.62,94059.427,8149.357,13120.845,1024.396,5720.364,28014.962,0,176883,0,0,176883,577:02:00,55:01:00,00:00,05:21,11:55,649:19:00
ingenio de huixtla s.a. de c.v.,2012-2013,33,1282343.0,1188282.513,13758.0,129313.85,0.0,129313.85,0.0,0.0,0,0.0,0.0,0.0,0.0,0.0,0.0,0.0,14.032,12.384,0.0,0.0,77.681,0.0,0.0,0.0,0.0,0.0,0.0,0.0,0.0,0,176883,0,0,176883,00:00,00:00,00:00,00:00,00:00,00:00
ingenio de huixtla s.a. de c.v.,2012-2013,34,1290420.848,1191405.394,14249.76,131080.85,0.0,131080.85,0.0,0.0,0,50966.188,100.204708,108.533,81.615,93.986,94.537,30.488,14.032,12.384,16.036,12.457,77.681,2.219,50.63,99015.454,8729.666,13867.769,1038.761,5744.248,29380.444,0,176883,0,0,176883,592:05:00,68:44:00,00:00,05:24,12:04,678:17:00
ingenio tala s.a. de c.v.,2012-2013,12,85892.18,84414.194,965.36,5972.95,0.0,5972.95,0.0,0.0,0,2771.626,0.0,0.0,79.063,99.987,95.186,24.732,11.197,12.649,15.386,12.042,78.266,2.461,51.289,1477.986,522.877,1171.738,125.715,454.387,2274.717,0,0,0,0,0,57:24:00,00:00,00:00,00:41,00:00,58:07:00
ingenio tala s.a. de c.v.,2012-2013,13,161515.88,157932.343,1762.53,13582.8,0.0,13582.8,0.0,0.0,0,6448.646,0.0,0.0,79.876,99.759,95.206,24.672,11.127,12.721,15.464,12.141,78.511,2.471,51.435,3583.537,984.533,2177.647,227.087,745.536,4134.803,0,0,0,0,0,80:31:00,00:00,00:00,29:01:00,00:00,109:36:00
ingenio tala s.a. de c.v.,2012-2013,14,187282.75,181459.929,2044.73,16719.05,0.0,16719.05,0.0,0.0,0,7935.65,0.0,0.0,80.197,100.223,95.286,24.567,11.088,12.753,15.43,12.125,78.581,2.446,51.438,5822.821,1125.195,2525.004,263.206,816.396,4729.801,0,0,0,0,0,87:42:00,00:00,00:00,29:01:00,119:22:00,236:09:00
ingenio tala s.a. de c.v.,2012-2013,15,251991.97,245486.722,2735.81,22699.55,0.0,22699.55,0.0,0.0,0,10752.233,0.0,0.0,80.083,99.617,95.052,25.228,11.364,12.698,15.45,12.117,78.427,2.488,51.452,6505.248,1581.756,3333.412,351.507,1106.595,6373.27,0,0,0,0,0,108:46:00,00:00,00:00,43:21:00,148:44:00,300:55:00
ingenio tala s.a. de c.v.,2012-2013,16,345286.72,336289.051,3825.22,33044.5,0.0,33044.5,0.0,0.0,0,14291.29,0.0,0.0,80.604,100.333,95.054,25.471,11.486,12.779,15.406,12.107,78.586,2.479,51.409,8997.669,2180.437,4432.524,494.89,1450.253,8558.104,0,0,0,0,0,118:21:00,00:31,00:00,48:18:00,148:44:00,316:03:00
ingenio tala s.a. de c.v.,2012-2013,17,438517.59,426560.305,4806.03,43394.8,0.0,43394.8,0.0,0.0,0,17813.685,0.0,0.0,81.098,101.29,95.108,25.433,11.474,12.9,15.348,12.113,78.922,2.479,51.391,11957.285,2764.343,5573.077,634.282,1721.134,10692.836,0,0,0,0,0,140:44:00,00:31,00:00,51:51:00,148:44:00,342:00:00
ingenio tala s.a. de c.v.,2012-2013,18,527341.79,512070.739,5791.53,53832.15,0.0,53832.15,0.0,0.0,0,21640.963,0.0,0.0,81.39,102.141,95.207,25.431,11.477,12.979,15.266,12.099,79.255,2.443,51.424,15271.051,3275.707,6691.267,768.005,2003.092,12738.071,0,0,0,0,0,162:38:00,00:31,00:00,52:12:00,148:44:00,364:18:00
ingenio tala s.a. de c.v.,2012-2013,19,618383.09,598682.075,6817.99,64466.4,0.0,64466.4,0.0,0.0,0,25063.371,0.0,0.0,81.698,102.562,95.162,25.522,11.497,13.109,15.282,12.164,79.597,2.484,51.446,19701.015,3919.593,7699.189,929.773,2287.968,14836.523,0,0,0,0,0,182:12:00,01:16,00:00,54:48:00,148:44:00,387:16:00
ingenio tala s.a. de c.v.,2012-2013,20,715393.12,691478.355,7887.45,75754.35,0.0,75754.35,0.0,0.0,0,28780.513,0.0,0.0,81.964,102.906,95.128,25.621,11.524,13.2,15.276,12.202,79.877,2.509,51.476,23914.765,4599.516,8751.021,1134.612,2545.956,17031.105,0,0,0,0,0,195:57:00,01:59,00:00,56:04:00,148:44:00,403:03:00
ingenio tala s.a. de c.v.,2012-2013,21,811905.87,783870.065,8943.07,87698.35,0.0,87698.35,0.0,0.0,0,32436.403,0.0,0.0,82.285,103.103,95.09,25.769,11.558,13.31,15.321,12.275,80.119,2.537,51.564,28035.805,5307.751,9758.414,1310.935,2766.04,19143.14,0,0,0,0,0,202:47:00,02:19,00:00,59:17:00,148:44:00,413:29:00
ingenio tala s.a. de c.v.,2012-2013,22,900392.29,868474.254,9986.66,98633.95,0.0,98633.95,0.0,0.0,0,36161.136,0.0,0.0,82.58,103.42,95.15,25.766,11.562,13.427,15.376,12.354,80.346,2.526,51.558,31918.036,5859.871,10769.123,1484.542,2946.399,21059.935,0,0,0,0,0,218:00:00,02:24,00:00,68:26:00,148:44:00,438:00:00
ingenio tala s.a. de c.v.,2012-2013,23,987188.3,951666.042,10931.22,109490.45,0.0,109490.45,0.0,0.0,0,39892.753,0.0,0.0,82.819,103.507,95.18,25.759,11.559,13.527,15.447,12.439,80.527,2.528,51.55,35522.258,6428.84,11758.28,1647.268,3107.841,22942.229,0,0,0,0,0,231:07:00,02:44,00:00,78:16:00,148:44:00,461:18:00
ingenio tala s.a. de c.v.,2012-2013,24,1069563.76,1030820.012,11850.02,119839.2,0.0,119839.2,0.0,0.0,0,43468.116,0.0,0.0,83.032,103.671,95.244,25.676,11.524,13.625,15.515,12.519,80.69,2.518,51.554,38743.748,6915.559,12751.87,1797.087,3263.669,24728.185,0,0,0,0,0,256:08:00,03:03,00:00,81:14:00,148:44:00,489:40:00
ingenio tala s.a. de c.v.,2012-2013,25,1165382.0,1123076.749,12929.1,132153.4,0.0,132153.4,0.0,0.0,0,47294.344,0.0,0.0,83.249,103.833,95.296,25.664,11.518,13.729,15.586,12.602,80.855,2.509,51.569,42305.251,7504.437,13872.519,1974.677,3449.78,26801.413,0,0,0,0,0,265:35:00,03:08,00:00,82:26:00,148:44:00,500:25:00
ingenio tala s.a. de c.v.,2012-2013,26,1254699.06,1209874.472,14044.49,143713.45,0.0,143713.45,0.0,0.0,0,50857.593,0.0,0.0,83.444,103.993,95.305,25.648,11.499,13.829,15.644,12.675,81.021,2.524,51.594,44824.588,8122.067,14860.079,2120.804,3623.649,28726.599,0,0,0,0,0,279:56:00,03:13,00:00,84:52:00,148:44:00,517:19:00
ingenio tala s.a. de c.v.,2012-2013,27,1334334.05,1285575.032,14960.84,154030.75,0.0,154030.75,0.0,0.0,0,54416.276,0.0,0.0,83.598,104.194,95.325,25.704,11.517,13.907,15.679,12.725,81.16,2.522,51.625,48759.018,8648.989,15774.708,2260.581,3751.459,30435.737,0,0,0,0,0,305:37:00,03:13,00:00,84:52:00,148:44:00,543:00:00
ingenio tala s.a. de c.v.,2012-2013,28,1424509.93,1372699.393,16247.55,165532.85,0.0,165532.85,0.0,0.0,0,57814.54,0.0,0.0,83.752,104.322,95.305,25.833,11.558,13.989,15.71,12.781,81.356,2.536,51.667,51810.537,9331.914,16771.814,2414.067,3859.097,32376.892,0,0,0,0,0,315:53:00,03:20,00:00,85:25:00,148:44:00,553:57:00
ingenio tala s.a. de c.v.,2012-2013,29,1512321.64,1457579.692,17249.11,176850.7,0.0,176850.7,0.0,0.0,0,61116.01,0.0,0.0,83.896,104.297,95.309,25.908,11.58,14.061,15.759,12.85,81.541,2.539,51.709,54741.948,9949.995,17791.916,2527.1,3974.774,34243.785,0,0,0,0,0,329:17:00,03:26,00:00,87:08:00,148:44:00,569:10:00
ingenio tala s.a. de c.v.,2012-2013,30,1595643.5,1537969.371,18549.05,187846.0,0.0,187846.0,0.0,0.0,0,64100.221,0.0,0.0,84.033,104.346,95.291,26.017,11.613,14.136,15.801,12.91,81.704,2.554,51.746,57674.129,10601.306,18713.904,2622.216,4076.823,36014.249,0,0,0,0,0,345:19:00,03:26,00:00,87:08:00,148:44:00,585:12:00
ingenio tala s.a. de c.v.,2012-2013,31,1678082.36,1617646.934,19620.32,198605.0,0.0,198228.5,376.5,0.0,0,67204.81,0.0,0.0,84.136,104.283,95.279,26.144,11.653,14.203,15.859,12.977,81.827,2.561,51.798,60435.426,11234.026,19673.107,2727.445,4175.437,37810.015,0,0,0,0,0,361:37:00,03:26,00:00,87:28:00,148:44:00,601:51:00
ingenio tala s.a. de c.v.,2012-2013,32,1765618.75,1702158.787,20725.5,210071.4,0.0,209259.9,811.5,0.0,0,70813.075,0.0,0.0,84.177,104.355,95.28,26.258,11.695,14.256,15.891,13.018,81.921,2.559,51.836,63459.963,11864.03,20787.764,2907.052,4270.889,39829.735,0,0,0,0,0,369:02:00,03:26,00:00,87:54:00,148:44:00,609:42:00
ingenio tala s.a. de c.v.,2012-2013,33,1848368.06,1782198.256,21696.84,221117.85,0.0,217873.35,3244.5,0.0,0,75764.532,0.0,0.0,84.23,104.343,95.284,26.357,11.731,14.302,15.929,13.061,81.995,2.555,51.873,66169.804,12448.206,22334.207,3081.624,3824.284,41688.321,0,0,0,0,0,387:41:00,03:26,00:00,90:24:00,148:44:00,630:51:00
ingenio tala s.a. de c.v.,2012-2013,34,1931657.51,1862499.246,22674.52,232512.8,0.0,228500.3,4012.5,0.0,0,80207.022,0.0,0.0,84.281,104.359,95.29,26.457,11.765,14.342,15.958,13.096,82.065,2.55,51.917,69158.264,13029.558,23658.365,3256.585,3603.277,43547.785,0,0,0,0,0,396:18:00,03:26,00:00,96:05:00,151:32:00,647:58:00
ingenio tala s.a. de c.v.,2012-2013,35,2006418.2,1933063.847,23655.11,242739.7,0.0,238727.2,4012.5,0.0,0,84752.159,121.577335,126.191,84.129,104.239,95.284,26.569,11.804,14.35,15.977,13.118,82.106,2.544,51.964,73354.353,13560.551,25015.869,3416.075,3703.094,45695.589,0,0,0,0,0,405:42:00,03:26,00:00,110:13:00,157:56:00,677:56:00
ingenio la gloria s.a.,2012-2013,11,72268.73,69996.154,639.25,6356.333,0.0,6356.333,0.0,0.0,0,2101.496,0.0,0.0,81.419,96.76,96.405,25.971,12.86,12.82,15.43,12.77,82.78,1.77,47.92,2272.576,333.052,934.535,133.638,320.353,1721.578,0,0,0,0,0,12:28,00:03,00:00,00:40,00:00,13:11
ingenio la gloria s.a.,2012-2013,12,139970.96,135255.323,1243.25,13620.854,0.0,13620.854,0.0,0.0,0,4738.966,0.0,0.0,81.73,97.381,96.412,25.927,12.87,12.87,15.47,12.74,82.35,1.78,47.79,4715.637,646.389,1790.859,242.962,610.978,3291.188,0,0,0,0,0,36:27:00,01:33,00:00,09:52,00:00,47:52:00
ingenio la gloria s.a.,2012-2013,13,224195.87,216312.418,1988.75,23164.244,0.0,23164.244,0.0,0.0,0,7579.172,0.0,0.0,82.752,97.537,96.364,26.528,13.18,12.92,15.54,12.77,82.14,1.77,47.76,7883.452,1053.468,2808.881,375.05,760.032,4997.431,0,0,0,0,0,40:54:00,01:33,00:00,10:12,00:00,52:39:00
ingenio la gloria s.a.,2012-2013,14,268211.98,258578.438,2381.75,28084.647,0.0,28084.647,0.0,0.0,0,9227.776,0.0,0.0,83.051,97.295,96.341,26.65,13.23,12.93,15.59,12.8,82.11,1.78,47.79,9633.542,1269.192,3344.32,444.97,820.109,5878.591,0,0,0,0,0,46:04:00,01:33,24:00:00,65:07:00,00:00,136:44:00
ingenio la gloria s.a.,2012-2013,15,354575.66,341564.102,3145.75,37825.144,0.0,37825.144,0.0,0.0,0,12508.352,0.0,0.0,83.587,97.442,96.333,26.882,13.36,12.94,15.62,12.79,81.91,1.76,47.76,13011.558,1682.463,4373.557,550.203,923.551,7529.774,0,0,0,0,0,49:38:00,01:33,24:00:00,65:22:00,00:00,140:33:00
ingenio la gloria s.a.,2012-2013,16,432652.87,416648.659,3836.5,46638.524,0.0,46638.524,0.0,0.0,0,15609.769,0.0,0.0,84.039,97.6,96.375,26.754,13.3,13.0,15.68,12.84,81.87,1.76,47.75,16004.211,2038.59,5290.938,643.698,1003.739,8976.965,0,0,0,0,0,71:14:00,01:33,24:00:00,65:31:00,00:00,162:18:00
ingenio la gloria s.a.,2012-2013,17,511158.07,492235.759,4531.25,55661.158,0.0,55661.158,0.0,0.0,0,18440.193,0.0,0.0,84.339,97.829,96.402,26.632,13.218,13.079,15.73,12.89,81.956,1.77,47.82,18922.311,2405.739,6232.454,747.502,1084.492,10470.187,0,0,0,0,0,87:52:00,01:33,24:00:00,65:56:00,00:00,179:21:00
ingenio la gloria s.a.,2012-2013,18,580441.2,558928.256,5149.5,63761.535,0.0,63761.535,0.0,0.0,0,21243.734,0.0,0.0,84.477,98.379,96.474,26.274,13.035,13.17,15.74,12.91,82.036,1.77,47.84,21512.944,2695.64,7152.569,835.474,1182.092,11865.775,0,0,0,0,0,120:48:00,01:05,24:00:00,66:13:00,00:00,212:49:00
ingenio la gloria s.a.,2012-2013,19,665414.51,640540.064,5908.25,73748.439,0.0,73748.439,0.0,0.0,0,24511.255,0.0,0.0,84.551,98.833,96.526,26.037,12.919,13.238,15.75,12.93,82.075,1.77,47.84,24874.446,3060.381,8302.924,948.404,1296.36,13608.069,0,0,0,0,0,126:46:00,01:50,24:00:00,67:08:00,00:00,219:44:00
ingenio la gloria s.a.,2012-2013,20,736727.79,708881.916,6545.0,82155.419,0.0,82155.419,0.0,0.0,0,27384.926,0.0,0.0,84.588,98.78,96.523,26.026,12.897,13.307,15.83,13.0,82.139,1.78,47.88,27845.874,3408.966,9271.076,1036.225,1393.563,15109.83,0,0,0,0,0,149:29:00,01:50,24:00:00,69:35:00,08:27,253:21:00
ingenio la gloria s.a.,2012-2013,21,815907.87,784933.402,7258.5,91650.595,0.0,91650.595,0.0,0.0,0,30570.085,0.0,0.0,84.598,98.881,96.529,25.977,12.858,13.381,15.89,13.06,82.203,1.79,47.93,30974.468,3789.248,10375.22,1130.863,1520.365,16815.696,0,0,0,0,0,161:46:00,06:39,24:00:00,69:41:00,08:27,270:33:00
ingenio la gloria s.a.,2012-2013,22,884246.43,850631.899,7879.75,99800.882,0.0,99800.882,0.0,0.0,0,33409.557,0.0,0.0,84.6,98.991,96.526,25.996,12.863,13.435,15.94,13.1,82.207,1.8,47.94,33614.531,4127.443,11320.819,1211.885,1634.251,18294.398,0,0,0,0,0,194:39:00,06:39,24:00:00,69:57:00,08:27,303:42:00
ingenio la gloria s.a.,2012-2013,23,957720.18,921242.715,8547.5,109069.335,0.0,109069.335,0.0,0.0,0,35979.132,0.0,0.0,84.775,99.052,96.51,26.081,12.899,13.491,15.99,13.14,82.204,1.81,47.95,36477.465,4509.842,12140.274,1311.947,1709.899,19671.962,0,0,0,0,0,221:40:00,06:39,24:00:00,70:18:00,08:27,331:04:00
ingenio la gloria s.a.,2012-2013,24,1033913.82,994487.218,9253.0,118528.319,0.0,118528.319,0.0,0.0,0,38327.256,0.0,0.0,84.972,99.073,96.491,26.168,12.929,13.534,16.04,13.18,82.197,1.81,47.99,39426.602,4910.726,12923.35,1409.893,1784.681,21028.65,0,0,0,0,0,247:17:00,06:39,24:00:00,70:20:00,08:27,356:43:00
ingenio la gloria s.a.,2012-2013,25,1110955.88,1068459.277,9966.0,127789.228,0.0,127789.228,0.0,0.0,0,40695.239,0.0,0.0,85.161,98.944,96.468,26.26,12.95,13.564,16.09,13.22,82.197,1.82,48.07,42496.603,5323.127,13679.862,1501.956,1857.432,22362.377,0,0,0,0,0,262:47:00,06:41,24:00:00,71:05:00,13:39,378:12:00
ingenio la gloria s.a.,2012-2013,26,1157904.42,1113564.54,10404.75,133493.3,0.0,133493.3,0.0,0.0,0,42060.554,0.0,0.0,85.212,98.874,96.45,26.322,12.965,13.581,16.11,13.25,82.21,1.83,48.12,44339.88,5582.545,14182.593,1558.683,1930.248,23254.069,0,0,0,0,0,272:19:00,06:41,48:00:00,95:05:00,33:17:00,455:22:00
ingenio la gloria s.a.,2012-2013,27,1233182.5,1185809.43,11108.0,142597.734,0.0,142597.734,0.0,0.0,0,44400.739,0.0,0.0,85.325,99.052,96.461,26.288,12.956,13.609,16.12,13.25,82.216,1.83,48.09,47373.07,5938.582,14995.728,1665.156,2028.616,24628.082,0,0,0,0,0,275:50:00,06:41,48:00:00,117:21:00,33:17:00,481:09:00
ingenio la gloria s.a.,2012-2013,28,1295570.38,1245893.883,11696.5,150352.38,0.0,150352.38,0.0,0.0,0,46452.679,0.0,0.0,85.395,99.192,96.467,26.276,12.956,13.635,16.14,13.26,82.188,1.83,48.06,49676.497,6240.508,15705.285,1740.374,2113.827,25799.994,0,0,0,0,0,281:28:00,06:41,48:00:00,163:12:00,33:17:00,532:38:00
ingenio la gloria s.a.,2012-2013,29,1373524.231,1320889.81,12439.0,159877.688,0.0,159877.688,0.0,0.0,0,49069.397,0.0,0.0,85.43,99.325,96.472,26.292,12.972,13.666,16.15,13.27,82.191,1.83,48.02,52634.421,6622.462,16678.072,1833.316,2215.929,27349.779,0,0,0,0,0,291:34:00,06:41,48:00:00,175:46:00,33:17:00,555:18:00
ingenio la gloria s.a.,2012-2013,30,1456281.913,1400598.702,13234.5,170186.784,0.0,170186.784,0.0,0.0,0,51658.05,0.0,0.0,85.511,99.458,96.477,26.287,12.975,13.7,16.17,13.29,82.197,1.84,48.0,55683.211,7027.903,17635.705,1923.288,2320.373,28907.269,0,0,0,0,0,301:42:00,06:41,48:00:00,178:22:00,33:17:00,568:20:00
ingenio la gloria s.a.,2012-2013,31,1528805.693,1470319.316,13938.5,179088.378,0.0,179088.378,0.0,0.0,0,53973.353,0.0,0.0,85.577,99.563,96.478,26.306,12.989,13.724,16.18,13.3,82.197,1.84,47.98,58486.377,7390.511,18465.839,2002.662,2403.089,30262.101,0,0,0,0,0,324:35:00,06:41,48:00:00,185:15:00,33:17:00,597:48:00
ingenio la gloria s.a.,2012-2013,32,1612529.003,1550765.837,14751.25,189375.25,0.0,189375.25,0.0,0.0,0,56726.983,0.0,0.0,85.638,99.642,96.478,26.321,13.001,13.747,16.19,13.31,82.203,1.84,47.96,61763.166,7807.337,19432.59,2101.707,2495.31,31836.944,0,0,0,0,0,332:16:00,07:48,48:00:00,186:06:00,33:17:00,607:27:00
ingenio la gloria s.a.,2012-2013,33,1686374.613,1621708.41,15483.25,198185.546,0.0,198185.546,0.0,0.0,0,59684.921,0.0,0.0,85.618,99.715,96.479,26.325,13.007,13.769,16.21,13.32,82.205,1.84,47.93,64666.203,8175.073,20382.493,2196.46,2640.15,33394.176,0,0,0,0,0,347:48:00,07:48,48:00:00,197:38:00,33:17:00,634:31:00
ingenio la gloria s.a.,2012-2013,34,1772490.983,1707824.78,16325.052,208531.956,0.0,208531.956,0.0,0.0,0,63110.537,0.0,0.0,0.0,0.0,0.0,0.0,0.0,0.0,0.0,0.0,0.0,0.0,0.0,0.0,0.0,0.0,0.0,0.0,0.0,0,0,0,0,0,00:00,00:00,00:00,00:00,00:00,00:00
ingenio la gloria s.a.,2012-2013,35,1792222.17,1723113.322,17874.54,210959.1,0.0,210959.1,0.0,0.0,0,64411.195,115.465947,120.097,85.385,99.743,96.46,26.374,13.029,13.745,16.2,13.293,82.058,1.845,47.94,69108.848,8719.604,22027.473,2372.126,2884.022,36003.225,0,0,0,0,0,355:41:00,07:48,48:00:00,207:54:00,67:25:00,686:48:00
impulsora azucarera del tropico s.a de c.v. (la joya),2012-2013,13,28510.23,27142.31,351.98,944.7,0.0,944.7,0.0,0.0,0,1336.623,0.0,0.0,72.428,89.503,95.653,25.138,12.06,11.83,15.63,12.65,80.92,2.05,49.18,1367.92,146.648,591.643,64.304,127.576,930.171,242256,118302,0,0,360558,70:15:00,02:40,24:00:00,73:35:00,00:00,170:30:00
impulsora azucarera del tropico s.a de c.v. (la joya),2012-2013,14,48339.643,46165.593,616.37,2547.5,0.0,2547.5,0.0,0.0,0,2679.476,0.0,0.0,68.858,89.623,95.699,25.404,12.19,11.93,15.87,12.73,80.26,2.02,49.18,2174.05,247.939,1219.363,111.626,216.36,1795.288,242256,274796,0,0,517051,103:60,10:00,49:40:00,74:20:00,18:35,256:35:00
impulsora azucarera del tropico s.a de c.v. (la joya),2012-2013,15,73183.39,69747.14,922.13,4673.8,0.0,4673.8,0.0,0.0,0,3616.073,0.0,0.0,72.532,89.138,95.648,25.747,12.37,11.97,16.08,12.85,79.9,2.02,49.09,3436.25,381.342,1555.666,159.854,310.015,2406.877,242256,325098,0,0,567353,127:20:00,10:10,49:40:00,74:30:00,58:10:00,319:50:00
impulsora azucarera del tropico s.a de c.v. (la joya),2012-2013,16,94736.877,90379.917,1209.51,6780.35,0.0,6780.35,0.0,0.0,0,4380.878,0.0,0.0,74.453,89.283,95.644,25.892,12.454,11.978,16.04,12.83,79.995,2.02,49.03,4356.96,494.292,1833.044,195.507,376.169,2899.012,242256,454759,0,0,697014,157:05:00,12:30,49:40:00,74:30:00,96:55:00,390:40:00
impulsora azucarera del tropico s.a de c.v. (la joya),2012-2013,17,123961.873,118428.963,1594.05,9617.35,0.0,9617.35,0.0,0.0,0,5416.845,0.0,0.0,75.996,89.535,95.718,26.089,12.578,12.002,16.05,12.83,79.938,1.97,48.97,5532.91,636.992,2225.875,242.743,465.625,3571.235,242256,489506,0,0,731761,185:05:00,15:35,49:40:00,75:25:00,106:55:00,432:40:00
impulsora azucarera del tropico s.a de c.v. (la joya),2012-2013,18,153910.407,147056.352,1988.11,12622.45,0.0,12622.45,0.0,0.0,0,6575.391,0.0,0.0,76.409,89.774,95.801,26.047,12.603,12.038,16.03,12.85,80.16,1.94,48.84,6854.055,777.991,2735.006,316.972,541.049,4371.018,242256,510862,0,0,753117,219:40:00,18:00,49:40:00,80:15:00,106:55:00,474:30:00
impulsora azucarera del tropico s.a de c.v. (la joya),2012-2013,19,186488.957,178233.5,2411.21,15950.75,0.0,15950.75,0.0,0.0,0,8056.789,0.0,0.0,76.558,89.825,95.842,25.815,12.516,12.036,16.0,12.84,80.258,1.94,48.73,8255.457,933.262,3319.217,384.921,624.372,5261.772,242256,510862,0,0,753117,243:18:00,20:55,49:40:00,80:30:00,106:55:00,501:18:00
impulsora azucarera del tropico s.a de c.v. (la joya),2012-2013,20,217524.471,207960.881,2825.25,19160.65,0.0,19160.65,0.0,0.0,0,9236.135,0.0,0.0,76.706,89.729,95.884,25.696,12.48,12.075,16.05,12.9,80.424,1.93,48.64,9563.59,1081.26,3898.878,434.572,703.962,6118.672,242256,510862,0,0,753117,278:35:00,21:50,49:40:00,85:40:00,106:55:00,541:55:00
impulsora azucarera del tropico s.a de c.v. (la joya),2012-2013,21,251551.457,240586.587,3329.8,22925.0,0.0,22925.0,0.0,0.0,0,10487.424,0.0,0.0,76.935,89.667,95.935,25.618,12.465,12.159,16.13,13.01,80.651,1.93,48.57,10964.87,1243.324,4517.697,488.265,805.458,7054.744,242256,532726,0,0,774982,301:04:00,23:26,49:40:00,86:03:00,106:55:00,567:08:00
impulsora azucarera del tropico s.a de c.v. (la joya),2012-2013,22,285158.004,272737.708,3834.62,26690.95,0.0,26690.95,0.0,0.0,0,12037.996,0.0,0.0,77.522,89.768,95.957,25.632,12.475,12.212,16.17,13.05,80.74,1.93,48.57,12420.296,1407.82,4953.15,526.583,940.062,7827.615,242256,532726,0,0,774982,321:27:00,25:26:00,49:40:00,86:08:00,106:55:00,589:36:00
impulsora azucarera del tropico s.a de c.v. (la joya),2012-2013,23,314856.774,301141.788,4264.84,29936.1,0.0,29936.1,0.0,0.0,0,13442.154,0.0,0.0,78.145,89.794,95.979,25.687,12.485,12.277,16.23,13.12,80.831,1.92,48.63,13714.986,1554.265,5295.948,568.946,1029.114,8448.273,242256,532726,0,0,774982,364:27:00,26:26:00,49:40:00,86:13:00,106:55:00,633:41:00
impulsora azucarera del tropico s.a de c.v. (la joya),2012-2013,24,348377.812,333176.253,4733.54,33631.9,0.0,33631.9,0.0,0.0,0,14438.625,0.0,0.0,79.018,89.848,95.99,25.786,12.494,12.36,16.3,13.21,81.029,1.92,48.76,15201.559,1726.495,5624.078,614.624,1069.446,9034.643,242256,532726,0,0,774982,387:30:00,27:26:00,49:40:00,86:32:00,106:55:00,658:03:00
impulsora azucarera del tropico s.a de c.v. (la joya),2012-2013,25,381824.146,365184.326,5211.34,37711.5,0.0,37711.5,0.0,0.0,0,15503.759,0.0,0.0,79.748,89.966,96.022,25.831,12.519,12.472,16.39,13.31,81.197,1.92,48.74,16639.82,1894.545,5977.165,665.735,1106.971,9644.416,242256,532726,0,0,774982,409:55:00,29:23:00,49:40:00,86:52:00,106:55:00,682:45:00
impulsora azucarera del tropico s.a de c.v. (la joya),2012-2013,26,411088.834,393140.912,5707.35,40978.66,0.0,40978.66,0.0,0.0,0,16461.971,0.0,0.0,80.254,89.993,96.037,25.894,12.544,12.563,16.5,13.41,81.237,1.92,48.75,17947.922,2046.591,6294.044,715.66,1141.116,10197.411,242256,532726,0,0,774982,427:48:00,30:08:00,75:40:00,86:52:00,106:55:00,727:23:00
impulsora azucarera del tropico s.a de c.v. (la joya),2012-2013,27,447159.631,427596.603,6318.72,45009.15,0.0,45009.15,0.0,0.0,0,18021.214,0.0,0.0,80.71,89.979,96.074,25.926,12.57,12.674,16.64,13.53,81.332,1.92,48.71,19563.028,2225.178,6736.417,779.002,1191.746,10932.343,242256,532726,0,0,774982,442:41:00,30:53:00,75:40:00,90:24:00,106:55:00,746:33:00
impulsora azucarera del tropico s.a de c.v. (la joya),2012-2013,28,477783.97,456963.752,6830.75,48782.5,0.0,48782.5,0.0,0.0,0,19218.095,0.0,0.0,80.904,90.016,96.041,26.002,12.592,12.773,16.76,13.63,81.295,1.95,48.74,20820.218,2416.239,7169.638,818.159,1250.228,11654.264,242256,532726,0,0,774982,477:38:00,31:13:00,75:40:00,91:24:00,106:55:00,782:50:00
impulsora azucarera del tropico s.a de c.v. (la joya),2012-2013,29,514696.156,492273.228,7554.19,52966.75,0.0,52966.75,0.0,0.0,0,20737.696,0.0,0.0,80.884,90.184,96.0,26.091,12.612,12.88,16.88,13.71,81.209,1.98,48.78,22422.928,2651.609,7784.25,867.938,1368.88,12672.677,242256,532726,0,0,774982,487:44:00,31:38:00,75:40:00,94:14:00,106:55:00,796:11:00
impulsora azucarera del tropico s.a de c.v. (la joya),2012-2013,30,548075.04,524125.763,8065.83,56748.2,0.0,56748.2,0.0,0.0,0,22396.666,0.0,0.0,80.618,90.359,95.954,26.188,12.626,12.932,16.95,13.73,81.037,2.0,48.87,23949.277,2867.97,8470.716,926.276,1472.29,13737.252,242256,532726,0,0,774982,507:11:00,31:38:00,75:40:00,94:14:00,114:25:00,823:80
impulsora azucarera del tropico s.a de c.v. (la joya),2012-2013,31,580395.415,554976.608,8596.16,60212.15,0.0,60212.15,0.0,0.0,0,24036.401,0.0,0.0,80.496,90.464,95.925,26.275,12.652,12.983,17.02,13.77,80.874,2.01,48.92,25418.807,3070.641,9059.536,986.606,1580.362,14697.145,242256,532726,0,0,774982,538:03:00,32:13:00,75:40:00,94:14:00,114:25:00,855:20:00
impulsora azucarera del tropico s.a de c.v. (la joya),2012-2013,32,615736.948,588720.701,9288.79,64004.55,0.0,64004.55,0.0,0.0,0,25864.033,0.0,0.0,80.228,90.58,95.932,26.361,12.676,13.033,17.1,13.8,80.734,2.01,48.98,27016.247,3264.891,9838.638,1059.946,1703.416,15866.891,242256,532726,0,0,774982,548:23:00,34:23:00,75:40:00,98:44:00,114:25:00,871:35:00
impulsora azucarera del tropico s.a de c.v. (la joya),2012-2013,33,649739.504,621208.367,9918.53,67469.0,0.0,67469.0,0.0,0.0,0,28005.946,0.0,0.0,79.885,90.624,95.906,26.47,12.714,13.069,17.17,13.83,80.537,2.02,49.01,28531.137,3476.485,10677.442,1113.864,1813.369,17081.16,242256,532726,0,0,774982,556:02:00,35:39:00,75:40:00,111:31:00,114:25:00,893:17:00
impulsora azucarera del tropico s.a de c.v. (la joya),2012-2013,34,679354.655,649634.303,10496.95,70521.4,0.0,70521.4,0.0,0.0,0,29964.081,0.0,0.0,79.532,90.712,95.883,26.542,12.745,13.099,17.23,13.85,80.355,2.03,49.0,29720.352,3663.921,11473.904,1161.141,1914.847,18213.813,242256,532726,0,0,774982,574:24:00,35:46:00,75:40:00,123:31:00,124:24:00,933:45:00
impulsora azucarera del tropico s.a de c.v. (la joya),2012-2013,35,702119.093,671522.383,11153.93,72457.55,0.0,72457.55,0.0,0.0,0,32831.325,108.478317,113.421,78.643,90.748,95.858,26.666,12.791,13.073,17.264,13.809,79.989,2.031,49.03,30596.71,3802.18,12313.031,1246.087,2237.777,19599.075,242256,485933,0,0,728189,580:25:00,35:46:00,75:40:00,125:10:00,184:35:00,1001:36:00
avance regional agroindustrial s.a. de c.v. ,2012-2013,16,58730.0,55713.908,487.0,3461.7,0.0,3461.7,0.0,0.0,0,1203.005,0.0,0.0,78.703,91.846,92.89,27.657,12.85,9.754,12.51,9.86,78.86,2.51,50.07,3016.692,407.266,682.631,65.426,64.651,1219.974,0,0,0,0,0,02:35,01:25,01:05,00:05,00:00,05:10
avance regional agroindustrial s.a. de c.v. ,2012-2013,17,95633.0,90730.113,867.0,6600.35,0.0,6600.35,0.0,0.0,0,2427.907,0.0,0.0,79.114,91.705,93.018,28.885,13.53,9.636,12.38,9.77,78.94,2.33,49.92,4903.307,643.371,1070.243,99.913,111.094,1924.622,0,0,0,0,0,38:10:00,01:30,01:05,00:05,00:00,40:50:00
avance regional agroindustrial s.a. de c.v. ,2012-2013,18,139469.0,132156.836,1325.0,10577.5,0.0,10577.5,0.0,0.0,0,4104.423,0.0,0.0,79.8,91.386,93.039,30.229,14.14,9.804,12.54,9.98,79.58,2.26,50.11,7312.449,951.904,1513.062,127.073,170.143,2762.182,0,0,0,0,0,46:00:00,03:15,01:05,01:45,00:00,52:05:00
avance regional agroindustrial s.a. de c.v. ,2012-2013,19,184477.0,174847.575,1808.0,14543.25,0.0,14543.25,0.0,0.0,0,5630.311,0.0,0.0,80.562,91.466,93.457,30.77,14.44,10.043,12.81,10.26,80.08,2.14,50.15,9629.78,1212.169,1987.565,153.002,248.411,3601.147,0,0,0,0,0,54:45:00,05:05,01:05,01:45,00:00,62:40:00
avance regional agroindustrial s.a. de c.v. ,2012-2013,20,225383.19,213617.586,2246.0,18263.9,0.0,18263.9,0.0,0.0,0,6893.772,0.0,0.0,81.072,91.916,93.773,30.908,14.54,10.251,13.04,10.46,80.17,2.07,50.14,11766.009,1438.709,2432.91,189.765,311.599,4372.982,0,0,0,0,0,72:45:00,09:25,01:05,01:55,00:00,85:10:00
avance regional agroindustrial s.a. de c.v. ,2012-2013,21,269697.19,255564.147,3274.0,22645.3,0.0,22645.3,0.0,0.0,0,8370.118,0.0,0.0,81.625,92.424,94.029,30.794,14.52,10.483,13.27,10.67,80.35,2.03,50.1,14133.208,1688.072,2900.245,222.496,384.411,5195.223,0,0,0,0,0,77:15:00,13:10,01:05,01:55,00:00,93:25:00
avance regional agroindustrial s.a. de c.v. ,2012-2013,22,308450.19,292196.494,3978.71,26710.05,0.0,26710.05,0.0,0.0,0,9911.755,0.0,0.0,81.691,92.833,94.259,30.842,14.54,10.722,13.49,10.89,80.68,2.0,50.17,16254.281,1898.753,3468.055,252.367,435.65,6054.825,0,0,0,0,0,88:20:00,14:20,01:05,01:55,00:00,105:40:00
avance regional agroindustrial s.a. de c.v. ,2012-2013,23,343237.19,324440.904,4795.71,30341.05,0.0,30341.05,0.0,0.0,0,11312.542,0.0,0.0,81.836,93.289,94.376,30.722,14.48,10.868,13.6,10.99,80.84,1.99,50.2,18212.221,2098.143,3915.55,283.754,478.397,6775.843,0,0,0,0,0,126:35:00,14:35,01:05,01:55,00:00,144:10:00
avance regional agroindustrial s.a. de c.v. ,2012-2013,24,382783.19,361891.492,5056.0,34294.7,0.0,34294.7,0.0,0.0,0,12820.595,0.0,0.0,81.926,93.745,94.395,30.79,14.49,10.984,13.66,11.06,80.97,2.0,50.24,20307.558,2356.535,4401.984,320.412,519.828,7598.759,0,0,0,0,0,124:00:00,18:20,01:05,02:05,00:00,145:30:00
avance regional agroindustrial s.a. de c.v. ,2012-2013,25,412754.665,390692.661,5909.02,37433.4,0.0,37433.4,0.0,0.0,0,14088.716,90.88105,96.013,81.922,94.177,94.401,30.765,14.472,11.009,13.634,11.035,80.937,2.004,50.265,22062.004,2544.323,4748.208,346.843,574.905,8214.279,0,0,0,0,0,132:00:00,18:20,01:05,02:15,00:00,153:40:00
fideicomiso ingenio la providencia,2012-2013,11,47285.22,45867.618,592.89,3980.95,0.0,3980.95,0.0,0.0,0,1031.387,0.0,0.0,81.062,85.714,92.711,29.724,13.35,12.81,16.88,13.86,82.1,3.14,50.95,1417.602,441.659,506.091,48.115,151.552,1147.417,26701,171453,0,0,198154,27:40:00,00:00,00:00,00:50,00:00,28:30:00
fideicomiso ingenio la providencia,2012-2013,12,85317.99,82756.613,1032.8,8087.6,0.0,8087.6,0.0,0.0,0,2333.575,0.0,0.0,82.004,87.087,93.193,29.575,13.33,12.97,16.81,13.88,82.59,2.99,51.04,2561.359,753.435,933.62,83.01,221.899,1991.964,26701,181273,0,0,207974,31:40:00,00:00,00:00,01:05,00:00,32:45:00
fideicomiso ingenio la providencia,2012-2013,13,118547.68,114989.339,1422.1,11684.85,0.0,11684.85,0.0,0.0,0,3490.193,0.0,0.0,82.386,88.813,93.734,28.663,13.07,13.09,16.67,13.81,82.84,2.86,50.69,3558.323,972.124,1342.602,116.452,301.264,2732.442,26701,181273,0,0,207974,31:40:00,30:00:00,00:00,01:05,00:00,62:45:00
fideicomiso ingenio la providencia,2012-2013,14,151792.39,147437.618,1825.82,15358.8,0.0,15358.8,0.0,0.0,0,4886.631,0.0,0.0,82.567,89.574,94.061,28.137,12.99,13.16,16.69,13.82,82.78,2.78,50.22,4354.754,1186.226,1748.802,147.291,399.715,3482.034,26701,181273,0,0,207974,33:40:00,58:60,00:00,01:05,00:00,93:45:00
fideicomiso ingenio la providencia,2012-2013,15,192001.04,186443.159,2303.4,20150.1,0.0,20150.1,0.0,0.0,0,6532.449,0.0,0.0,82.753,90.001,94.273,28.086,13.09,13.31,16.83,13.95,82.86,2.71,49.85,5557.863,1464.125,2256.597,185.378,502.99,4409.09,26701,181273,0,0,207974,35:05:00,58:60,00:00,01:05,02:25,97:35:00
fideicomiso ingenio la providencia,2012-2013,16,233833.5,227021.288,2793.74,25155.25,0.0,25155.25,0.0,0.0,0,8315.351,0.0,0.0,82.901,90.503,94.412,28.04,13.17,13.41,16.89,13.99,82.81,2.67,49.57,6812.194,1752.323,2768.025,220.582,620.907,5361.837,26701,181273,0,0,207974,35:05:00,58:60,00:00,01:05,02:25,97:35:00
fideicomiso ingenio la providencia,2012-2013,17,271226.64,263292.559,3256.55,29532.05,0.0,29532.05,0.0,0.0,0,9867.552,0.0,0.0,82.995,90.656,94.479,27.951,13.183,13.495,16.994,14.064,82.756,2.666,49.38,7934.063,2020.82,3244.948,253.822,704.439,6224.029,26701,181273,0,0,207974,53:05:00,58:60,00:00,01:05,02:25,115:35:00
fideicomiso ingenio la providencia,2012-2013,18,309468.93,300387.491,3710.8,34232.5,0.0,34232.5,0.0,0.0,0,11236.208,0.0,0.0,83.055,90.697,94.372,28.02,13.234,13.587,17.08,14.14,82.753,2.73,49.24,9081.421,2366.368,3719.51,282.758,756.425,7125.061,26701,181273,0,0,207974,65:00:00,58:60,00:00,01:50,02:25,126:40:00
fideicomiso ingenio la providencia,2012-2013,19,349113.32,338842.443,4184.14,38894.1,0.0,38894.1,0.0,0.0,0,12670.262,0.0,0.0,83.122,90.681,94.408,28.105,13.307,13.641,17.18,14.201,82.662,2.714,49.14,10270.859,2662.962,4211.928,316.426,846.154,8037.47,26701,181273,0,0,207974,70:20:00,58:60,00:00,01:05,02:25,132:50:00
fideicomiso ingenio la providencia,2012-2013,20,384905.55,373560.809,4648.82,43003.9,0.0,43003.9,0.0,0.0,0,14172.567,0.0,0.0,83.147,90.494,94.362,28.216,13.373,13.706,17.291,14.291,82.652,2.739,49.06,11344.723,2974.303,4659.554,345.011,911.468,8890.336,26701,181273,0,0,207974,89:50:00,58:60,00:00,01:25,02:25,152:40:00
fideicomiso ingenio la providencia,2012-2013,21,420495.782,407980.212,5053.77,47256.9,0.0,47256.9,0.0,0.0,0,15763.294,0.0,0.0,83.083,90.434,94.374,28.214,13.392,13.755,17.376,14.354,82.609,2.743,48.98,12515.552,3253.773,5187.163,374.87,968.941,9784.747,26701,181273,0,0,207974,108:30:00,58:60,00:00,01:35,02:25,171:30:00
fideicomiso ingenio la providencia,2012-2013,22,458010.972,444316.719,5507.28,51819.1,0.0,51819.1,0.0,0.0,0,17362.75,0.0,0.0,83.081,90.28,94.383,28.236,13.413,13.799,17.47,14.43,82.583,2.75,48.95,13694.235,3549.825,5691.81,410.359,1040.854,10692.848,26701,181273,0,0,207974,113:30:00,58:60,00:00,01:35,02:25,176:30:00
fideicomiso ingenio la providencia,2012-2013,23,497132.632,482237.812,5992.37,56584.05,0.0,56584.05,0.0,0.0,0,19031.728,0.0,0.0,83.081,90.152,94.392,28.316,13.445,13.861,17.57,14.51,82.6,2.75,48.96,14894.802,3864.547,6218.654,445.385,1129.703,11658.289,26701,181273,0,0,207974,114:55:00,58:60,00:00,02:15,02:25,178:35:00
fideicomiso ingenio la providencia,2012-2013,24,530875.332,514950.073,6413.15,60816.25,0.0,60816.25,0.0,0.0,0,20496.755,0.0,0.0,83.021,90.091,94.308,28.4,13.474,13.914,17.631,14.565,82.61,2.789,48.95,15925.241,4204.569,6654.73,475.628,1206.24,12541.167,26701,181273,0,0,207974,134:30:00,58:60,00:00,02:50,02:25,198:45:00
fideicomiso ingenio la providencia,2012-2013,25,568001.782,550946.566,6880.27,65268.8,0.0,65268.8,0.0,0.0,0,22090.804,0.0,0.0,83.009,90.055,94.309,28.508,13.523,13.958,17.69,14.62,82.623,2.79,48.96,17055.198,4511.624,7151.864,507.649,1299.606,13470.743,26701,181273,0,0,207974,145:25:00,58:60,00:00,03:10,02:25,210:00:00
fideicomiso ingenio la providencia,2012-2013,26,598812.312,580767.06,7355.14,68755.05,0.0,68755.05,0.0,0.0,0,23383.913,0.0,0.0,82.967,90.058,94.322,28.538,13.539,13.978,17.73,14.64,82.572,2.78,48.95,18045.234,4752.548,7576.503,536.717,1390.89,14256.658,26701,181273,0,0,207974,150:20:00,88:50:00,00:00,05:35,06:25,251:10:00
fideicomiso ingenio la providencia,2012-2013,27,633290.982,614184.23,8023.47,72695.55,0.0,72695.55,0.0,0.0,0,24804.1,0.0,0.0,82.876,90.19,94.286,28.601,13.563,13.986,17.71,14.62,82.563,2.79,48.95,19106.734,5060.949,8019.501,566.231,1520.657,15167.338,26701,181273,0,0,207974,167:50:00,88:50:00,00:00,11:55,06:25,274:60
fideicomiso ingenio la providencia,2012-2013,28,671225.932,650943.315,8708.93,76864.7,0.0,76864.7,0.0,0.0,0,26442.631,0.0,0.0,82.68,90.358,94.189,28.747,13.611,13.987,17.65,14.58,82.596,2.83,48.98,20282.599,5456.014,8537.558,603.429,1663.369,16260.37,26701,181273,0,0,207974,175:35:00,88:50:00,00:00,12:30,06:25,283:20:00
fideicomiso ingenio la providencia,2012-2013,29,705773.182,684424.67,9238.4,80744.95,0.0,80744.95,0.0,0.0,0,27940.404,0.0,0.0,82.556,90.444,94.143,28.765,13.612,13.989,17.61,14.56,82.673,2.85,48.98,21348.494,5782.765,8982.942,639.218,1817.045,17221.97,26701,181273,0,0,207974,192:20:00,90:05:00,00:00,16:45,06:25,305:35:00
fideicomiso ingenio la providencia,2012-2013,30,738252.952,715899.092,9977.12,84201.1,0.0,84201.1,0.0,0.0,0,29402.383,0.0,0.0,82.384,90.486,94.137,28.756,13.611,13.982,17.59,14.55,82.698,2.85,48.96,22353.842,6051.38,9395.336,671.927,2064.544,18183.187,26701,181273,0,0,207974,209:50:00,102:50:00,00:00,16:45,06:25,334:20:00
fideicomiso ingenio la providencia,2012-2013,31,763612.872,740497.029,10346.57,86923.95,0.0,86923.95,0.0,0.0,0,30603.053,0.0,0.0,82.187,90.457,94.119,28.755,13.611,13.968,17.58,14.53,82.692,2.86,48.94,23115.825,6272.901,9797.971,691.307,2238.174,19000.353,26701,181273,0,0,207974,218:30:00,149:45:00,00:00,17:10,06:25,391:50:00
fideicomiso ingenio la providencia,2012-2013,32,795498.612,771417.109,10749.87,90658.0,0.0,90658.0,0.0,0.0,0,32453.058,0.0,0.0,82.008,90.366,94.097,28.778,13.623,13.953,17.575,14.529,82.667,2.862,48.93,24081.485,6552.283,10336.581,716.995,2364.768,19970.627,26701,181273,0,0,207974,228:20:00,162:20:00,00:00,23:25,06:25,420:30:00
fideicomiso ingenio la providencia,2012-2013,33,795498.602,771417.109,10749.87,90988.55,0.0,90988.55,0.0,0.0,0,33008.93,0.0,0.0,82.008,90.366,94.097,28.778,13.623,13.953,17.57,14.53,82.667,2.86,48.93,24081.485,6552.282,10336.581,716.995,2364.768,19970.626,26701,181273,0,0,207974,228:20:00,330:20:00,00:00,23:25,06:25,588:30:00
fideicomiso ingenio la providencia,2012-2013,34,815796.882,791106.991,11022.99,92594.1,0.0,92594.1,0.0,0.0,0,33851.807,0.0,0.0,81.769,90.416,94.075,28.801,13.633,13.917,17.547,14.48,82.522,2.863,48.92,24689.883,6726.94,10801.976,733.029,2436.131,20698.076,26701,181273,0,0,207974,234:45:00,403:25:00,00:00,23:45,06:25,668:20:00
fideicomiso ingenio la providencia,2012-2013,35,839912.122,814365.041,11294.82,95224.7,0.0,95224.7,0.0,0.0,0,35245.893,115.975556,119.614,81.602,90.431,94.041,28.852,13.653,13.846,17.502,14.398,82.269,2.86,48.92,25547.081,6929.691,11104.753,752.635,2607.686,21394.765,26701,181273,0,0,207974,241:10:00,403:25:00,00:00,25:55:00,38:25:00,708:55:00
ingenio lazaro cardenas s.a. de c.v,2012-2013,10,15074.02,14769.397,174.9,1403.0,0.0,1403.0,0.0,0.0,0,163.211,0.0,0.0,83.878,96.386,96.284,27.486,12.53,13.059,15.4,13.045,84.708,1.767,51.355,304.623,73.221,181.853,16.888,45.405,317.367,0,0,0,0,0,00:00,00:00,00:00,00:00,00:00,00:00
ingenio lazaro cardenas s.a. de c.v,2012-2013,11,28427.02,27852.433,306.9,2950.05,0.0,2950.05,0.0,0.0,0,574.565,0.0,0.0,85.241,95.924,96.45,26.067,11.977,12.979,15.353,13.049,84.993,1.769,50.861,574.587,131.115,302.282,30.08,81.059,544.536,0,0,0,0,0,05:20,00:30,00:00,16:30,00:00,22:20
ingenio lazaro cardenas s.a. de c.v,2012-2013,12,44413.02,43508.145,431.0,4857.5,0.0,4857.5,0.0,0.0,0,1005.542,0.0,0.0,86.093,96.188,96.548,25.231,11.668,13.002,15.262,13.051,85.513,1.78,50.486,904.875,199.435,436.264,44.939,122.442,803.08,0,0,0,0,0,06:20,00:30,00:00,16:30,00:00,23:20
ingenio lazaro cardenas s.a. de c.v,2012-2013,13,59678.02,58463.986,586.45,6665.55,0.0,6665.55,0.0,0.0,0,1467.185,0.0,0.0,86.519,96.695,96.607,24.667,11.474,13.07,15.201,13.058,85.902,1.798,50.18,1214.034,264.661,566.425,58.19,162.246,1051.522,0,0,0,0,0,06:20,00:50,00:00,23:10,00:00,30:20:00
ingenio lazaro cardenas s.a. de c.v,2012-2013,14,72838.02,71354.591,716.6,8160.65,0.0,8160.65,0.0,0.0,0,1939.592,0.0,0.0,86.783,96.934,96.629,24.494,11.391,13.133,15.191,13.092,86.183,1.807,50.155,1483.429,322.471,684.316,69.477,188.083,1264.347,0,0,0,0,0,06:20,01:05,00:00,23:10,29:05:00,59:40:00
ingenio lazaro cardenas s.a. de c.v,2012-2013,15,88518.02,86714.855,871.1,9668.85,714.05,8954.8,0.0,0.0,0,2423.533,0.0,0.0,86.927,97.318,96.66,24.266,11.33,13.205,15.177,13.116,86.42,1.817,50.061,1803.165,390.265,826.039,82.456,229.347,1528.107,0,0,0,0,0,06:20,01:05,00:00,23:20,29:05:00,59:50:00
ingenio lazaro cardenas s.a. de c.v,2012-2013,16,103908.02,101794.652,1033.1,11396.3,2441.5,8954.8,0.0,0.0,0,2932.215,0.0,0.0,87.061,97.629,96.717,24.051,11.271,13.266,15.169,13.143,86.644,1.809,50.003,2113.368,452.197,960.899,95.498,275.018,1783.612,0,0,0,0,0,09:50,02:05,00:00,23:35,29:05:00,64:35:00
ingenio lazaro cardenas s.a. de c.v,2012-2013,17,119538.02,117110.137,1195.0,13347.55,4392.75,8954.8,0.0,0.0,0,3388.111,0.0,0.0,87.124,97.913,96.734,24.187,11.379,13.346,15.187,13.186,86.824,1.801,49.919,2427.883,520.596,1105.469,108.615,319.415,2054.095,0,0,0,0,0,12:20,02:05,00:00,23:35,29:05:00,67:05:00
ingenio lazaro cardenas s.a. de c.v,2012-2013,18,134920.05,132183.958,1340.0,15400.8,6391.0,9009.8,0.0,0.0,0,3808.67,0.0,0.0,87.172,98.136,96.752,24.293,11.47,13.422,15.218,13.233,86.956,1.793,49.824,2736.092,587.701,1248.767,121.533,364.965,2322.966,0,0,0,0,0,16:10,02:05,00:00,23:35,29:05:00,70:55:00
ingenio lazaro cardenas s.a. de c.v,2012-2013,19,150570.05,147517.581,1503.0,17484.8,7090.0,10394.8,0.0,0.0,0,4259.563,0.0,0.0,87.241,98.181,96.769,24.392,11.538,13.494,15.275,13.3,87.07,1.786,49.799,3052.469,655.824,1396.511,134.617,405.331,2592.283,0,0,0,0,0,18:10,02:05,00:00,26:20:00,29:05:00,75:40:00
ingenio lazaro cardenas s.a. de c.v,2012-2013,20,166140.05,162775.933,1666.8,19436.4,7090.0,12346.4,0.0,0.0,0,4672.579,0.0,0.0,87.314,98.254,96.787,24.426,11.585,13.563,15.33,13.361,87.156,1.782,49.718,3364.117,723.113,1546.004,147.575,442.072,2858.764,0,0,0,0,0,19:10,04:05,00:00,27:10:00,29:05:00,79:30:00
ingenio lazaro cardenas s.a. de c.v,2012-2013,21,181785.05,178106.176,1850.0,21203.4,8851.1,12352.3,0.0,0.0,0,5184.234,0.0,0.0,87.369,98.371,96.789,24.502,11.638,13.627,15.37,13.408,87.235,1.784,49.681,3678.874,794.515,1701.904,161.069,471.449,3128.937,0,0,0,0,0,21:25,04:05,00:00,27:10:00,29:05:00,81:45:00
ingenio lazaro cardenas s.a. de c.v,2012-2013,22,197480.05,193486.243,2010.5,23246.2,10793.9,12452.3,0.0,0.0,0,5686.87,0.0,0.0,87.416,98.476,96.79,24.542,11.668,13.681,15.404,13.448,87.302,1.788,49.656,3993.807,866.375,1847.39,174.146,512.067,3399.978,0,0,0,0,0,23:45,04:05,00:00,27:30:00,29:05:00,84:25:00
ingenio lazaro cardenas s.a. de c.v,2012-2013,23,213470.05,209146.477,2188.5,25216.25,12763.95,12452.3,0.0,0.0,0,6243.449,0.0,0.0,87.455,98.565,96.792,24.534,11.672,13.723,15.429,13.477,87.348,1.793,49.641,4323.573,938.973,1996.81,187.545,551.695,3675.023,0,0,0,0,0,25:25:00,04:05,00:00,27:30:00,29:05:00,86:05:00
ingenio lazaro cardenas s.a. de c.v,2012-2013,24,226995.0,222402.509,2339.5,26862.7,14410.4,12452.3,0.0,0.0,0,6699.236,0.0,0.0,87.477,98.641,96.787,24.609,11.712,13.759,15.448,13.5,87.39,1.795,49.637,4592.491,1002.746,2126.165,198.814,583.285,3911.01,0,0,0,0,0,26:25:00,04:05,00:00,27:30:00,57:25:00,115:25:00
ingenio lazaro cardenas s.a. de c.v,2012-2013,25,241755.0,236867.809,2493.38,28611.05,16158.75,12452.3,0.0,0.0,0,7148.241,0.0,0.0,87.488,98.716,96.78,24.703,11.763,13.791,15.465,13.521,87.43,1.796,49.621,4887.191,1072.678,2262.395,211.152,625.349,4171.574,0,0,0,0,0,34:55:00,04:05,00:00,27:30:00,61:50:00,128:20:00
ingenio lazaro cardenas s.a. de c.v,2012-2013,26,256520.0,251338.236,2647.26,30634.55,18182.25,12452.3,0.0,0.0,0,7600.267,0.0,0.0,87.515,98.792,96.778,24.739,11.783,13.822,15.481,13.54,87.462,1.799,49.623,5181.764,1141.586,2395.565,223.287,666.254,4426.692,0,0,0,0,0,34:55:00,04:05,00:00,40:15:00,61:50:00,141:05:00
ingenio lazaro cardenas s.a. de c.v,2012-2013,27,271385.0,265901.969,2802.26,32484.65,20032.35,12452.3,0.0,0.0,0,8048.278,0.0,0.0,87.52,98.846,96.774,24.769,11.795,13.852,15.501,13.562,87.491,1.803,49.632,5483.031,1212.01,2535.519,235.349,708.822,4691.7,0,0,0,0,0,34:55:00,04:20,00:00,50:50:00,61:50:00,151:55:00
ingenio lazaro cardenas s.a. de c.v,2012-2013,28,286670.0,280880.533,3000.26,34374.7,21922.4,12452.3,0.0,0.0,0,8509.28,0.0,0.0,87.527,98.917,96.773,24.795,11.806,13.88,15.516,13.58,87.523,1.806,49.641,5789.467,1283.433,2694.146,248.169,737.443,4963.191,0,0,0,0,0,38:45:00,04:35,00:00,53:50:00,61:50:00,159:00:00
ingenio lazaro cardenas s.a. de c.v,2012-2013,29,300735.0,294662.836,3170.01,36145.5,23073.0,13072.5,0.0,0.0,0,8903.393,0.0,0.0,87.539,98.978,96.771,24.812,11.816,13.904,15.528,13.594,87.545,1.809,49.637,6072.164,1349.489,2838.559,259.708,762.561,5210.317,0,0,0,0,0,58:15:00,04:35,00:00,53:50:00,61:50:00,178:30:00
ingenio lazaro cardenas s.a. de c.v,2012-2013,30,316585.0,310195.746,3345.01,38180.35,23073.0,15107.35,0.0,0.0,0,9332.094,0.0,0.0,87.549,99.041,96.765,24.839,11.825,13.928,15.54,13.608,87.568,1.813,49.651,6389.254,1425.646,3002.505,272.764,789.168,5490.083,0,0,0,0,0,58:15:00,04:35,00:00,55:30:00,61:50:00,180:10:00
ingenio lazaro cardenas s.a. de c.v,2012-2013,31,331245.0,324562.231,3510.01,40199.0,23073.0,17126.0,0.0,0.0,0,9735.746,0.0,0.0,87.547,99.096,96.761,24.857,11.833,13.947,15.548,13.618,87.587,1.817,49.655,6682.769,1495.979,3156.344,286.065,814.392,5752.78,0,0,0,0,0,68:50:00,04:35,00:00,58:00:00,61:50:00,193:15:00
ingenio lazaro cardenas s.a. de c.v,2012-2013,32,345600.0,338631.942,3680.01,41989.05,23073.0,18916.05,0.0,0.0,0,10143.008,0.0,0.0,87.538,99.142,96.747,24.891,11.84,13.955,15.546,13.618,87.598,1.823,49.69,6968.058,1568.549,3305.119,300.284,836.529,6010.481,0,0,0,0,0,74:35:00,04:35,00:00,71:10:00,61:50:00,212:10:00
ingenio lazaro cardenas s.a. de c.v,2012-2013,33,359840.0,352871.942,3756.0,43780.85,23073.0,20707.85,0.0,0.0,0,0.0,0.0,0.0,0.0,0.0,0.0,0.0,11.848,13.963,0.0,0.0,87.625,0.0,0.0,0.0,0.0,0.0,0.0,0.0,0.0,0,0,0,0,0,00:00,00:00,00:00,00:00,00:00,00:00
ingenio lazaro cardenas s.a. de c.v,2012-2013,34,362513.584,355130.384,3916.26,44377.75,23073.0,17860.2,3444.55,0.0,0,11758.175,122.239727,124.781,87.448,99.192,96.729,24.932,11.848,13.963,15.54,13.617,87.625,1.831,49.732,7383.2,1655.268,3489.084,317.421,891.798,6353.571,0,0,0,0,0,74:35:00,04:35,00:00,104:20:00,64:50:00,248:20:00
compania azucarera los mochis s.a. de c.v.,2012-2013,14,52564.298,48586.744,654.28,1063.15,1063.15,0.0,0.0,0.0,0,902.145,0.0,0.0,73.601,94.754,95.036,27.121,12.412,11.338,14.194,11.371,80.113,2.075,51.02,4050.417,295.834,904.379,104.426,268.642,1573.281,274281,695813,0,0,970094,41:55:00,02:10,00:00,00:00,43:25:00,87:30:00
compania azucarera los mochis s.a. de c.v.,2012-2013,15,98514.298,89540.704,1192.48,3739.45,3739.45,0.0,0.0,0.0,0,4083.919,0.0,0.0,65.73,93.557,95.041,27.574,12.758,11.228,14.614,11.406,78.046,2.019,50.56,9074.139,548.489,2063.656,187.828,990.585,3790.558,274281,966711,0,0,1240992,81:45:00,03:05,00:00,00:00,43:25:00,128:15:00
compania azucarera los mochis s.a. de c.v.,2012-2013,16,146394.0,133328.122,1665.72,7757.4,7757.4,0.0,0.0,0.0,0,6353.275,0.0,0.0,60.438,93.362,95.172,27.298,12.702,11.278,14.835,11.497,77.494,1.995,50.34,13128.587,797.145,3496.515,296.96,1941.177,6531.797,274281,1479971,0,0,1754252,102:20:00,03:05,00:00,00:00,43:25:00,148:50:00
compania azucarera los mochis s.a. de c.v.,2012-2013,17,189344.0,172975.059,2173.4,10972.95,10972.95,0.0,0.0,0.0,0,8176.929,0.0,0.0,64.69,93.232,95.289,27.297,12.753,11.377,14.947,11.628,77.789,1.963,50.2,16486.866,1014.722,4062.987,385.526,2142.759,7605.994,274281,1881339,0,0,2155620,142:25:00,03:05,00:00,08:25,43:25:00,197:20:00
compania azucarera los mochis s.a. de c.v.,2012-2013,18,248424.0,226463.478,2882.43,16312.25,16312.25,0.0,0.0,0.0,0,10679.672,0.0,0.0,67.1,93.545,95.46,27.094,12.703,11.512,15.04,11.748,78.107,1.929,50.06,22051.478,1298.22,5017.527,490.751,2602.349,9408.847,274281,2186959,0,0,2461240,147:00:00,03:50,00:00,08:25,43:25:00,201:55:00
compania azucarera los mochis s.a. de c.v.,2012-2013,19,309354.0,281377.826,3648.97,22397.25,22397.25,0.0,0.0,0.0,0,13617.723,0.0,0.0,69.531,93.548,95.486,27.199,12.795,11.643,15.134,11.884,78.525,1.932,49.91,28047.49,1625.771,5926.407,640.002,2781.667,10973.847,274281,2398336,0,0,2672617,147:20:00,03:05,00:00,09:10,43:25:00,202:60
compania azucarera los mochis s.a. de c.v.,2012-2013,20,339374.0,309724.858,3988.75,24771.5,24771.5,0.0,0.0,0.0,0,14853.588,0.0,0.0,70.271,93.764,95.536,27.169,12.797,11.707,15.17,11.93,78.617,1.92,49.86,29710.458,1773.473,6330.228,713.345,2994.755,11811.801,274281,2529712,0,0,2803993,159:15:00,03:50,00:00,85:50:00,43:25:00,291:35:00
compania azucarera los mochis s.a. de c.v.,2012-2013,21,398289.0,364806.338,4701.33,29697.0,29697.0,0.0,0.0,0.0,0,17707.623,0.0,0.0,70.56,93.768,95.598,27.054,12.777,11.816,15.28,12.05,78.837,1.92,49.74,33543.978,2071.564,7310.885,892.468,3580.402,13855.319,274281,2632752,0,0,2907033,163:39:00,03:05,00:00,92:43:00,43:25:00,302:52:00
compania azucarera los mochis s.a. de c.v.,2012-2013,22,446147.449,408740.98,5323.15,33179.75,33179.75,0.0,0.0,0.0,0,20945.04,0.0,0.0,70.016,93.518,95.616,27.022,12.779,11.919,15.41,12.19,79.095,1.93,49.68,37467.785,2331.257,8734.359,1029.233,3849.459,15944.308,274281,2828052,0,0,3102333,194:10:00,05:40,00:00,93:03:00,43:25:00,336:18:00
compania azucarera los mochis s.a. de c.v.,2012-2013,23,501182.894,439953.124,6037.92,38208.81,38208.81,0.0,0.0,0.0,0,23384.489,0.0,0.0,70.546,93.625,95.639,26.897,12.736,12.023,15.478,12.282,79.347,1.95,49.61,42227.19,2628.021,10031.728,1143.909,3944.242,17747.9,274281,3130170,0,0,3404451,200:20:00,05:40,00:00,93:03:00,43:25:00,342:28:00
compania azucarera los mochis s.a. de c.v.,2012-2013,24,553875.054,487160.461,6773.866,42642.6,42642.59,0.0,0.0,0.0,0,26190.864,0.0,0.0,70.833,93.678,95.647,26.754,12.679,12.058,15.528,12.311,79.284,1.962,49.55,47712.013,2907.119,11291.137,1226.25,4054.292,19478.798,274281,3424826,0,0,3699107,211:50:00,05:40,00:00,93:03:00,43:25:00,353:58:00
compania azucarera los mochis s.a. de c.v.,2012-2013,25,591449.584,520580.34,7299.016,45686.35,45686.34,0.0,0.0,0.0,0,28399.502,0.0,0.0,71.093,93.588,95.59,26.786,12.7,12.053,15.555,12.311,79.147,1.984,49.52,51866.664,3143.462,12043.036,1287.82,4132.545,20606.863,274281,3652454,0,0,3926735,259:25:00,05:40,00:00,101:03:00,43:25:00,409:33:00
compania azucarera los mochis s.a. de c.v.,2012-2013,26,644181.534,564942.799,7966.996,50276.15,50276.15,0.0,0.0,0.0,0,30952.011,0.0,0.0,71.523,93.439,95.442,26.88,12.741,12.086,15.59,12.345,79.182,2.049,49.47,60236.155,3548.603,13041.123,1384.121,4196.379,22170.226,274281,3783914,0,0,4058195,265:50:00,05:40,00:00,101:03:00,43:25:00,415:58:00
compania azucarera los mochis s.a. de c.v.,2012-2013,27,671059.644,591820.909,8295.18,53046.916,52960.04,86.866,0.0,0.0,0,32878.844,96.507386,109.429,69.293,90.576,94.76,29.014,13.752,11.776,15.564,12.32,79.157,2.127,49.39,62956.481,4141.074,13897.39,1459.642,4768.694,24266.8,274281,3889602,35532,0,4199415,276:30:00,05:40,00:00,101:03:00,43:25:00,426:38:00
ingenio mahuixtlan s.a. de c.v,2012-2013,7,15951.83,15621.58,259.0,1284.4,0.0,1284.4,0.0,0.0,0,92.337,0.0,0.0,83.533,84.211,93.449,27.712,12.81,12.002,15.94,13.32,83.55,2.84,50.24,324.142,125.416,155.892,14.094,19.865,315.267,0,0,0,0,0,00:00,00:00,00:00,00:00,00:00,00:00
ingenio mahuixtlan s.a. de c.v,2012-2013,8,33093.228,32329.305,368.0,3249.0,0.0,3249.0,0.0,0.0,0,800.256,0.0,0.0,84.745,87.565,93.903,27.485,12.77,12.351,15.75,13.24,84.08,2.74,50.13,757.815,249.187,313.468,26.731,34.121,623.507,0,0,0,0,0,00:00,00:00,00:00,02:25,02:50,05:15
ingenio mahuixtlan s.a. de c.v,2012-2013,9,50988.577,49722.469,543.0,5167.3,0.0,5167.3,0.0,0.0,0,1444.009,0.0,0.0,84.947,88.036,94.022,27.406,12.75,12.414,15.85,13.26,83.66,2.71,50.08,1213.619,378.402,485.677,40.051,48.66,952.79,0,0,0,0,0,00:00,00:45,00:00,02:55,02:50,06:30
ingenio mahuixtlan s.a. de c.v,2012-2013,10,69982.616,68241.896,730.0,7256.7,0.0,7256.7,0.0,0.0,0,1981.09,0.0,0.0,85.127,88.611,94.121,27.35,12.74,12.492,15.85,13.27,83.72,2.69,50.05,1696.625,513.956,667.631,54.625,63.999,1300.212,0,0,0,0,0,00:00,00:45,00:00,06:10,03:20,10:15
ingenio mahuixtlan s.a. de c.v,2012-2013,11,85418.585,83188.633,893.0,9013.725,0.0,9013.725,0.0,0.0,0,2463.935,0.0,0.0,85.263,89.168,94.183,27.325,12.74,12.569,15.86,13.28,83.72,2.68,50.03,2185.857,624.537,815.022,66.07,76.596,1582.225,0,0,0,0,0,00:00,00:45,00:00,31:40:00,11:50,44:15:00
ingenio mahuixtlan s.a. de c.v,2012-2013,12,104878.727,102011.553,1107.0,11150.425,0.0,11150.425,0.0,0.0,0,3065.34,0.0,0.0,85.403,89.941,94.253,27.3,12.73,12.669,15.85,13.28,83.76,2.67,50.02,2823.079,763.6,1001.779,81.761,92.301,1939.44,0,0,0,0,0,00:00,00:45,00:00,35:40:00,11:50,48:15:00
ingenio mahuixtlan s.a. de c.v,2012-2013,13,120823.929,117661.461,1261.0,12915.975,0.0,12915.975,0.0,0.0,0,3556.001,0.0,0.0,85.453,90.23,94.286,27.288,12.73,12.701,15.85,13.27,83.73,2.66,50.01,3108.876,876.838,1155.814,94.565,105.174,2232.392,0,0,0,0,0,00:00,30:25:00,00:00,36:40:00,15:40,82:45:00
ingenio mahuixtlan s.a. de c.v,2012-2013,14,134207.773,130617.733,1397.0,14351.875,0.0,14351.875,0.0,0.0,0,3996.588,0.0,0.0,85.444,90.145,94.291,27.302,12.74,12.688,15.85,13.27,83.73,2.65,50.0,3536.448,972.205,1283.784,106.275,116.306,2478.569,0,0,0,0,0,00:00,59:40:00,00:00,36:40:00,36:50:00,133:10:00
ingenio mahuixtlan s.a. de c.v,2012-2013,15,149510.492,145606.413,1551.0,15974.325,0.0,15974.325,0.0,0.0,0,4483.917,0.0,0.0,85.38,89.92,94.288,27.308,12.75,12.657,15.85,13.27,83.74,2.65,50.0,3868.32,1080.813,1430.006,119.604,136.179,2766.601,0,0,0,0,0,00:00,59:40:00,00:00,40:45:00,65:45:00,166:10:00
ingenio mahuixtlan s.a. de c.v,2012-2013,16,166160.107,161859.852,1712.0,17806.525,0.0,17806.525,0.0,0.0,0,5014.735,0.0,0.0,85.403,89.882,94.292,27.319,12.75,12.649,15.84,13.27,83.77,2.64,50.0,4264.497,1199.749,1591.763,134.179,142.24,3067.932,0,0,0,0,0,00:55,59:40:00,00:00,52:55:00,76:00:00,189:30:00
ingenio mahuixtlan s.a. de c.v,2012-2013,17,185796.713,180885.063,1916.0,19990.025,0.0,19990.025,0.0,0.0,0,5562.176,0.0,0.0,85.436,90.037,94.307,27.329,12.76,12.665,15.83,13.27,83.78,2.64,49.99,4875.892,1339.635,1778.2,151.153,158.179,3427.167,0,0,0,0,0,01:10,59:40:00,00:00,56:35:00,76:00:00,193:25:00
ingenio mahuixtlan s.a. de c.v,2012-2013,18,203463.966,198115.755,2091.0,21976.125,0.0,21976.125,0.0,0.0,0,6103.132,0.0,0.0,85.464,90.121,94.32,27.332,12.76,12.681,15.84,13.27,83.81,2.64,49.99,5233.535,1465.461,1945.641,166.809,172.487,3750.398,0,0,0,0,0,02:20,59:40:00,00:00,60:40:00,93:10:00,215:50:00
ingenio mahuixtlan s.a. de c.v,2012-2013,19,221531.234,215627.076,2291.0,24017.375,0.0,24017.375,0.0,0.0,0,6605.822,0.0,0.0,85.531,90.361,94.341,27.338,12.77,12.717,15.83,13.28,83.86,2.63,49.99,5776.233,1594.381,2114.282,180.673,187.046,4076.381,0,0,0,0,0,04:30,59:40:00,00:00,61:40:00,106:40:00,232:30:00
ingenio mahuixtlan s.a. de c.v,2012-2013,20,238541.957,232520.624,2465.0,26123.775,0.0,26123.775,0.0,0.0,0,7128.873,0.0,0.0,85.678,90.95,94.386,27.341,12.77,12.811,15.83,13.29,83.97,2.63,49.98,6185.423,1715.584,2268.732,191.855,200.555,4376.726,0,0,0,0,0,04:30,59:40:00,00:00,65:40:00,128:40:00,258:30:00
ingenio mahuixtlan s.a. de c.v,2012-2013,21,256030.688,249630.029,2645.0,28159.825,0.0,28159.825,0.0,0.0,0,7632.886,0.0,0.0,85.762,91.249,94.41,27.341,12.77,12.858,15.83,13.3,84.03,2.63,49.98,6564.749,1840.13,2427.436,205.381,214.42,4687.367,0,0,0,0,0,04:30,59:40:00,00:00,72:10:00,143:10:00,279:30:00
ingenio mahuixtlan s.a. de c.v,2012-2013,22,270487.908,263289.458,2784.0,29868.625,0.0,29868.625,0.0,0.0,0,8136.804,0.0,0.0,85.805,91.371,94.418,27.346,12.77,12.876,15.82,13.31,84.13,2.63,49.98,6951.541,1944.212,2556.843,216.842,226.178,4944.075,0,0,0,0,0,12:35,59:40:00,00:00,105:45:00,143:10:00,321:10:00
ingenio mahuixtlan s.a. de c.v,2012-2013,23,288904.464,281267.487,2983.0,32037.875,0.0,32037.875,0.0,0.0,0,8678.013,0.0,0.0,85.907,91.677,94.446,27.348,12.78,12.934,15.81,13.32,84.28,2.63,49.98,7390.068,2075.337,2719.55,230.308,240.844,5266.039,0,0,0,0,0,16:20,59:40:00,00:00,106:45:00,152:10:00,334:55:00
ingenio mahuixtlan s.a. de c.v,2012-2013,24,302787.156,294800.59,3090.0,33689.925,0.0,33689.925,0.0,0.0,0,9138.111,0.0,0.0,85.986,91.836,94.467,27.349,12.78,12.973,15.82,13.34,84.36,2.62,49.98,7696.222,2173.237,2838.971,240.577,251.964,5504.749,0,0,0,0,0,17:00,59:40:00,00:00,106:55:00,202:25:00,386:00:00
ingenio mahuixtlan s.a. de c.v,2012-2013,25,321643.632,313175.277,3292.0,35875.875,0.0,35875.875,0.0,0.0,0,9699.294,0.0,0.0,86.022,92.003,94.481,27.35,12.78,12.997,15.81,13.35,84.42,2.62,49.97,8121.35,2307.266,3014.247,254.157,267.448,5843.117,0,0,0,0,0,24:25:00,59:40:00,00:00,106:55:00,206:30:00,397:30:00
ingenio mahuixtlan s.a. de c.v,2012-2013,26,328634.052,320024.06,3385.0,36718.875,0.0,36718.875,0.0,0.0,0,9915.297,0.0,0.0,86.041,92.078,94.486,27.351,12.78,13.005,15.8,13.35,84.44,2.62,49.97,8262.987,2356.729,3076.454,259.301,273.435,5965.919,0,0,0,0,0,25:55:00,107:40:00,00:00,107:15:00,264:30:00,505:20:00
ingenio mahuixtlan s.a. de c.v,2012-2013,27,345460.118,336591.668,3597.0,38597.075,0.0,38597.075,0.0,0.0,0,10445.089,0.0,0.0,86.049,92.021,94.485,27.353,12.78,12.998,15.8,13.35,84.48,2.62,49.97,8547.632,2476.263,3227.465,271.509,289.42,6264.657,0,0,0,0,0,27:40:00,125:10:00,00:00,107:15:00,274:30:00,534:35:00
ingenio mahuixtlan s.a. de c.v,2012-2013,28,365026.216,355843.97,3855.0,40842.125,0.0,40842.125,0.0,0.0,0,11029.868,0.0,0.0,86.044,92.046,94.49,27.353,12.78,13.003,15.8,13.35,84.51,2.62,49.97,8861.428,2615.143,3418.246,285.245,305.728,6624.362,0,0,0,0,0,32:40:00,125:10:00,00:00,110:15:00,274:30:00,542:35:00
ingenio mahuixtlan s.a. de c.v,2012-2013,29,381402.654,371953.333,4070.0,42757.775,0.0,42757.775,0.0,0.0,0,11560.185,0.0,0.0,86.077,92.132,94.493,27.356,12.78,13.022,15.8,13.36,84.53,2.62,49.97,9128.503,2735.2,3564.703,295.273,319.924,6915.1,0,0,0,0,0,46:50:00,125:10:00,00:00,116:30:00,274:30:00,563:00:00
ingenio mahuixtlan s.a. de c.v,2012-2013,30,397934.141,388077.159,4293.0,44582.425,0.0,44582.425,0.0,0.0,0,12021.286,0.0,0.0,86.078,92.117,94.49,27.359,12.79,13.023,15.8,13.36,84.54,2.62,49.97,9536.164,2855.686,3718.818,306.6,334.001,7215.105,0,0,0,0,0,54:05:00,125:10:00,00:00,119:05:00,293:45:00,592:05:00
ingenio mahuixtlan s.a. de c.v,2012-2013,31,415200.366,404909.881,4578.0,46599.525,0.0,46599.525,0.0,0.0,0,12542.426,0.0,0.0,86.087,92.161,94.489,27.363,12.79,13.034,15.81,13.36,84.54,2.63,49.97,9969.667,2982.565,3879.628,318.724,348.849,7529.765,0,0,0,0,0,69:25:00,126:25:00,00:00,125:00:00,293:45:00,614:35:00
ingenio mahuixtlan s.a. de c.v,2012-2013,32,432817.56,422153.255,5169.06,48593.475,0.0,48593.475,0.0,0.0,0,13091.138,0.0,0.0,86.109,92.081,94.491,27.365,12.79,13.032,15.82,13.37,84.54,2.62,49.97,10343.487,3107.291,4031.076,331.048,366.116,7835.531,0,0,0,0,0,83:00:00,126:25:00,00:00,126:10:00,299:25:00,635:00:00
ingenio mahuixtlan s.a. de c.v,2012-2013,33,447991.466,437011.626,5364.06,50304.425,0.0,50304.425,0.0,0.0,0,13543.41,0.0,0.0,86.15,92.013,94.49,27.366,12.79,13.024,15.82,13.38,84.56,2.62,49.96,10658.266,3215.142,4139.687,342.098,384.154,8081.081,0,0,0,0,0,85:00:00,126:25:00,00:00,132:00:00,330:55:00,674:20:00
ingenio mahuixtlan s.a. de c.v,2012-2013,34,464073.949,452779.658,5540.06,52137.6,0.0,52137.6,0.0,0.0,0,14120.768,0.0,0.0,86.179,91.862,94.483,27.368,12.79,13.004,15.82,13.37,84.55,2.62,49.96,10984.322,3329.24,4256.353,352.675,402.256,8340.524,0,0,0,0,0,85:40:00,127:25:00,00:00,164:15:00,330:55:00,708:15:00
ingenio mahuixtlan s.a. de c.v,2012-2013,35,478266.156,466671.709,5980.42,53742.575,0.0,53742.575,0.0,0.0,0,14810.96,110.882872,113.638,86.179,91.674,94.47,27.384,12.799,12.976,15.819,13.372,84.532,2.62,49.964,11272.873,3431.839,4357.585,362.78,425.02,8577.225,0,0,0,0,0,91:50:00,127:25:00,00:00,174:05:00,371:50:00,765:10:00
ingenio melchor ocampo s.a. de c.v.,2012-2013,9,54220.0,51874.63,445.0,4541.75,0.0,4541.75,0.0,0.0,0,1748.974,0.0,0.0,79.627,98.307,94.042,31.588,14.05,13.502,15.44,12.92,83.66,2.55,52.0,2345.37,436.157,857.573,50.094,147.59,1491.414,0,0,0,0,0,67:00:00,00:00,00:00,00:00,00:00,67:00:00
ingenio melchor ocampo s.a. de c.v.,2012-2013,10,89340.0,85272.66,731.0,8278.75,0.0,8278.75,0.0,0.0,0,3150.74,0.0,0.0,80.967,98.876,94.465,30.593,13.76,13.483,15.37,12.88,83.79,2.44,51.64,4067.34,666.766,1306.721,79.937,239.372,2292.796,0,0,0,0,0,69:45:00,00:50,00:00,00:15,00:00,70:50:00
ingenio melchor ocampo s.a. de c.v.,2012-2013,11,120605.0,115021.183,987.0,12030.35,0.0,12030.35,0.0,0.0,0,4483.778,0.0,0.0,81.517,97.855,94.546,30.218,13.62,13.364,15.39,12.91,83.9,2.41,51.53,5583.817,879.116,1686.115,101.991,311.72,2978.942,0,0,0,0,0,96:50:00,01:05,00:00,00:20,00:00,98:15:00
ingenio melchor ocampo s.a. de c.v.,2012-2013,12,159815.0,152210.334,1305.0,16715.25,0.0,16715.25,0.0,0.0,0,5943.216,0.0,0.0,82.096,97.187,94.496,29.92,13.51,13.346,15.43,12.98,84.1,2.46,51.36,7604.666,1174.065,2132.774,126.607,385.496,3818.941,0,0,0,0,0,98:35:00,01:55,00:00,00:20,00:00,100:50:00
ingenio melchor ocampo s.a. de c.v.,2012-2013,13,199665.0,189980.549,1626.0,21407.7,0.0,21407.7,0.0,0.0,0,7286.593,0.0,0.0,82.889,96.506,94.636,29.384,13.32,13.347,15.53,13.09,84.26,2.44,51.21,9684.451,1429.515,2549.65,146.567,434.065,4559.797,0,0,0,0,0,104:20:00,01:55,00:00,00:35,00:00,106:50:00
ingenio melchor ocampo s.a. de c.v.,2012-2013,14,209560.0,199368.525,1701.0,22702.3,0.0,22702.3,0.0,0.0,0,7709.626,0.0,0.0,82.883,96.424,94.646,29.409,13.33,13.338,15.54,13.09,84.25,2.43,51.22,10191.475,1496.413,2689.16,150.993,447.758,4784.323,0,0,0,0,0,105:20:00,01:55,00:00,00:35,124:45:00,232:35:00
ingenio melchor ocampo s.a. de c.v.,2012-2013,15,241875.0,230177.032,1997.0,25876.95,0.0,25876.95,0.0,0.0,0,8763.167,0.0,0.0,83.047,95.948,94.679,29.27,13.29,13.27,15.56,13.09,84.17,2.41,51.18,11697.968,1707.664,3091.538,165.44,476.574,5441.215,0,0,0,0,0,109:00:00,01:55,00:00,00:40,153:35:00,265:10:00
ingenio melchor ocampo s.a. de c.v.,2012-2013,16,281430.0,267732.172,2292.0,30626.25,0.0,30626.25,0.0,0.0,0,10366.186,0.0,0.0,83.367,95.72,94.707,29.068,13.19,13.295,15.6,13.15,84.3,2.42,51.21,13697.828,1980.447,3540.901,185.699,516.632,6223.679,0,0,0,0,0,113:20:00,02:05,00:00,00:45,153:35:00,269:45:00
ingenio melchor ocampo s.a. de c.v.,2012-2013,17,319375.0,303728.99,2558.0,35210.55,0.0,35210.55,0.0,0.0,0,11754.745,0.0,0.0,83.633,95.676,94.762,28.811,13.07,13.357,15.67,13.23,84.41,2.43,51.2,15646.01,2234.37,3975.063,203.596,568.937,6981.965,0,0,0,0,0,122:30:00,02:05,00:00,00:50,153:35:00,279:00:00
ingenio melchor ocampo s.a. de c.v.,2012-2013,18,362095.0,344186.164,2836.0,40516.1,0.0,40516.1,0.0,0.0,0,13342.563,0.0,0.0,83.975,95.649,94.878,28.749,13.05,13.435,15.76,13.33,84.57,2.39,51.2,17908.836,2491.781,4443.044,227.532,633.192,7795.549,0,0,0,0,0,125:55:00,02:05,00:00,01:10,153:35:00,282:45:00
ingenio melchor ocampo s.a. de c.v.,2012-2013,19,403520.0,383428.211,3100.0,45681.95,0.0,45681.95,0.0,0.0,0,14789.449,0.0,0.0,84.249,95.716,94.947,28.645,13.02,13.515,15.83,13.41,84.7,2.38,51.18,20091.789,2755.421,4894.307,247.545,692.3,8589.573,0,0,0,0,0,135:35:00,02:05,00:00,01:20,153:35:00,292:35:00
ingenio melchor ocampo s.a. de c.v.,2012-2013,20,444150.0,421928.906,3348.0,50700.35,0.0,50700.35,0.0,0.0,0,16299.424,0.0,0.0,84.384,95.979,94.951,28.555,12.98,13.585,15.85,13.44,84.77,2.4,51.17,22221.094,3046.549,5367.915,268.939,738.704,9422.107,0,0,0,0,0,140:50:00,02:05,00:00,01:30,153:35:00,298:00:00
ingenio melchor ocampo s.a. de c.v.,2012-2013,21,487375.0,462850.67,3577.0,56039.2,0.0,56039.2,0.0,0.0,0,17773.705,0.0,0.0,84.56,96.36,95.002,28.452,12.94,13.673,15.89,13.48,84.85,2.4,51.16,24524.33,3330.36,5882.901,292.535,782.814,10288.611,0,0,0,0,0,142:25:00,02:05,00:00,01:40,153:35:00,299:45:00
ingenio melchor ocampo s.a. de c.v.,2012-2013,22,527085.0,500477.914,3788.0,60995.8,0.0,60995.8,0.0,0.0,0,19319.163,0.0,0.0,84.665,96.613,95.071,28.394,12.92,13.737,15.92,13.52,84.89,2.38,51.16,26607.086,3569.054,6401.21,314.732,818.599,11103.595,0,0,0,0,0,153:25:00,03:00,00:00,02:25,153:35:00,312:25:00
ingenio melchor ocampo s.a. de c.v.,2012-2013,23,567995.0,539174.082,4138.0,66272.35,0.0,66272.35,0.0,0.0,0,20919.046,0.0,0.0,84.752,96.753,95.09,28.342,12.91,13.787,15.95,13.55,84.95,2.39,51.13,28820.918,3844.787,6908.028,338.423,849.658,11940.895,0,0,0,0,0,158:35:00,03:00,00:00,02:25,153:35:00,317:35:00
ingenio melchor ocampo s.a. de c.v.,2012-2013,24,606565.0,575648.684,4500.0,71067.5,0.0,71067.5,0.0,0.0,0,22357.168,0.0,0.0,84.86,97.043,95.122,28.284,12.89,13.831,15.95,13.56,84.97,2.39,51.12,30916.316,4092.359,7374.783,359.262,875.421,12701.826,0,0,0,0,0,165:35:00,03:00,00:00,02:25,160:00:00,331:00:00
ingenio melchor ocampo s.a. de c.v.,2012-2013,25,649410.0,616178.714,4902.0,76279.9,0.0,76279.9,0.0,0.0,0,23957.215,0.0,0.0,84.942,97.046,95.164,28.251,12.88,13.854,15.98,13.58,85.0,2.37,51.11,33231.286,4350.794,7899.848,383.915,912.45,13547.006,0,0,0,0,0,166:35:00,03:15,00:00,02:50,160:00:00,332:40:00
ingenio melchor ocampo s.a. de c.v.,2012-2013,26,690930.0,655429.031,5312.0,81346.3,0.0,81346.3,0.0,0.0,0,25581.824,0.0,0.0,85.012,96.978,95.185,28.2,12.87,13.864,16.01,13.61,85.0,2.37,51.1,35500.969,4612.365,8382.847,407.361,955.191,14357.764,0,0,0,0,0,170:10:00,03:15,00:00,03:25,160:00:00,336:50:00
ingenio melchor ocampo s.a. de c.v.,2012-2013,27,731290.0,693611.631,5727.0,86192.9,0.0,86192.9,0.0,0.0,0,26983.514,0.0,0.0,85.092,96.972,95.207,28.149,12.85,13.874,16.02,13.62,85.02,2.36,51.09,37678.369,4863.341,8862.579,428.573,971.33,15125.824,0,0,0,0,0,178:45:00,03:35,00:00,04:15,160:00:00,346:35:00
ingenio melchor ocampo s.a. de c.v.,2012-2013,28,773550.0,733556.804,6172.0,91300.4,0.0,91300.4,0.0,0.0,0,28557.446,0.0,0.0,85.159,96.983,95.228,28.138,12.85,13.874,16.02,13.62,85.03,2.35,51.09,39993.196,5121.36,9350.523,451.179,1004.558,15927.621,0,0,0,0,0,181:55:00,04:15,00:00,04:15,160:00:00,350:25:00
ingenio melchor ocampo s.a. de c.v.,2012-2013,29,816340.0,774059.841,6660.0,96564.65,0.0,96564.65,0.0,0.0,0,30229.681,0.0,0.0,85.207,97.043,95.259,28.096,12.84,13.899,16.05,13.64,85.02,2.35,51.08,42280.159,5379.433,9871.996,476.974,1055.881,16784.284,0,0,0,0,0,184:35:00,04:15,00:00,04:20,160:00:00,353:10:00
ingenio melchor ocampo s.a. de c.v.,2012-2013,30,859765.0,815079.43,7190.0,101923.7,0.0,101923.7,0.0,0.0,0,31921.984,0.0,0.0,85.253,97.142,95.272,28.034,12.82,13.898,16.04,13.63,84.99,2.34,51.05,44685.57,5650.071,10373.517,502.812,1095.565,17621.965,0,0,0,0,0,185:20:00,04:15,00:00,04:20,160:00:00,353:55:00
ingenio melchor ocampo s.a. de c.v.,2012-2013,31,898440.0,851634.354,7640.0,106509.05,0.0,106509.05,0.0,0.0,0,33310.585,0.0,0.0,85.28,97.097,95.262,28.039,12.81,13.89,16.04,13.63,84.966,2.35,51.08,46805.646,5912.576,10805.749,525.129,1126.262,18369.717,0,0,0,0,0,197:50:00,04:25,00:00,04:55,160:00:00,367:10:00
ingenio melchor ocampo s.a. de c.v.,2012-2013,32,940355.0,891248.044,8115.0,111533.15,0.0,111533.15,0.0,0.0,0,34853.186,0.0,0.0,85.316,97.251,95.258,28.031,12.81,13.895,16.02,13.61,84.95,2.35,51.06,49106.956,6196.124,11259.367,550.65,1180.499,19186.641,0,0,0,0,0,199:20:00,05:30,00:00,04:55,160:00:00,369:45:00
ingenio melchor ocampo s.a. de c.v.,2012-2013,33,981535.0,930166.697,8595.0,116488.85,0.0,116488.85,0.0,0.0,0,36358.503,0.0,0.0,85.343,97.474,95.264,28.004,12.8,13.9,16.0,13.58,84.92,2.35,51.06,51368.303,6461.178,11733.322,579.248,1223.306,19997.054,0,0,0,0,0,202:35:00,05:45,00:00,05:05,160:00:00,373:25:00
ingenio melchor ocampo s.a. de c.v.,2012-2013,34,1018090.0,964737.323,9045.0,120678.7,0.0,120678.7,0.0,0.0,0,37764.871,0.0,0.0,85.326,97.613,95.25,27.984,12.79,13.883,15.96,13.55,84.87,2.36,51.06,53352.677,6713.786,12157.829,602.8,1266.392,20740.806,0,0,0,0,0,215:50:00,05:45,00:00,05:05,164:05:00,390:45:00
ingenio melchor ocampo s.a. de c.v.,2012-2013,35,1058750.0,1003178.148,9520.0,125110.0,0.0,125110.0,0.0,0.0,0,39135.51,0.0,0.0,85.293,97.607,95.23,27.934,12.76,13.854,15.94,13.52,84.81,2.37,51.07,55571.852,6996.006,12631.559,629.876,1313.794,21571.235,0,0,0,0,0,217:45:00,06:25,00:00,05:05,164:05:00,393:20:00
ingenio melchor ocampo s.a. de c.v.,2012-2013,36,1098190.0,1042618.148,9874.644,129431.8,0.0,129431.8,0.0,0.0,0,40618.73,0.0,0.0,0.0,0.0,0.0,0.0,0.0,0.0,0.0,0.0,0.0,0.0,0.0,0.0,0.0,0.0,0.0,0.0,0.0,0,0,0,0,0,00:00,00:00,00:00,00:00,00:00,00:00
ingenio melchor ocampo s.a. de c.v.,2012-2013,37,1110584.83,1052119.093,10115.5,131122.2,0.0,131122.2,0.0,0.0,0,41854.372,118.201296,124.77,85.099,97.635,95.209,27.909,12.73,13.812,15.9,13.47,84.7,2.37,51.11,58465.737,7349.298,13391.741,661.255,1454.757,22857.053,0,0,0,0,0,221:50:00,06:35,00:00,05:05,164:05:00,397:35:00
central motzorongo s.a. de c.v.,2012-2013,8,28200.0,27308.119,471.98,1919.107,0.0,0.0,0.0,1919.107,0,19.351,0.0,0.0,79.4,92.17,94.59,26.18,12.04,12.154,16.08,12.47,77.58,2.51,50.48,891.881,185.393,318.101,63.282,139.231,706.007,3179,3179,0,0,6358,02:51,00:00,00:00,00:00,00:00,02:51
central motzorongo s.a. de c.v.,2012-2013,9,90250.0,87653.399,1505.98,8023.007,0.0,2060.555,0.0,5962.452,0,1766.961,0.0,0.0,80.91,93.81,95.67,25.65,11.99,12.241,16.05,12.49,77.81,2.07,50.22,2596.601,478.439,1020.506,185.688,424.862,2109.495,3179,42889,0,0,46068,15:21,00:03,00:00,00:45,00:00,16:09
central motzorongo s.a. de c.v.,2012-2013,10,148850.0,144422.981,2287.26,14124.132,0.0,8161.68,0.0,5962.452,0,4377.526,0.0,0.0,80.1,93.48,95.78,25.88,12.07,12.393,16.18,12.7,78.47,2.02,50.41,4427.019,777.941,1771.916,311.197,809.772,3670.826,3179,106189,0,0,109368,38:30:00,00:10,00:00,01:14,00:00,39:54:00
central motzorongo s.a. de c.v.,2012-2013,11,217250.0,210671.48,3171.53,20917.744,0.0,14955.292,0.0,5962.452,0,6653.134,0.0,0.0,80.52,92.29,95.78,25.68,12.0,12.354,16.23,12.82,78.99,2.03,50.32,6578.52,1132.839,2505.864,451.272,1138.274,5228.249,3179,106189,0,0,109368,43:07:00,00:16,00:00,01:57,00:00,45:20:00
central motzorongo s.a. de c.v.,2012-2013,12,282700.0,273986.562,4017.56,27786.992,0.0,21824.54,0.0,5962.452,0,8663.891,0.0,0.0,81.28,92.38,95.8,25.77,12.08,12.371,16.16,12.83,79.38,2.02,50.2,8713.438,1467.987,3067.966,595.562,1414.451,6545.966,3179,129352,0,0,132531,47:52:00,00:22,00:00,02:22,00:00,50:36:00
central motzorongo s.a. de c.v.,2012-2013,13,337350.0,326806.54,4589.42,33607.348,0.0,24842.337,0.0,8765.011,0,10599.155,0.0,0.0,81.71,92.13,95.78,25.86,12.13,12.384,16.18,12.87,79.55,2.02,50.17,10543.46,1762.707,3545.215,716.666,1616.311,7640.899,3179,131998,0,0,135177,54:22:00,00:28,00:00,38:57:00,00:00,93:47:00
central motzorongo s.a. de c.v.,2012-2013,14,393850.0,381057.456,5316.49,39808.728,0.0,25458.887,0.0,14349.841,0,12208.087,0.0,0.0,82.19,92.09,95.81,25.88,12.16,12.42,16.21,12.92,79.72,2.01,50.12,12792.544,2052.056,4012.384,836.452,1811.427,8712.319,3179,131998,0,0,135177,55:22:00,00:37,00:00,81:57:00,00:00,137:56:00
central motzorongo s.a. de c.v.,2012-2013,15,469200.0,453580.19,6278.34,47831.246,0.0,27455.301,0.0,20375.945,0,14230.138,0.0,0.0,82.64,92.07,95.81,26.0,12.21,12.469,16.25,12.98,79.84,2.01,50.13,15619.81,2451.6,4654.703,1021.966,2031.042,10159.311,3179,131998,0,0,135177,57:18:00,01:09,00:00,82:23:00,00:00,140:50:00
central motzorongo s.a. de c.v.,2012-2013,16,540000.0,522025.709,7166.32,55652.906,0.0,35276.961,0.0,20375.945,0,16344.989,0.0,0.0,82.84,92.07,95.82,26.1,12.26,12.552,16.31,13.06,80.08,2.01,50.15,17974.291,2833.724,5335.239,1187.84,2277.618,11634.421,3179,131998,0,0,135177,62:48:00,01:15,00:00,83:31:00,00:00,147:34:00
central motzorongo s.a. de c.v.,2012-2013,17,609300.0,589253.397,8037.78,63436.457,0.0,43060.512,0.0,20375.945,0,18162.904,0.0,0.0,83.08,92.42,95.85,26.18,12.3,12.657,16.34,13.13,80.36,2.01,50.13,20046.603,3198.984,5898.615,1348.615,2606.315,13052.529,3179,134893,0,0,138072,74:04:00,01:23,00:00,83:51:00,00:00,159:18:00
central motzorongo s.a. de c.v.,2012-2013,18,680450.0,658149.396,8926.87,71664.066,0.0,51288.121,0.0,20375.945,0,20230.079,0.0,0.0,83.18,92.74,95.88,26.27,12.34,12.771,16.38,13.2,80.62,2.0,50.14,22300.604,3583.221,6562.701,1511.712,2960.399,14618.033,3179,134893,0,0,138072,78:01:00,01:31,00:00,87:38:00,00:00,167:10:00
central motzorongo s.a. de c.v.,2012-2013,19,750250.0,725945.698,9814.28,79635.35,0.0,57155.706,0.0,22479.644,0,22132.726,0.0,0.0,83.29,92.77,95.88,26.36,12.39,12.847,16.45,13.28,80.74,2.01,50.12,24304.302,3967.639,7094.695,1685.84,3358.791,16106.965,3179,134893,0,0,138072,86:33:00,02:00,00:00,88:26:00,00:00,176:59:00
central motzorongo s.a. de c.v.,2012-2013,20,814250.0,788009.055,10621.99,87182.168,0.0,60323.801,0.0,26858.367,0,24222.269,0.0,0.0,83.26,92.74,95.88,26.44,12.43,12.939,16.53,13.38,80.94,2.02,50.12,26240.945,4345.45,7776.468,1857.354,3657.371,17636.643,3179,134893,0,0,138072,109:07:00,02:39,00:00,89:53:00,00:00,201:39:00
central motzorongo s.a. de c.v.,2012-2013,21,883700.0,855315.936,11502.91,94807.232,0.0,67948.865,0.0,26858.367,0,26332.024,0.0,0.0,83.17,92.44,95.86,26.49,12.45,12.999,16.63,13.48,81.05,2.03,50.13,28384.064,4753.295,8508.766,2049.625,4027.983,19339.669,3179,140684,0,0,143863,123:04:00,03:09,00:00,91:54:00,00:00,218:07:00
central motzorongo s.a. de c.v.,2012-2013,22,946550.0,915921.973,12299.5,102122.74,0.0,72032.945,0.0,30089.795,0,28258.375,0.0,0.0,83.15,92.34,95.84,26.59,12.49,13.062,16.69,13.56,81.22,2.04,50.14,30628.027,5139.31,9127.051,2224.182,4346.9,20837.443,3179,140684,0,0,143863,145:24:00,03:24,00:00,96:21:00,03:46,248:55:00
central motzorongo s.a. de c.v.,2012-2013,23,1018450.0,985590.499,13212.91,110888.576,0.0,73647.58,0.0,37240.996,0,30451.533,0.0,0.0,83.18,92.1,95.83,26.68,12.54,13.136,16.79,13.67,81.38,2.06,50.13,32859.501,5585.601,9815.281,2410.349,4692.134,22503.365,3179,143580,0,0,146759,155:10:00,03:27,00:00,96:47:00,03:46,259:10:00
central motzorongo s.a. de c.v.,2012-2013,24,1086300.0,1051037.776,14076.11,118955.208,0.0,79271.236,0.0,39683.972,0,32714.87,0.0,0.0,83.21,91.89,95.8,26.8,12.6,13.195,16.87,13.76,81.54,2.07,50.12,35262.224,6015.264,10480.948,2594.796,4971.616,24062.624,3179,146475,0,0,149654,166:07:00,03:27,00:00,101:39:00,03:46,274:59:00
central motzorongo s.a. de c.v.,2012-2013,25,1150800.0,1113474.759,14901.66,126448.323,0.0,86764.351,0.0,39683.972,0,34956.809,0.0,0.0,83.19,91.74,95.78,26.91,12.65,13.237,16.93,13.82,81.65,2.08,50.11,37325.241,6432.018,11169.988,2767.097,5239.454,25608.557,3179,146475,0,0,149654,184:30:00,05:31,00:00,102:36:00,03:46,296:23:00
central motzorongo s.a. de c.v.,2012-2013,26,1195450.0,1156026.581,15471.33,131944.339,0.0,91828.287,0.0,40116.052,0,36387.717,0.0,0.0,83.21,91.54,95.75,26.98,12.69,13.243,16.96,13.85,81.68,2.09,50.1,39423.419,6725.898,11499.121,2914.966,5441.73,26581.715,3179,146475,0,0,149654,193:08:00,05:46,00:00,137:57:00,25:29:00,362:20:00
central motzorongo s.a. de c.v.,2012-2013,27,1263000.0,1220698.323,16339.72,139294.308,0.0,96426.12,0.0,42868.188,0,38434.132,0.0,0.0,83.23,91.26,95.69,27.14,12.74,13.256,17.0,13.9,81.74,2.11,50.14,42301.677,7213.018,12139.096,3093.327,5634.419,28079.86,3179,149370,0,0,152549,201:57:00,06:38,00:00,145:02:00,25:29:00,379:06:00
central motzorongo s.a. de c.v.,2012-2013,28,1333800.0,1289252.702,17246.49,147571.413,0.0,104703.225,0.0,42868.188,0,40675.642,0.0,0.0,83.34,90.98,95.64,27.29,12.82,13.277,17.06,13.96,81.81,2.12,50.11,44547.298,7721.78,12774.749,3314.304,5693.099,29503.932,3179,155160,0,0,158339,208:46:00,07:52,00:00,145:51:00,25:29:00,387:58:00
central motzorongo s.a. de c.v.,2012-2013,29,1396950.0,1350081.118,18072.11,154885.976,0.0,112017.788,0.0,42868.188,0,42800.039,0.0,0.0,83.38,90.81,95.59,27.43,12.89,13.298,17.1,14.0,81.86,2.14,50.09,46868.882,8195.305,13323.299,3473.215,5880.569,30872.388,3179,207277,0,0,210456,225:47:00,08:08,00:00,148:04:00,25:29:00,407:28:00
central motzorongo s.a. de c.v.,2012-2013,30,1464500.0,1415349.821,18881.67,162637.985,0.0,119769.797,0.0,42868.188,0,45353.645,0.0,0.0,83.38,90.76,95.55,27.54,12.95,13.337,17.14,14.04,81.92,2.16,50.05,49150.179,8689.724,14082.727,3639.737,6049.648,32461.836,3179,224649,0,0,227828,234:16:00,08:30,00:00,149:14:00,25:29:00,417:29:00
central motzorongo s.a. de c.v.,2012-2013,31,1524800.0,1472984.793,19676.28,169875.005,0.0,123766.04,0.0,46108.965,0,47697.764,0.0,0.0,83.3,90.64,95.5,27.65,13.0,13.369,17.19,14.09,81.97,2.17,50.04,51815.207,9166.506,14674.069,3831.944,6380.028,34052.547,3179,224649,0,0,227828,255:37:00,08:56,00:00,150:43:00,27:03:00,442:19:00
central motzorongo s.a. de c.v.,2012-2013,32,1593450.0,1538284.444,20583.99,178090.126,0.0,131981.161,0.0,46108.965,0,50535.851,0.0,0.0,83.31,90.6,95.47,27.76,13.05,13.405,17.23,14.13,82.01,2.19,50.01,55165.556,9683.799,15438.769,4043.521,6483.638,35649.727,3179,230440,0,0,233619,263:48:00,09:39,00:00,152:03:00,27:03:00,452:33:00
central motzorongo s.a. de c.v.,2012-2013,33,1647450.0,1591264.94,21310.36,184497.863,0.0,138388.898,0.0,46108.965,0,52964.259,0.0,0.0,83.19,90.48,95.42,27.89,13.1,13.439,17.27,14.17,82.04,2.21,50.05,56185.06,10145.16,16056.421,4239.093,6775.355,37216.029,3179,230440,0,0,233619,273:41:00,10:06,00:00,161:31:00,27:03:00,472:21:00
central motzorongo s.a. de c.v.,2012-2013,34,1696740.0,1640554.94,21974.27,190718.113,0.0,144609.148,0.0,46108.965,0,54906.897,0.0,0.0,83.25,90.39,95.37,28.01,13.15,13.467,17.32,14.21,82.05,2.23,50.07,56185.06,10578.623,16515.982,4380.847,6800.4,38275.852,3179,236231,0,0,239410,282:37:00,10:09,00:00,170:53:00,39:33:00,503:12:00
central motzorongo s.a. de c.v.,2012-2013,35,1722240.0,1666054.94,22318.36,193087.183,0.0,146722.548,0.0,46364.635,0,56370.897,0.0,0.0,83.08,90.31,95.35,28.06,13.17,13.458,17.32,14.21,82.03,2.23,50.07,56185.06,10778.997,17096.022,4464.318,6883.931,39223.268,3179,242022,0,0,245201,288:59:00,10:18,00:00,174:59:00,127:40:00,601:56:00
central motzorongo s.a. de c.v.,2012-2013,36,1725222.46,1669037.4,22380.06,193773.273,0.0,146722.548,0.0,47050.725,0,57138.586,112.893182,116.694,83.027,90.29,95.35,28.06,13.17,13.455,17.32,14.21,82.02,2.23,50.07,56185.06,10801.426,17233.84,4473.367,6890.828,39399.461,3179,245781,21263,0,270223,292:56:00,10:18,00:00,191:57:00,153:13:00,648:24:00
ingenio la margarita s.a. de c.v.,2012-2013,7,47971.26,47576.901,692.23,4299.35,0.0,4299.35,0.0,0.0,0,925.451,0.0,0.0,83.956,95.495,95.005,27.831,12.69,13.25,15.84,13.18,83.21,2.38,50.95,464.359,317.394,516.826,80.521,104.735,1019.476,0,657049,0,0,657049,35:05:00,00:00,00:00,00:15,00:00,35:20:00
ingenio la margarita s.a. de c.v.,2012-2013,8,88102.26,86874.732,1226.38,8670.75,0.0,8670.75,0.0,0.0,0,2251.391,0.0,0.0,83.788,94.399,94.893,28.853,13.15,13.19,15.94,13.25,83.18,2.33,51.06,1227.268,593.296,945.816,159.385,184.773,1883.27,0,757572,0,0,757572,43:05:00,00:00,00:00,01:10,02:20,46:35:00
ingenio la margarita s.a. de c.v.,2012-2013,9,121437.77,119525.012,1676.99,12218.45,0.0,12218.45,0.0,0.0,0,3338.724,0.0,0.0,83.561,94.0,94.848,29.238,13.35,13.19,15.99,13.31,83.22,2.32,51.03,1912.988,825.099,1323.087,219.326,265.36,2632.872,0,925116,0,0,925116,82:00:00,00:00,00:00,01:10,02:20,85:30:00
ingenio la margarita s.a. de c.v.,2012-2013,10,163948.77,161176.865,2243.94,17144.75,0.0,17144.75,0.0,0.0,0,4915.11,0.0,0.0,83.341,93.703,94.852,29.501,13.48,13.3,16.16,13.46,83.32,2.32,51.0,2772.135,1122.392,1842.046,287.413,380.405,3632.256,0,940699,0,0,940699,87:10:00,00:20,00:00,01:20,02:20,91:10:00
ingenio la margarita s.a. de c.v.,2012-2013,11,206652.77,202843.676,2808.06,22058.25,0.0,22058.25,0.0,0.0,0,6542.577,0.0,0.0,83.282,93.593,94.86,29.739,13.61,13.37,16.25,13.55,83.4,2.31,50.96,3809.094,1420.442,2358.009,352.874,488.253,4619.578,0,954331,0,0,954331,95:25:00,00:25,00:00,01:30,02:20,99:40:00
ingenio la margarita s.a. de c.v.,2012-2013,12,244562.77,239962.415,3304.91,26576.25,0.0,26576.25,0.0,0.0,0,7905.538,0.0,0.0,83.328,93.849,94.889,29.706,13.62,13.44,16.29,13.59,83.4,2.31,50.88,4600.355,1679.663,2787.397,415.465,596.002,5478.527,0,1011225,0,0,1011225,118:20:00,02:30,00:00,02:10,02:20,125:20:00
ingenio la margarita s.a. de c.v.,2012-2013,13,288320.77,282837.626,3888.03,31891.85,0.0,31891.85,0.0,0.0,0,9317.638,0.0,0.0,83.487,93.943,94.916,29.719,13.64,13.51,16.36,13.65,83.42,2.31,50.82,5483.144,1979.984,3271.435,483.678,695.821,6430.918,0,1016288,0,0,1016288,123:20:00,02:30,00:00,02:10,02:20,130:20:00
ingenio la margarita s.a. de c.v.,2012-2013,14,324912.77,318735.037,4350.65,36333.35,0.0,36333.35,0.0,0.0,0,10477.421,0.0,0.0,83.595,93.91,94.897,29.797,13.69,13.57,16.43,13.71,83.44,2.32,50.78,6177.733,2249.593,3659.922,549.052,772.532,7231.099,0,1024858,0,0,1024858,128:32:00,27:55:00,00:00,02:40,02:20,161:27:00
ingenio la margarita s.a. de c.v.,2012-2013,15,366316.77,359315.664,4905.22,41356.7,0.0,41356.7,0.0,0.0,0,11688.948,0.0,0.0,83.807,93.886,94.89,29.795,13.69,13.62,16.49,13.76,83.45,2.34,50.75,7001.106,2549.13,4060.288,610.995,857.541,8077.954,0,1033040,0,0,1033040,142:40:00,28:15:00,00:00,03:00,02:20,176:15:00
ingenio la margarita s.a. de c.v.,2012-2013,16,409248.77,401345.472,5455.42,46639.4,0.0,46639.4,0.0,0.0,0,13093.27,0.0,0.0,83.956,93.958,94.85,29.787,13.682,13.695,16.56,13.82,83.47,2.37,50.73,7903.298,2886.335,4474.229,682.545,949.41,8992.519,0,1035766,0,0,1035766,148:57:00,28:55:00,00:00,03:40,02:20,183:52:00
ingenio la margarita s.a. de c.v.,2012-2013,17,446473.77,437906.893,5932.55,51232.9,0.0,51232.9,0.0,0.0,0,14463.13,0.0,0.0,83.981,94.002,94.864,29.826,13.705,13.764,16.64,13.89,83.484,2.37,50.71,8566.877,3155.926,4929.572,736.177,1022.191,9843.866,0,1050182,0,0,1050182,179:59:00,29:06:00,00:00,03:57,02:20,215:22:00
ingenio la margarita s.a. de c.v.,2012-2013,18,489222.77,479857.483,6480.4,56635.35,0.0,56635.35,0.0,0.0,0,16015.939,0.0,0.0,84.128,94.024,94.872,29.836,13.711,13.837,16.72,13.96,83.492,2.38,50.7,9365.287,3471.225,5364.832,799.984,1108.921,10744.962,0,1052520,0,0,1052520,191:22:00,29:01:00,00:00,04:29,02:20,227:17:00
ingenio la margarita s.a. de c.v.,2012-2013,19,527576.77,517475.334,7028.32,61507.5,0.0,61507.5,0.0,0.0,0,17489.884,0.0,0.0,84.246,94.166,94.888,29.851,13.721,13.895,16.77,14.0,83.489,2.38,50.69,10101.436,3747.513,5756.987,859.12,1185.68,11549.3,0,1054468,0,0,1054468,208:60,29:06:00,00:00,05:19,11:05,254:30:00
ingenio la margarita s.a. de c.v.,2012-2013,20,570584.77,559745.216,7633.03,67000.85,0.0,67000.85,0.0,0.0,0,19042.818,0.0,0.0,84.333,94.333,94.903,29.842,13.715,14.003,16.86,14.09,83.532,2.39,50.68,10839.554,4072.698,6243.019,934.048,1268.152,12517.917,0,1057195,0,0,1057195,219:28:00,29:01:00,00:00,06:21,11:50,265:60
ingenio la margarita s.a. de c.v.,2012-2013,21,609173.77,597676.326,8113.03,71764.4,0.0,71764.4,0.0,0.0,0,20442.415,0.0,0.0,84.325,94.419,94.886,29.886,13.73,14.067,16.92,14.14,83.545,2.41,50.67,11497.444,4382.625,6693.449,1012.53,1344.064,13432.668,0,1081740,0,0,1081740,242:33:00,29:32:00,00:00,07:29,15:05,294:39:00
ingenio la margarita s.a. de c.v.,2012-2013,22,652969.77,640669.238,8754.31,77376.2,0.0,77376.2,0.0,0.0,0,22050.384,0.0,0.0,84.34,94.573,94.898,29.879,13.726,14.149,16.986,14.197,83.583,2.416,50.67,12300.532,4713.182,7217.253,1093.902,1443.349,14467.686,0,1087974,0,0,1087974,252:40:00,29:32:00,00:00,07:49,15:05,305:06:00
ingenio la margarita s.a. de c.v.,2012-2013,23,693025.77,679962.381,9293.09,82508.25,0.0,82508.25,0.0,0.0,0,23536.61,0.0,0.0,84.347,94.678,94.91,29.883,13.728,14.218,17.05,14.253,83.596,2.422,50.66,13063.389,5015.646,7700.452,1171.388,1536.371,15423.857,0,1091090,0,0,1091090,269:46:00,29:37:00,00:00,12:28,15:05,326:56:00
ingenio la margarita s.a. de c.v.,2012-2013,24,728452.77,714686.051,9810.35,87089.45,0.0,87089.45,0.0,0.0,0,24856.558,0.0,0.0,84.339,94.799,94.921,29.857,13.715,14.27,17.092,14.289,83.598,2.427,50.66,13766.719,5279.355,8140.142,1240.628,1619.428,16279.553,0,1103169,0,0,1103169,285:29:00,30:24:00,00:00,12:38,36:10:00,364:41:00
ingenio la margarita s.a. de c.v.,2012-2013,25,768218.77,753647.145,10372.16,92148.45,0.0,92148.45,0.0,0.0,0,26525.706,0.0,0.0,84.305,94.896,94.922,29.889,13.728,14.325,17.142,14.328,83.589,2.434,50.66,14571.625,5587.684,8648.723,1319.739,1715.303,17271.449,0,1113300,0,0,1113300,304:37:00,30:24:00,00:00,12:58,36:10:00,384:09:00
ingenio la margarita s.a. de c.v.,2012-2013,26,801939.77,786738.189,10848.18,96340.75,0.0,96340.75,0.0,0.0,0,27864.411,0.0,0.0,84.252,94.912,94.909,29.944,13.752,14.352,17.175,14.351,83.558,2.44,50.65,15201.581,5860.009,9057.044,1397.99,1810.263,18125.306,0,1161607,0,0,1161607,312:18:00,30:24:00,00:00,13:23,69:45:00,425:50:00
ingenio la margarita s.a. de c.v.,2012-2013,27,843751.77,827743.484,11453.01,101565.3,0.0,101565.3,0.0,0.0,0,29494.527,0.0,0.0,84.195,94.964,94.904,29.98,13.769,14.386,17.215,14.377,83.512,2.445,50.65,16008.286,6185.337,9580.071,1494.069,1925.092,19184.569,0,1161607,0,0,1161607,323:59:00,30:34:00,00:00,13:23,69:45:00,437:41:00
ingenio la margarita s.a. de c.v.,2012-2013,28,884970.77,868103.85,12023.19,106744.95,0.0,106744.95,0.0,0.0,0,31094.161,0.0,0.0,84.112,94.977,94.889,30.047,13.799,14.398,17.241,14.385,83.434,2.449,50.64,16866.92,6512.577,10104.929,1594.831,2031.956,20244.293,0,1169010,0,0,1169010,338:56:00,30:34:00,00:00,13:23,69:45:00,452:38:00
ingenio la margarita s.a. de c.v.,2012-2013,29,919803.77,902224.928,12564.41,111104.65,0.0,111104.65,0.0,0.0,0,32548.579,0.0,0.0,84.04,94.995,94.874,30.107,13.827,14.413,17.27,14.394,83.349,2.454,50.64,17578.842,6794.777,10563.703,1673.138,2125.805,21157.423,0,1169010,0,0,1169010,368:54:00,30:34:00,00:00,17:38,69:45:00,486:51:00
ingenio la margarita s.a. de c.v.,2012-2013,30,959706.77,941405.028,13173.15,115939.2,0.0,115939.2,0.0,0.0,0,34111.093,0.0,0.0,83.98,95.038,94.858,30.17,13.855,14.417,17.284,14.389,83.253,2.457,50.63,18301.742,7114.063,11054.186,1773.77,2223.58,22165.599,0,1169788,0,0,1169788,381:55:00,30:34:00,00:00,20:18,69:45:00,502:32:00
ingenio la margarita s.a. de c.v.,2012-2013,31,998639.77,979497.357,13781.47,120772.9,0.0,120772.9,0.0,0.0,0,35617.374,0.0,0.0,83.934,95.088,94.844,30.26,13.897,14.436,17.318,14.399,83.143,2.46,50.63,19142.413,7432.983,11541.862,1873.357,2313.471,23161.673,0,1169788,0,0,1169788,396:30:00,32:25:00,00:00,22:56,69:45:00,521:36:00
ingenio la margarita s.a. de c.v.,2012-2013,32,1029579.33,1009793.696,14278.95,124530.3,0.0,124530.3,0.0,0.0,0,37064.849,0.0,0.0,83.845,95.096,94.829,30.348,13.937,14.45,17.349,14.41,83.06,2.462,50.63,19785.634,7693.038,11989.361,1959.616,2393.503,24035.518,0,1175243,0,0,1175243,439:19:00,32:25:00,00:00,25:55:00,69:45:00,567:24:00
ingenio la margarita s.a. de c.v.,2012-2013,33,1066032.88,1045516.922,14867.28,128850.7,0.0,128850.7,0.0,0.0,0,38761.347,0.0,0.0,83.743,95.13,94.82,30.405,13.964,14.466,17.379,14.419,82.967,2.465,50.62,20515.958,7988.111,12558.545,2041.94,2481.689,25070.285,0,1175243,0,0,1175243,446:46:00,32:53:00,00:00,43:18:00,69:45:00,592:42:00
ingenio la margarita s.a. de c.v.,2012-2013,34,1102205.88,1080998.418,15485.43,133084.8,0.0,133084.8,0.0,0.0,0,40403.183,0.0,0.0,83.653,95.139,94.802,30.498,14.007,14.475,17.406,14.424,82.867,2.467,50.62,21207.462,8292.799,13080.311,2137.115,2571.603,26081.828,0,1177190,0,0,1177190,464:52:00,32:53:00,00:00,50:11:00,70:23:00,618:19:00
ingenio la margarita s.a. de c.v.,2012-2013,35,1128337.88,1107119.268,15915.0,135687.3,0.0,135687.3,0.0,0.0,0,41739.63,0.0,0.0,0.0,0.0,0.0,0.0,14.07,14.437,0.0,0.0,82.659,0.0,0.0,0.0,0.0,0.0,0.0,0.0,0.0,0,1209528,0,0,1209528,487:00:00,32:53:00,00:00,05:27,110:48:00,681:08:00
ingenio la margarita s.a. de c.v.,2012-2013,36,1145157.82,1123071.731,16468.11,137420.85,0.0,137420.85,0.0,0.0,0,43361.352,120.407383,122.775,83.116,94.981,94.73,30.715,14.104,14.4,17.411,14.362,82.489,2.471,50.62,22086.089,8691.078,14106.575,2292.078,2751.991,27841.722,400675,829889,17142,0,1247706,493:52:00,32:53:00,00:00,50:58:00,133:38:00,711:21:00
ingenio pedernales s.a. de c.v.,2012-2013,10,21940.255,21701.696,167.0,1554.75,0.0,0.0,1554.75,0.0,0,596.554,0.0,0.0,80.518,94.974,94.553,27.399,12.62,12.03,15.21,11.97,78.7,2.39,50.786,238.559,143.726,255.383,34.169,80.74,514.018,0,0,0,0,0,21:50,06:30,00:00,00:05,00:00,28:25:00
ingenio pedernales s.a. de c.v.,2012-2013,11,39215.255,38796.63,334.0,3389.0,0.0,0.0,3389.0,0.0,0,1387.492,0.0,0.0,80.559,93.837,94.385,27.831,12.83,12.23,15.55,12.3,79.11,2.47,50.549,418.625,269.254,453.521,59.684,149.802,932.261,0,0,0,0,0,43:50:00,07:40,00:00,00:10,00:00,51:40:00
ingenio pedernales s.a. de c.v.,2012-2013,12,55418.48,54835.556,488.0,5104.55,0.0,0.0,5104.55,0.0,0,2113.227,0.0,0.0,80.434,93.554,94.258,27.928,12.87,12.41,15.73,12.5,79.47,2.55,50.393,582.924,394.829,646.757,86.087,217.795,1345.468,0,0,0,0,0,66:50:00,11:25,00:00,03:40,00:00,81:55:00
ingenio pedernales s.a. de c.v.,2012-2013,13,73423.265,72657.728,662.0,6967.0,0.0,0.0,6967.0,0.0,0,2862.93,0.0,0.0,80.505,94.251,94.187,28.358,13.07,12.56,15.74,12.55,79.71,2.57,50.323,765.537,536.037,857.458,110.445,293.693,1797.633,0,0,0,0,0,73:45:00,13:20,00:00,11:10,00:00,98:15:00
ingenio pedernales s.a. de c.v.,2012-2013,14,90583.265,89648.514,839.0,8828.0,0.0,0.0,8828.0,0.0,0,3605.463,0.0,0.0,80.596,94.353,94.148,28.706,13.29,12.69,15.85,12.67,79.94,2.59,50.062,934.751,672.883,1056.612,133.858,367.768,2231.121,0,0,0,0,0,93:05:00,16:20,00:00,11:35,00:00,121:00:00
ingenio pedernales s.a. de c.v.,2012-2013,15,108568.265,107453.084,1054.0,10800.5,0.0,0.0,10800.5,0.0,0,4366.685,0.0,0.0,80.651,94.569,94.107,28.984,13.45,12.81,15.9,12.75,80.17,2.6,49.939,1115.181,819.626,1268.53,155.238,447.736,2691.13,0,0,0,0,0,103:20:00,18:55,00:00,12:05,00:00,134:20:00
ingenio pedernales s.a. de c.v.,2012-2013,16,126648.265,125350.981,1229.0,12804.65,0.0,0.0,12804.65,0.0,0,5105.75,0.0,0.0,80.739,94.768,94.072,29.322,13.6,12.96,16.0,12.87,80.46,2.62,49.94,1297.284,973.354,1482.964,178.321,528.123,3162.762,0,0,0,0,0,114:15:00,21:30,00:00,12:30,00:00,148:15:00
ingenio pedernales s.a. de c.v.,2012-2013,17,145803.265,144311.069,1417.0,15082.1,0.0,0.0,15082.1,0.0,0,5888.269,0.0,0.0,80.94,94.995,94.025,29.715,13.78,13.1,16.07,12.97,80.73,2.64,49.96,1492.196,1141.705,1696.04,200.426,603.626,3641.797,0,0,0,0,0,115:20:00,23:15,00:00,17:15,00:00,155:50:00
ingenio pedernales s.a. de c.v.,2012-2013,18,163623.265,161943.341,1590.0,17156.35,0.0,0.0,17156.35,0.0,0,6648.939,0.0,0.0,81.04,95.115,93.946,30.176,13.98,13.23,16.15,13.07,80.95,2.65,49.982,1679.924,1310.903,1909.301,224.916,660.22,4105.34,0,0,0,0,0,128:35:00,27:05:00,00:00,17:15,00:00,172:55:00
ingenio pedernales s.a. de c.v.,2012-2013,19,182428.265,180500.134,1773.0,19402.75,0.0,0.0,19402.75,0.0,0,7437.487,0.0,0.0,81.162,95.243,93.846,30.611,14.181,13.352,16.21,13.16,81.158,2.68,49.982,1928.131,1498.903,2122.022,245.29,722.416,4588.631,0,0,0,0,0,135:20:00,29:35:00,00:00,17:55,00:00,182:50:00
ingenio pedernales s.a. de c.v.,2012-2013,20,200388.265,198243.981,1945.0,21559.8,0.0,0.0,21559.8,0.0,0,8202.352,0.0,0.0,81.296,95.659,93.799,30.925,14.333,13.473,16.24,13.21,81.33,2.7,49.953,2144.284,1674.225,2327.561,268.598,779.51,5049.894,0,0,0,0,0,144:30:00,31:30:00,00:00,18:40,00:00,194:40:00
ingenio pedernales s.a. de c.v.,2012-2013,21,219183.265,216822.56,2127.0,23880.3,0.0,0.0,23880.3,0.0,0,8968.588,0.0,0.0,81.433,96.046,93.765,31.214,14.46,13.588,16.27,13.27,81.531,2.71,49.97,2360.705,1856.8,2540.707,291.791,840.349,5529.647,0,0,0,0,0,148:55:00,33:05:00,00:00,19:40,00:00,201:40:00
ingenio pedernales s.a. de c.v.,2012-2013,22,236896.115,234347.25,2299.0,26101.2,0.0,0.0,26101.2,0.0,0,9689.62,0.0,0.0,81.535,96.357,93.725,31.394,14.541,13.67,16.28,13.3,81.685,2.73,49.956,2548.865,2031.915,2736.699,314.183,896.889,5979.686,0,0,0,0,0,159:35:00,35:40:00,00:00,22:00,00:00,217:15:00
ingenio pedernales s.a. de c.v.,2012-2013,23,252041.115,249325.08,2447.0,27971.7,0.0,0.0,27971.7,0.0,0,10304.329,0.0,0.0,81.615,96.524,93.684,31.621,14.65,13.742,16.31,13.34,81.797,2.74,49.931,2716.035,2187.471,2904.799,331.78,943.642,6367.692,0,0,0,0,0,188:25:00,38:15:00,00:00,26:35:00,00:00,253:15:00
ingenio pedernales s.a. de c.v.,2012-2013,24,268910.32,265999.965,2614.0,30022.25,0.0,0.0,30022.25,0.0,0,10911.764,0.0,0.0,81.714,96.693,93.67,31.774,14.718,13.806,16.33,13.37,81.879,2.75,49.927,2910.355,2349.942,3092.731,349.01,997.388,6789.071,0,0,0,0,0,196:10:00,40:15:00,00:00,26:45:00,14:30,277:40:00
ingenio pedernales s.a. de c.v.,2012-2013,25,286495.32,283398.0,2783.0,32225.3,0.0,0.0,32225.3,0.0,0,11668.201,0.0,0.0,81.781,96.893,93.632,32.007,14.82,13.871,16.36,13.4,81.952,2.76,49.929,3097.32,2530.879,3289.791,369.287,1050.292,7240.249,0,0,0,0,0,199:40:00,45:05:00,00:00,26:55:00,22:30,294:10:00
ingenio pedernales s.a. de c.v.,2012-2013,26,304815.32,301532.2,2963.0,34426.5,0.0,0.0,34426.5,0.0,0,12388.044,0.0,0.0,81.842,97.065,93.597,32.184,14.907,13.921,16.37,13.42,81.987,2.77,49.903,3283.12,2716.75,3496.031,388.535,1103.431,7704.747,0,0,0,0,0,204:10:00,47:00:00,00:00,29:10:00,22:30,302:50:00
ingenio pedernales s.a. de c.v.,2012-2013,27,319305.32,315875.174,3103.0,36234.45,0.0,0.0,36234.45,0.0,0,12945.654,0.0,0.0,81.916,97.152,93.595,32.273,14.952,13.963,16.4,13.45,82.017,2.77,49.882,3430.146,2855.684,3653.056,406.756,1147.264,8062.76,0,0,0,0,0,230:10:00,50:05:00,00:00,40:55:00,22:30,343:40:00
ingenio pedernales s.a. de c.v.,2012-2013,28,336775.32,333170.181,3271.0,38357.5,0.0,0.0,38357.5,0.0,0,13610.519,0.0,0.0,81.988,97.183,93.595,32.385,15.013,14.006,16.44,13.49,82.053,2.77,49.854,3605.139,3021.335,3845.709,430.18,1198.92,8496.144,0,0,0,0,0,247:50:00,53:40:00,00:00,41:05:00,22:30,365:05:00
ingenio pedernales s.a. de c.v.,2012-2013,29,355625.32,351831.754,3453.0,40762.85,0.0,0.0,40762.85,0.0,0,14370.879,0.0,0.0,82.082,97.238,93.607,32.445,15.053,14.066,16.49,13.54,82.105,2.77,49.811,3793.566,3197.75,4059.822,451.42,1253.935,8962.927,0,0,0,0,0,252:40:00,57:30:00,00:00,42:20:00,22:30,375:00:00
ingenio pedernales s.a. de c.v.,2012-2013,30,374195.32,370215.548,3636.0,43122.9,0.0,0.0,43122.9,0.0,0,15157.64,0.0,0.0,82.159,97.322,93.614,32.504,15.085,14.104,16.52,13.57,82.12,2.77,49.791,3979.772,3370.56,4267.493,471.631,1305.942,9415.626,0,0,0,0,0,256:35:00,59:15:00,00:00,48:25:00,22:30,386:45:00
ingenio pedernales s.a. de c.v.,2012-2013,31,386525.32,382317.9,3756.0,44581.25,0.0,0.0,44581.25,0.0,0,15685.418,0.0,0.0,82.142,97.317,93.597,32.608,15.129,14.124,16.54,13.58,82.109,2.77,49.796,4207.42,3495.912,4413.788,483.265,1356.704,9749.669,0,0,0,0,0,317:45:00,60:15:00,00:00,50:35:00,22:30,451:05:00
ingenio pedernales s.a. de c.v.,2012-2013,32,404417.625,399852.835,3933.0,46837.0,0.0,0.0,46837.0,0.0,0,16454.154,0.0,0.0,82.175,97.33,93.587,32.697,15.171,14.153,16.57,13.61,82.138,2.78,49.789,4564.79,3670.467,4626.119,503.092,1402.925,10202.603,0,0,0,0,0,330:10:00,61:40:00,00:00,53:40:00,22:30,468:00:00
ingenio pedernales s.a. de c.v.,2012-2013,33,421079.13,416177.507,4098.0,48921.95,0.0,0.0,48921.95,0.0,0,17164.816,0.0,0.0,82.207,97.372,93.574,32.805,15.219,14.171,16.58,13.62,82.139,2.78,49.792,4901.623,3834.537,4816.493,518.963,1447.249,10617.242,0,0,0,0,0,333:45:00,63:15:00,00:00,70:20:00,26:40:00,494:00:00
ingenio pedernales s.a. de c.v.,2012-2013,34,434519.59,429343.291,4232.0,50782.9,0.0,0.0,50782.9,0.0,0,17976.383,117.309378,118.724,82.191,97.414,93.557,32.91,15.266,14.178,16.575,13.616,82.146,2.776,49.796,5176.299,3969.424,4965.332,533.886,1502.66,10971.302,0,0,0,0,0,339:05:00,64:15:00,00:00,79:40:00,26:40:00,509:40:00
ingenio plan de ayala s.a. de c.v.,2012-2013,4,37750.0,36029.734,346.3,2845.8,2845.8,0.0,0.0,0.0,0,1200.193,0.0,0.0,79.362,102.008,97.008,22.92,11.11,11.67,13.97,11.1,79.42,1.52,49.12,1720.266,131.787,467.491,78.628,231.217,909.123,0,0,0,0,0,05:25,00:00,00:00,00:00,00:00,05:25
ingenio plan de ayala s.a. de c.v.,2012-2013,5,81135.0,77332.9,855.64,6482.85,6482.85,0.0,0.0,0.0,0,2728.727,0.0,0.0,79.729,102.402,96.92,22.794,10.94,11.82,14.09,11.19,79.43,1.6,49.48,3802.405,295.395,1022.332,130.314,496.36,1944.401,0,0,0,0,0,07:25,03:15,00:00,05:25,0.083333333,18:05
ingenio plan de ayala s.a. de c.v.,2012-2013,6,115650.0,110507.711,1216.08,10015.6,10015.6,0.0,0.0,0.0,0,4049.516,0.0,0.0,79.94,102.306,96.832,23.042,11.04,12.03,14.29,11.38,79.65,1.65,49.53,5142.289,440.776,1508.944,152.391,688.55,2790.661,0,0,0,0,0,14:45,03:15,00:00,40:50:00,0.083333333,60:50:00
ingenio plan de ayala s.a. de c.v.,2012-2013,7,143347.0,137273.381,1616.49,12845.15,12845.15,0.0,0.0,0.0,0,5000.977,0.0,0.0,80.323,101.778,96.71,23.524,11.2,12.23,14.53,11.62,79.94,1.71,49.72,6073.619,576.678,1850.026,181.306,840.611,3448.621,0,0,0,0,0,20:05,03:15,00:00,40:50:00,59:20:00,123:30:00
ingenio plan de ayala s.a. de c.v.,2012-2013,8,176855.0,169304.22,2082.1,16263.45,16263.45,0.0,0.0,0.0,0,6360.574,0.0,0.0,80.628,101.845,96.731,23.228,11.04,12.33,14.63,11.71,80.06,1.74,49.77,7550.78,712.984,2293.45,209.684,1009.01,4225.128,0,0,0,0,0,0.958333333,03:15,00:00,40:50:00,101:55:00,169:00:00
ingenio plan de ayala s.a. de c.v.,2012-2013,9,219900.0,210500.454,2582.95,20450.45,20450.45,0.0,0.0,0.0,0,7699.961,0.0,0.0,80.776,101.771,96.748,23.162,10.97,12.45,14.74,11.84,80.26,1.75,49.89,9399.546,890.328,2884.702,274.098,1213.909,5263.037,0,0,0,0,0,27:20:00,03:15,00:00,40:55:00,111:55:00,183:25:00
ingenio plan de ayala s.a. de c.v.,2012-2013,10,263510.0,252410.43,3103.68,25395.0,25395.0,0.0,0.0,0.0,0,9264.452,0.0,0.0,81.258,102.037,96.807,22.755,10.76,12.56,14.81,11.92,80.51,1.76,49.94,11099.57,1057.144,3422.636,332.794,1392.981,6205.555,0,224000,0,0,224000,37:35:00,03:15,00:00,40:55:00,111:55:00,193:40:00
ingenio plan de ayala s.a. de c.v.,2012-2013,11,306175.0,293211.668,3599.07,30187.7,30187.7,0.0,0.0,0.0,0,10608.236,0.0,0.0,81.651,102.073,96.838,22.497,10.62,12.68,14.92,12.03,80.64,1.78,50.0,12963.332,1227.761,3946.645,401.285,1548.339,7124.03,0,508858,0,0,508858,52:35:00,03:55,00:00,40:55:00,111:55:00,209:20:00
ingenio plan de ayala s.a. de c.v.,2012-2013,12,349225.0,334641.064,4073.65,34957.95,34957.95,0.0,0.0,0.0,0,11914.664,0.0,0.0,81.845,101.504,96.773,22.857,10.77,12.76,15.06,12.16,80.74,1.8,50.06,14546.996,1437.98,4488.55,459.773,1702.874,8089.177,0,698510,0,0,698510,65:45:00,03:55,00:00,43:05:00,111:55:00,224:40:00
ingenio plan de ayala s.a. de c.v.,2012-2013,13,392000.0,375497.502,4490.54,39826.7,39826.7,0.0,0.0,0.0,0,13248.376,0.0,0.0,82.008,101.144,96.712,23.058,10.84,12.84,15.2,12.27,80.75,1.83,50.16,16502.498,1654.472,5030.16,505.872,1863.022,9053.526,0,882878,0,0,882878,81:50:00,04:10,00:00,43:05:00,111:55:00,241:00:00
ingenio plan de ayala s.a. de c.v.,2012-2013,14,408580.0,391151.736,4665.35,42064.15,42064.15,0.0,0.0,0.0,0,14152.585,0.0,0.0,82.027,100.977,96.685,23.141,10.87,12.87,15.26,12.33,80.77,1.84,50.16,17428.649,1743.939,5247.719,525.003,1937.512,9454.173,0,953878,0,0,953878,87:05:00,04:10,00:00,67:35:00,192:20:00,351:10:00
ingenio plan de ayala s.a. de c.v.,2012-2013,15,448100.0,428741.331,5044.65,45989.0,45989.0,0.0,0.0,0.0,0,15351.162,0.0,0.0,82.023,100.821,96.652,23.383,10.97,12.97,15.38,12.43,80.82,1.86,50.18,19358.669,1946.202,5786.948,583.538,2131.848,10448.536,0,961678,0,0,961678,97:50:00,04:10,00:00,67:35:00,210:00:00,379:35:00
ingenio plan de ayala s.a. de c.v.,2012-2013,16,491850.0,470334.538,5539.85,51069.75,51069.75,0.0,0.0,0.0,0,17152.524,0.0,0.0,82.111,100.779,96.622,23.654,11.098,13.095,15.51,12.55,80.941,1.87,50.17,21515.462,2175.8,6311.191,665.71,2368.717,11521.418,0,961678,0,0,961678,105:15:00,04:10,00:00,67:40:00,210:00:00,387:05:00
ingenio plan de ayala s.a. de c.v.,2012-2013,17,535900.0,512485.3,6077.57,56705.55,56705.55,0.0,0.0,0.0,0,18860.538,0.0,0.0,82.208,100.849,96.617,23.813,11.173,13.209,15.62,12.65,81.021,1.88,50.13,23414.7,2395.003,6820.164,778.294,2600.481,12593.942,0,961678,0,0,961678,106:50:00,07:45,00:00,67:40:00,210:00:00,392:15:00
ingenio plan de ayala s.a. de c.v.,2012-2013,18,579565.0,554253.399,6685.1,62460.2,62460.2,0.0,0.0,0.0,0,20790.169,0.0,0.0,82.38,100.846,96.602,24.04,11.279,13.31,15.72,12.75,81.129,1.88,50.09,25311.601,2621.546,7323.57,843.624,2803.349,13592.089,0,961678,0,0,961678,112:03:00,07:45,00:00,67:40:00,210:00:00,397:55:00
ingenio plan de ayala s.a. de c.v.,2012-2013,19,623300.0,595983.33,7223.64,67944.5,67944.5,0.0,0.0,0.0,0,22363.7,0.0,0.0,82.555,100.826,96.576,24.261,11.379,13.401,15.8,12.84,81.245,1.89,50.09,27316.67,2860.16,7804.699,921.035,2985.236,14571.13,0,961678,0,0,961678,117:50:00,07:45,00:00,67:40:00,210:00:00,403:15:00
ingenio plan de ayala s.a. de c.v.,2012-2013,20,664400.0,634784.898,7680.46,73067.25,73067.25,0.0,0.0,0.0,0,23913.566,0.0,0.0,82.704,100.683,96.552,24.469,11.476,13.493,15.91,12.94,81.347,1.9,50.08,29615.102,3090.766,8239.106,1028.455,3147.577,15505.904,0,988533,0,0,988533,134:50:00,07:45,00:00,67:40:00,218:25:00,427:55:00
ingenio plan de ayala s.a. de c.v.,2012-2013,21,707950.0,676283.476,8200.69,78264.5,78264.5,0.0,0.0,0.0,0,25197.948,0.0,0.0,82.844,100.525,96.521,24.662,11.562,13.593,16.03,13.05,81.418,1.92,50.08,31666.524,3347.353,8689.95,1152.932,3319.124,16509.359,0,988533,0,0,988533,141:30:00,07:45,00:00,67:40:00,229:05:00,445:60
ingenio plan de ayala s.a. de c.v.,2012-2013,22,751310.0,717582.174,8783.18,84001.25,84001.25,0.0,0.0,0.0,0,26626.032,0.0,0.0,82.982,100.498,96.495,24.835,11.631,13.686,16.14,13.14,81.426,1.93,50.11,33727.826,3603.542,9146.338,1260.465,3488.372,17498.717,0,991858,0,0,991858,154:55:00,07:45,00:00,67:40:00,229:05:00,459:25:00
ingenio plan de ayala s.a. de c.v.,2012-2013,23,794450.0,758779.986,9416.89,89809.8,89809.8,0.0,0.0,0.0,0,28005.259,0.0,0.0,83.104,100.435,96.465,25.034,11.713,13.769,16.24,13.22,81.42,1.94,50.13,35670.014,3866.905,9614.025,1356.446,3644.679,18482.055,0,1009686,0,0,1009686,167:45:00,07:45,00:00,67:40:00,229:05:00,472:15:00
ingenio plan de ayala s.a. de c.v.,2012-2013,24,836735.0,799019.877,9982.18,94897.1,94897.1,0.0,0.0,0.0,0,29451.752,0.0,0.0,83.181,100.366,96.433,25.228,11.792,13.84,16.34,13.3,81.407,1.96,50.16,37715.123,4130.776,10085.94,1458.983,3801.604,19477.303,0,1009686,0,0,1009686,181:25:00,08:45,00:00,67:55:00,229:05:00,487:10:00
ingenio plan de ayala s.a. de c.v.,2012-2013,25,879400.0,839474.387,10659.1,100117.75,100117.75,0.0,0.0,0.0,0,31109.091,0.0,0.0,83.149,100.281,96.4,25.431,11.875,13.913,16.44,13.37,81.367,1.97,50.19,39925.613,4404.335,10680.286,1561.745,3970.281,20616.647,0,1009686,0,0,1009686,191:50:00,11:20,00:00,68:20:00,229:05:00,500:35:00
ingenio plan de ayala s.a. de c.v.,2012-2013,26,910075.0,868337.84,11232.98,103911.2,103911.2,0.0,0.0,0.0,0,32439.108,0.0,0.0,83.04,100.234,96.365,25.634,11.963,13.965,16.52,13.43,81.256,1.98,50.2,41737.16,4620.05,11119.771,1675.341,4138.796,21553.958,0,1021473,0,0,1021473,196:55:00,11:20,00:00,69:30:00,274:10:00,551:55:00
ingenio plan de ayala s.a. de c.v.,2012-2013,27,952700.0,909084.155,11864.15,109119.0,109119.0,0.0,0.0,0.0,0,34105.805,0.0,0.0,82.974,100.229,96.342,25.802,12.037,14.002,16.58,13.46,81.16,1.99,50.21,43615.845,4879.508,11700.953,1780.847,4351.442,22712.75,0,1026473,0,0,1026473,208:50:00,11:30,00:00,69:30:00,275:50:00,565:40:00
ingenio plan de ayala s.a. de c.v.,2012-2013,28,993750.0,948161.932,12490.88,114301.4,114301.4,0.0,0.0,0.0,0,35652.418,0.0,0.0,82.949,100.289,96.313,25.965,12.106,14.041,16.63,13.48,81.1,1.99,50.22,45588.068,5144.681,12218.494,1882.391,4547.242,23792.808,0,1026473,0,0,1026473,216:25:00,11:30,00:00,72:25:00,275:50:00,576:10:00
ingenio plan de ayala s.a. de c.v.,2012-2013,29,1035100.0,987641.272,13140.05,119106.35,119106.35,0.0,0.0,0.0,0,37170.3,0.0,0.0,82.917,100.327,96.278,26.132,12.176,14.078,16.68,13.51,80.996,2.0,50.22,47458.728,5423.255,12746.576,1982.341,4740.821,24892.993,0,1026473,0,0,1026473,232:25:00,11:30,00:00,72:25:00,275:50:00,592:10:00
ingenio plan de ayala s.a. de c.v.,2012-2013,30,1072540.0,1023432.194,13749.37,123195.9,123195.9,0.0,0.0,0.0,0,39167.802,0.0,0.0,82.862,100.381,96.244,26.28,12.235,14.13,16.71,13.55,81.065,2.02,50.24,49107.806,5691.69,13274.54,2092.543,4913.96,25972.733,0,1045723,0,0,1045723,261:15:00,11:45,00:00,72:30:00,275:50:00,621:20:00
ingenio plan de ayala s.a. de c.v.,2012-2013,31,1111560.0,1060572.776,14464.4,127448.4,127448.4,0.0,0.0,0.0,0,40997.095,0.0,0.0,82.689,100.398,96.205,26.436,12.3,14.191,16.76,13.6,81.14,2.04,50.24,50987.224,5985.406,13951.896,2213.709,5155.401,27306.412,0,1134523,0,0,1134523,281:15:00,12:20,00:00,72:55:00,275:50:00,642:20:00
ingenio plan de ayala s.a. de c.v.,2012-2013,32,1148630.0,1095851.715,15094.27,131768.3,131768.3,0.0,0.0,0.0,0,42897.058,0.0,0.0,82.22,100.406,96.178,26.585,12.359,14.234,16.8,13.63,81.162,2.05,50.26,52778.285,6248.192,14744.124,2348.269,5728.281,29068.866,0,1146773,0,0,1146773,313:05:00,12:20,00:00,72:55:00,275:50:00,674:10:00
ingenio plan de ayala s.a. de c.v.,2012-2013,33,1171570.0,1117695.118,15535.27,134436.25,134436.25,0.0,0.0,0.0,0,44217.105,0.0,0.0,81.811,100.399,96.164,26.685,12.396,14.236,16.81,13.64,81.11,2.05,50.28,53874.882,6398.809,15168.544,2442.045,6328.212,30337.61,0,1146773,0,0,1146773,332:10:00,12:20,00:00,74:05:00,338:30:00,757:05:00
ingenio plan de ayala s.a. de c.v.,2012-2013,34,1213070.0,1157321.69,16181.63,138262.65,138262.65,0.0,0.0,0.0,0,46081.934,0.0,0.0,81.306,100.342,96.121,26.853,12.455,14.232,16.83,13.63,81.01,2.06,50.31,55748.31,6697.113,15961.639,2538.183,7076.237,32273.172,0,1215548,0,0,1215548,348:15:00,12:20,00:00,76:00:00,338:30:00,775:05:00
ingenio plan de ayala s.a. de c.v.,2012-2013,35,1245020.0,1187774.637,16717.08,141578.15,138311.75,3266.4,0.0,0.0,0,47904.081,0.0,0.0,80.797,100.217,96.094,27.035,12.53,14.205,16.84,13.62,80.896,2.05,50.34,57245.363,6907.488,16574.117,2625.814,7853.528,33960.947,0,1247248,0,0,1247248,378:25:00,13:25,00:00,76:30:00,359:05:00,827:25:00
ingenio plan de ayala s.a. de c.v.,2012-2013,36,1286895.0,1227512.736,17590.3,145989.7,138311.75,7677.95,0.0,0.0,0,50193.4,0.0,0.0,80.355,100.001,96.063,27.242,12.612,14.183,16.86,13.62,80.819,2.05,50.38,59382.264,7185.736,17250.264,2736.133,8683.862,35855.995,0,1250448,0,0,1250448,385:25:00,13:40,00:00,85:40:00,359:05:00,843:50:00
ingenio plan de ayala s.a. de c.v.,2012-2013,37,1329854.0,1270471.736,18340.322,150226.2,138311.75,11914.45,0.0,0.0,0,51691.443,0.0,0.0,0.0,0.0,0.0,0.0,12.68,14.146,0.0,0.0,80.714,0.0,0.0,0.0,0.0,0.0,0.0,0.0,0.0,0,1286373,0,0,1286373,391:15:00,13:40,00:00,87:05:00,363:10:00,855:10:00
ingenio plan de ayala s.a. de c.v.,2012-2013,38,1339321.424,1272205.547,18601.33,151650.0,138311.75,13338.25,0.0,0.0,0,52645.105,117.900302,124.12,80.056,99.726,96.021,27.463,12.697,14.132,16.864,13.607,80.682,2.047,50.43,67115.877,7530.408,17291.631,2880.91,9433.409,37766.358,0,1315873,0,0,1315873,392:10:00,13:40,00:00,87:05:00,364:25:00,857:20:00
fideicomiso ingenio plan de san luis,2012-2013,9,66400.0,63526.756,886.0,5469.15,5469.15,0.0,0.0,0.0,0,1427.092,0.0,0.0,81.285,100.994,97.045,26.604,13.53,13.37,15.65,12.85,82.11,1.49,46.91,2873.244,262.383,989.303,130.365,279.893,1661.944,36265,247561,0,0,283826,05:55,00:10,00:00,00:05,57:45:00,63:55:00
fideicomiso ingenio plan de san luis,2012-2013,10,116075.0,111046.11,1719.0,10865.55,10865.55,0.0,0.0,0.0,0,3124.522,0.0,0.0,81.728,100.111,97.078,26.313,13.26,13.41,15.71,13.01,82.8,1.49,47.42,5028.89,454.89,1617.916,213.132,558.837,2844.775,36265,573826,0,0,610091,28:00:00,00:10,00:00,00:05,57:45:00,85:60
fideicomiso ingenio plan de san luis,2012-2013,11,156525.0,149912.16,2314.0,15608.45,15608.45,0.0,0.0,0.0,0,4526.626,0.0,0.0,82.11,99.833,97.082,26.146,13.16,13.49,15.78,13.12,83.13,1.51,47.49,6612.84,616.143,2084.797,287.001,789.706,3777.647,36265,906227,0,0,942492,61:50:00,00:10,00:00,00:05,68:30:00,130:35:00
fideicomiso ingenio plan de san luis,2012-2013,12,205050.0,196600.19,3032.0,21155.15,21155.15,0.0,0.0,0.0,0,6216.534,0.0,0.0,82.385,99.33,97.03,26.21,13.13,13.53,15.85,13.22,83.39,1.53,47.67,8449.81,823.964,2665.303,360.901,1036.34,4886.508,36265,1077405,0,0,1113670,82:55:00,00:10,00:00,00:05,68:30:00,151:40:00
fideicomiso ingenio plan de san luis,2012-2013,13,248500.0,238536.99,3672.5,26500.85,26500.85,0.0,0.0,0.0,0,7749.385,0.0,0.0,82.707,99.144,97.013,26.199,13.08,13.68,15.99,13.39,83.72,1.56,47.85,9963.01,1015.592,3181.994,432.617,1249.409,5879.612,36265,1305101,0,0,1341366,118:20:00,00:10,00:00,00:05,68:30:00,187:05:00
fideicomiso ingenio plan de san luis,2012-2013,14,277450.0,266388.91,3893.3,30134.4,30134.4,0.0,0.0,0.0,0,8785.188,0.0,0.0,82.852,99.021,96.871,26.271,13.06,13.75,16.04,13.45,83.86,1.64,48.0,11061.09,1193.51,3477.574,479.784,1390.203,6541.071,36265,1552169,0,0,1588434,126:05:00,00:10,00:00,00:05,141:35:00,267:55:00
fideicomiso ingenio plan de san luis,2012-2013,15,317940.0,305399.28,4150.3,34910.85,34910.85,0.0,0.0,0.0,0,10074.458,0.0,0.0,83.06,99.064,96.954,26.105,12.99,13.82,16.11,13.52,83.91,1.61,47.96,12540.72,1337.926,3977.698,538.809,1586.888,7441.321,36265,1793007,0,0,1829272,147:50:00,00:10,00:00,00:05,169:05:00,317:10:00
fideicomiso ingenio plan de san luis,2012-2013,16,367290.0,353334.44,4586.0,41125.6,41125.6,0.0,0.0,0.0,0,11688.286,0.0,0.0,83.441,99.06,97.029,25.929,12.922,13.917,16.2,13.63,84.135,1.59,47.92,13955.56,1518.403,4504.396,614.989,1826.377,8464.165,36265,2030347,0,0,2066612,174:45:00,00:10,00:00,00:05,169:05:00,344:05:00
fideicomiso ingenio plan de san luis,2012-2013,17,415845.0,400559.35,5196.0,47460.8,47460.8,0.0,0.0,0.0,0,13233.683,0.0,0.0,83.817,99.132,97.071,25.765,12.806,14.055,16.31,13.76,84.364,1.6,48.05,15285.65,1712.143,4997.255,686.784,2061.776,9457.958,36265,2196467,0,0,2232732,198:30:00,00:10,00:00,00:05,169:05:00,367:50:00
fideicomiso ingenio plan de san luis,2012-2013,18,462145.0,445566.47,5793.0,53611.15,53611.15,0.0,0.0,0.0,0,14829.003,0.0,0.0,84.115,98.97,97.075,25.787,12.787,14.165,16.43,13.89,84.545,1.61,48.17,16578.53,1914.92,5456.591,741.131,2286.265,10398.907,36265,2210059,0,0,2246324,230:15:00,00:40,00:00,00:15,169:50:00,400:15:00
fideicomiso ingenio plan de san luis,2012-2013,19,510045.0,492163.91,6373.0,60152.1,60152.1,0.0,0.0,0.0,0,16517.964,0.0,0.0,84.352,98.794,97.059,25.903,12.817,14.263,16.55,14.01,84.658,1.62,48.26,17881.09,2139.801,5939.236,788.597,2516.546,11384.18,36265,2210059,0,0,2246324,252:30:00,00:45,00:00,00:15,169:05:00,422:35:00
fideicomiso ingenio plan de san luis,2012-2013,20,563245.0,543875.35,7042.0,67209.15,67209.15,0.0,0.0,0.0,0,18190.404,0.0,0.0,84.519,98.513,97.034,26.001,12.851,14.351,16.68,14.14,84.723,1.64,48.3,19369.65,2397.616,6500.574,844.312,2771.377,12513.879,36265,2210059,0,0,2246324,261:55:00,00:45,00:00,02:35,169:50:00,434:20:00
fideicomiso ingenio plan de san luis,2012-2013,21,609175.0,588553.39,7699.0,73500.55,73500.55,0.0,0.0,0.0,0,19968.431,0.0,0.0,84.713,98.429,97.051,25.991,12.87,14.418,16.77,14.22,84.775,1.64,48.23,20621.61,2589.653,7001.093,888.277,2947.225,13426.248,36265,2210059,0,0,2246324,277:15:00,02:30,00:00,03:55,180:20:00,463:60
fideicomiso ingenio plan de san luis,2012-2013,22,659195.0,637299.44,8279.0,80412.25,80412.25,0.0,0.0,0.0,0,21526.375,0.0,0.0,85.001,98.398,97.056,25.995,12.893,14.527,16.89,14.33,84.86,1.65,48.14,21895.56,2819.249,7525.411,932.072,3085.898,14362.63,36265,2210059,0,0,2246324,295:55:00,02:30,00:00,03:55,180:20:00,482:40:00
fideicomiso ingenio plan de san luis,2012-2013,23,704620.0,681540.28,8629.0,86885.85,86885.85,0.0,0.0,0.0,0,23136.382,0.0,0.0,85.219,98.406,97.069,26.017,12.915,14.608,16.99,14.41,84.807,1.65,48.11,23079.72,3017.0,8019.896,968.371,3208.678,15213.945,36265,2210059,0,0,2246324,327:20:00,02:30,00:00,03:55,180:20:00,514:05:00
fideicomiso ingenio plan de san luis,2012-2013,24,756500.0,732030.77,9261.0,93966.25,93966.25,0.0,0.0,0.0,0,24887.349,0.0,0.0,85.451,98.376,97.058,26.109,12.941,14.681,17.08,14.48,84.795,1.65,48.19,24469.23,3266.988,8578.211,1005.148,3308.409,16158.756,36265,2210059,0,0,2246324,337:30:00,02:30,00:00,04:00,180:20:00,524:20:00
fideicomiso ingenio plan de san luis,2012-2013,25,808150.0,782306.02,9917.0,100880.05,100880.05,0.0,0.0,0.0,0,26406.094,0.0,0.0,85.621,98.325,97.003,26.213,12.976,14.751,17.17,14.55,84.732,1.69,48.22,25843.98,3572.232,9131.493,1039.437,3397.667,17140.829,36265,2210059,0,0,2246324,345:05:00,02:30,00:00,05:40,180:20:00,533:35:00
fideicomiso ingenio plan de san luis,2012-2013,26,849675.0,822749.79,10631.0,107184.95,101155.9,6029.05,0.0,0.0,0,28161.931,0.0,0.0,85.704,98.158,96.939,26.403,13.047,14.787,17.26,14.6,84.617,1.71,48.27,26925.21,3845.726,9578.665,1068.352,3468.952,17961.695,36265,2210059,0,0,2246324,387:05:00,02:45,00:00,05:40,180:20:00,575:50:00
fideicomiso ingenio plan de san luis,2012-2013,27,902775.0,874452.78,11319.0,114505.25,101155.9,13349.35,0.0,0.0,0,29782.364,0.0,0.0,85.869,98.083,96.927,26.562,13.115,14.841,17.34,14.67,84.563,1.72,48.32,28322.22,4117.437,10174.052,1102.158,3540.31,18933.957,36265,2221027,0,0,2257292,401:10:00,02:45,00:00,05:45,180:20:00,589:60
fideicomiso ingenio plan de san luis,2012-2013,28,959575.0,929846.48,12247.0,122384.5,101155.9,21228.6,0.0,0.0,0,31753.174,0.0,0.0,86.03,97.867,96.911,26.824,13.237,14.925,17.47,14.78,84.617,1.72,48.35,29728.52,4423.239,10830.143,1138.168,3615.642,20007.192,36265,2221027,0,0,2257292,404:55:00,02:45,00:00,07:40,180:20:00,595:40:00
fideicomiso ingenio plan de san luis,2012-2013,29,1011350.0,980170.05,13072.0,129663.85,101155.9,28507.95,0.0,0.0,0,33984.766,0.0,0.0,86.081,97.654,96.886,27.059,13.341,14.993,17.58,14.88,84.591,1.73,48.39,31179.95,4722.458,11502.207,1174.342,3706.959,21105.966,36265,2231886,0,0,2268151,424:25:00,03:10,00:00,07:50,180:20:00,615:45:00
fideicomiso ingenio plan de san luis,2012-2013,30,1061200.0,1028584.68,13858.0,136303.4,101155.9,35147.5,0.0,0.0,0,36519.047,0.0,0.0,85.968,97.514,96.867,27.27,13.44,15.037,17.68,14.94,84.51,1.73,48.41,32615.32,4999.107,12377.938,1210.2,3803.856,22391.101,36265,2231886,0,0,2268151,446:55:00,04:00,00:00,07:50,180:20:00,638:15:00
fideicomiso ingenio plan de san luis,2012-2013,31,1114650.0,1080476.59,14702.0,143597.95,101155.9,42442.05,0.0,0.0,0,38780.832,0.0,0.0,85.777,97.379,96.834,27.491,13.544,15.072,17.76,14.99,84.386,1.74,48.41,34173.41,5319.71,13414.421,1251.528,3908.857,23894.516,36265,2234580,0,0,2270845,459:45:00,03:40,00:00,07:50,180:20:00,651:35:00
fideicomiso ingenio plan de san luis,2012-2013,32,1169200.0,1133341.13,15606.0,150882.25,101155.9,49726.35,0.0,0.0,0,41619.398,0.0,0.0,85.745,97.26,96.784,27.715,13.652,15.117,17.85,15.04,84.288,1.75,48.4,35858.87,5683.929,14198.777,1294.978,4016.319,25194.003,36265,2234580,0,0,2270845,466:30:00,03:40,00:00,10:00,180:20:00,660:30:00
fideicomiso ingenio plan de san luis,2012-2013,33,1202375.0,1165412.95,16217.0,155255.8,101155.9,54099.9,0.0,0.0,0,43254.878,0.0,0.0,85.691,97.199,96.768,27.817,13.703,15.122,17.88,15.05,84.206,1.76,48.39,36962.05,5877.104,14734.839,1324.772,4081.2,26017.915,36265,2234580,0,0,2270845,471:10:00,03:40,00:00,13:40,242:45:00,731:15:00
fideicomiso ingenio plan de san luis,2012-2013,34,1251025.0,1214062.95,17036.772,161269.9,101155.9,60114.0,0.0,0.0,0,45354.665,0.0,0.0,0.0,0.0,0.0,0.0,13.765,15.124,0.0,0.0,84.096,0.0,0.0,0.0,0.0,0.0,0.0,0.0,0.0,36265,2234580,0,0,2270845,475:20:00,04:30,00:00,33:55:00,242:45:00,756:30:00
fideicomiso ingenio plan de san luis,2012-2013,35,1273490.76,1233849.716,17872.36,164952.7,101155.9,63796.8,0.0,0.0,0,47508.097,127.97244,132.084,85.489,96.942,96.661,28.039,13.78,15.121,17.937,15.077,84.053,1.801,48.45,39641.044,6430.261,15930.643,1388.78,4193.74,27943.424,36265,2270927,20974,0,2328166,492:55:00,05:40,00:00,33:55:00,242:45:00,775:15:00
ingenio presidente benito juarez s.a. de c.v.,2012-2013,16,37948.82,36591.446,618.0,2304.8,0.0,2304.8,0.0,0.0,0,1.1,0.0,0.0,75.705,97.179,96.363,24.611,11.566,12.702,15.958,12.596,78.932,1.877,50.25,1357.374,175.298,447.764,32.927,515.218,1171.207,0,0,0,0,0,37:00:00,03:30,00:00,00:00,135:20:00,183:35:00
ingenio presidente benito juarez s.a. de c.v.,2012-2013,17,70213.51,67238.277,1012.53,3890.55,0.0,3752.95,137.6,0.0,0,1002.959,0.0,0.0,75.881,95.478,96.342,25.097,11.759,12.484,16.173,12.597,77.889,1.82,50.449,2975.233,320.635,838.166,76.859,878.241,2113.901,0,0,0,0,0,49:25:00,03:40,00:00,00:00,186:15:00,248:10:00
ingenio presidente benito juarez s.a. de c.v.,2012-2013,18,103784.55,99609.196,1529.09,6753.25,1488.15,3939.1,1326.0,0.0,0,2293.299,0.0,0.0,74.972,94.884,96.37,25.402,11.892,12.414,16.21,12.609,77.785,1.774,50.558,4175.354,467.713,1250.239,125.259,1381.66,3224.871,0,0,0,0,0,72:55:00,09:41,00:00,02:20,212:00:00,312:11:00
ingenio presidente benito juarez s.a. de c.v.,2012-2013,19,130775.3,125430.022,1985.0,9137.15,2919.95,4095.9,2121.3,0.0,0,3232.853,0.0,0.0,74.653,94.713,96.429,25.557,11.95,12.467,16.29,12.693,77.919,1.742,50.674,5345.278,582.241,1578.25,162.392,1809.082,4131.965,0,0,0,0,0,73:45:00,09:41,00:00,02:20,288:00:00,389:01:00
ingenio presidente benito juarez s.a. de c.v.,2012-2013,20,187672.43,180481.689,2933.0,14953.9,7143.4,4193.65,3616.85,0.0,0,4905.199,0.0,0.0,76.24,94.144,96.506,25.785,12.063,12.601,16.285,12.917,79.318,1.708,50.744,7190.741,826.36,2161.365,225.312,2406.705,5619.742,0,0,0,0,0,74:55:00,10:11,00:00,02:20,288:00:00,390:41:00
ingenio presidente benito juarez s.a. de c.v.,2012-2013,21,218998.25,210730.848,3455.0,19637.6,9788.0,4276.6,5573.0,0.0,0,6364.813,0.0,0.0,76.137,93.745,96.464,26.036,12.18,12.618,16.307,12.984,79.622,1.714,50.749,8267.402,977.148,2644.552,268.899,2703.196,6593.795,0,0,0,0,0,145:30:00,10:16,00:00,02:20,288:00:00,467:36:00
ingenio presidente benito juarez s.a. de c.v.,2012-2013,22,275368.12,265069.029,4394.48,24679.25,12585.3,4576.9,7517.05,0.0,0,8311.598,0.0,0.0,76.783,94.175,96.591,25.966,12.173,12.719,16.21,13.045,80.475,1.67,50.737,10299.091,1194.072,3312.589,333.396,3292.797,8132.854,0,0,0,0,0,152:25:00,12:36,00:00,02:20,288:00:00,476:51:00
ingenio presidente benito juarez s.a. de c.v.,2012-2013,23,338547.82,325722.279,5446.48,31557.45,16593.75,5071.85,9891.85,0.0,0,10253.908,0.0,0.0,77.876,94.31,96.578,26.039,12.229,12.823,16.193,13.131,81.091,1.685,50.656,12825.541,1485.593,3926.424,402.097,3789.41,9603.524,0,0,0,0,0,155:10:00,08:05,00:00,02:20,288:00:00,475:05:00
ingenio presidente benito juarez s.a. de c.v.,2012-2013,24,368275.66,353983.985,5941.93,35124.15,18360.05,5415.2,11348.9,0.0,0,11328.313,0.0,0.0,78.011,94.12,96.505,26.215,12.298,12.861,16.229,13.187,81.256,1.715,50.674,14291.675,1655.319,4206.251,463.388,4089.138,10414.096,0,0,0,0,0,155:50:00,09:30,00:00,02:20,370:35:00,567:20:00
ingenio presidente benito juarez s.a. de c.v.,2012-2013,25,430880.57,413185.518,6984.93,41390.6,20757.3,6528.75,14104.55,0.0,0,13568.011,0.0,0.0,78.563,94.635,96.521,26.077,12.231,12.931,16.165,13.188,81.584,1.725,50.675,17695.052,1938.568,4861.909,553.975,4590.829,11945.281,0,0,0,0,0,160:30:00,09:45,00:00,02:20,370:35:00,572:15:00
ingenio presidente benito juarez s.a. de c.v.,2012-2013,26,488915.36,467727.114,7935.93,47406.35,24000.7,7088.7,16316.95,0.0,0,15749.169,0.0,0.0,78.802,95.17,96.485,25.958,12.147,12.987,16.092,13.167,81.823,1.759,50.748,21188.246,2231.906,5427.715,641.865,5157.151,13458.637,0,0,0,0,0,167:35:00,12:05,00:00,02:20,370:35:00,587:50:00
ingenio presidente benito juarez s.a. de c.v.,2012-2013,27,552607.7,528009.727,8996.93,54146.95,27840.1,7714.25,18592.6,0.0,0,18154.877,0.0,0.0,79.055,95.321,96.408,26.188,12.235,13.063,16.118,13.212,81.97,1.792,50.782,24597.973,2592.918,6086.392,719.423,5721.986,15120.719,0,0,0,0,0,167:45:00,12:45,01:00,02:20,370:35:00,589:40:00
ingenio presidente benito juarez s.a. de c.v.,2012-2013,28,607941.32,580142.317,9919.13,60022.75,31375.2,7979.0,20668.55,0.0,0,20534.298,0.0,0.0,79.069,95.411,96.32,26.411,12.331,13.119,16.148,13.244,82.016,1.828,50.766,27799.003,2934.789,6825.209,799.053,6134.817,16693.868,0,0,0,0,0,174:40:00,19:35,01:00,02:20,370:35:00,609:65
ingenio presidente benito juarez s.a. de c.v.,2012-2013,29,670766.49,638966.668,11002.13,67256.45,35689.2,8341.8,23225.45,0.0,0,23162.463,0.0,0.0,79.23,95.629,96.245,26.692,12.437,13.192,16.199,13.277,81.962,1.856,50.824,31799.822,3322.541,7642.875,873.735,6542.168,18381.319,0,0,0,0,0,177:00:00,21:55,01:00,02:20,370:35:00,614:05:00
ingenio presidente benito juarez s.a. de c.v.,2012-2013,30,727518.82,691812.534,11907.13,73063.2,38641.45,8570.95,25850.8,0.0,0,26045.216,0.0,0.0,79.128,95.815,96.121,26.914,12.496,13.228,16.196,13.27,81.934,1.906,50.921,35706.286,3732.828,8447.287,945.872,6960.935,20086.922,0,0,0,0,0,179:35:00,36:20:00,01:00,02:20,379:05:00,639:35:00
ingenio presidente benito juarez s.a. de c.v.,2012-2013,31,790312.07,751068.403,12989.13,80504.3,43937.95,8893.75,27672.6,0.0,0,29027.644,0.0,0.0,79.062,95.968,95.972,27.146,12.559,13.306,16.235,13.307,81.965,1.974,50.996,39243.667,4235.601,9371.005,1008.259,7402.074,22016.939,0,0,0,0,0,183:40:00,36:20:00,01:00,02:20,379:05:00,643:40:00
ingenio presidente benito juarez s.a. de c.v.,2012-2013,32,850171.68,806753.371,14057.13,86914.5,48154.05,9196.95,29563.5,0.0,0,31533.112,0.0,0.0,79.004,95.831,95.812,27.371,12.629,13.355,16.286,13.353,81.991,2.044,51.024,43418.309,4755.391,10121.1,1081.343,7882.15,23839.984,0,0,0,0,0,186:55:00,37:35:00,01:00,02:55,383:55:00,664:55:00
ingenio presidente benito juarez s.a. de c.v.,2012-2013,33,914642.46,867145.148,15188.13,94025.1,52792.6,9443.35,31789.15,0.0,0,34203.236,0.0,0.0,78.949,95.765,95.691,27.619,12.738,13.382,16.317,13.372,81.951,2.088,50.98,47497.312,5274.238,10970.24,1137.003,8382.934,25764.415,0,0,0,0,0,191:05:00,38:00:00,01:00,06:15,383:55:00,672:50:00
ingenio presidente benito juarez s.a. de c.v.,2012-2013,34,975899.61,924738.639,16262.81,100957.0,55891.5,9528.45,35537.05,0.0,0,36765.069,0.0,0.0,78.902,95.618,95.543,27.889,12.828,13.437,16.38,13.426,81.966,2.147,51.023,51160.971,5844.654,11735.392,1191.445,8894.43,27665.921,0,0,0,0,0,200:25:00,39:30:00,01:00,09:15,383:55:00,686:40:00
ingenio presidente benito juarez s.a. de c.v.,2012-2013,35,1034302.74,979407.121,17304.81,107177.25,59022.3,9757.85,38397.1,0.0,0,39353.867,0.0,0.0,78.822,95.623,95.475,27.988,12.849,13.391,16.355,13.371,81.755,2.165,51.074,54895.619,6267.185,12494.307,1265.628,9306.81,29333.93,0,0,0,0,0,211:30:00,39:50:00,01:00,09:15,383:55:00,698:05:00
ingenio presidente benito juarez s.a. de c.v.,2012-2013,36,1090325.06,1031311.556,18342.26,112270.45,61515.85,9985.7,40768.9,0.0,0,41584.29,0.0,0.0,78.639,95.55,95.372,28.07,12.863,13.342,16.324,13.317,81.579,2.2,51.103,59013.504,6732.054,13214.841,1377.934,9751.489,31076.318,0,0,0,0,0,218:25:00,42:35:00,01:00,09:15,383:55:00,714:45:00
ingenio presidente benito juarez s.a. de c.v.,2012-2013,37,1147817.15,1085204.147,19447.87,117703.3,64118.95,10280.35,43304.0,0.0,0,43933.461,0.0,0.0,78.514,95.308,95.254,28.183,12.884,13.283,16.285,13.275,81.517,2.237,51.153,62613.003,7236.153,13955.98,1438.028,10123.388,32753.549,0,0,0,0,0,231:10:00,43:40:00,01:00,09:15,383:55:00,728:35:00
ingenio presidente benito juarez s.a. de c.v.,2012-2013,38,1199160.48,1133855.128,20435.24,122115.4,66095.15,10818.65,45201.6,0.0,0,46551.208,0.0,0.0,78.291,95.102,95.175,28.332,12.906,13.188,16.226,13.198,81.339,2.246,51.292,65305.352,7630.829,14758.509,1491.959,10448.565,34329.862,0,0,0,0,0,245:20:00,45:55:00,01:00,09:15,383:55:00,747:20:00
ingenio presidente benito juarez s.a. de c.v.,2012-2013,39,1237209.3,1169791.286,20923.23,125914.85,66527.1,12633.65,46143.15,610.95,0,49870.153,109.185415,115.478,77.752,95.059,95.135,28.38,12.902,13.071,16.136,13.082,81.073,2.241,51.375,67418.014,7867.794,15815.197,1540.721,10755.01,35978.722,0,0,0,0,0,258:10:00,46:30:00,01:00,32:55:00,393:40:00,794:10:00
ingenio de puga s.a.,2012-2013,10,17650.0,17650.0,181.0,253.75,253.75,0.0,0.0,0.0,0,0.0,0.0,0.0,0.0,0.0,0.0,0.0,0.0,0.0,0.0,0.0,0.0,0.0,0.0,0.0,0.0,0.0,0.0,0.0,0.0,108602,132061,0,0,240663,00:00,00:00,00:00,00:00,00:00,00:00
ingenio de puga s.a.,2012-2013,11,64350.0,61231.82,647.4,3598.9,278.1,0.0,3320.8,0.0,0,1431.474,0.0,0.0,71.901,95.601,95.199,28.61,12.9,10.69,13.66,10.64,77.91,1.79,52.29,3118.18,330.291,907.078,158.102,537.52,1932.991,108602,334009,0,0,442611,39:15:00,01:00,00:00,42:30:00,00:00,82:45:00
ingenio de puga s.a.,2012-2013,12,112650.0,106902.48,1291.8,7533.4,2901.35,0.0,4632.05,0.0,0,3446.226,0.0,0.0,73.988,96.825,95.386,28.029,12.68,10.73,13.65,10.57,77.43,1.77,52.14,5747.52,557.806,1460.352,232.664,893.671,3144.493,108602,338973,0,0,447575,44:45:00,01:00,00:00,72:15:00,00:00,118:00:00
ingenio de puga s.a.,2012-2013,13,161200.0,152251.126,1828.2,11756.05,6286.55,0.0,5469.5,0.0,0,5478.412,0.0,0.0,75.299,96.998,95.49,28.081,12.73,10.83,13.8,10.66,77.24,1.74,52.07,8948.874,787.054,2041.376,296.376,1185.764,4310.57,108602,338973,0,0,447575,48:30:00,01:10,00:00,101:55:00,00:00,151:35:00
ingenio de puga s.a.,2012-2013,14,198620.0,187281.476,2239.2,15023.5,7288.7,0.0,7734.8,0.0,0,7228.063,0.0,0.0,75.932,96.904,95.541,28.129,12.79,10.85,13.89,10.7,77.05,1.72,51.99,11338.524,961.042,2478.14,357.029,1391.346,5187.557,108602,338973,0,0,447575,50:15:00,0.083333333,00:00,115:30:00,48:00:00,215:45:00
ingenio de puga s.a.,2012-2013,15,244270.0,229982.971,2782.2,19303.15,11103.7,0.0,8199.45,0.0,0,9194.587,0.0,0.0,76.59,96.778,95.566,28.322,12.91,10.88,13.96,10.74,76.94,1.7,51.87,14287.029,1178.188,2989.881,452.302,1600.531,6220.902,108602,338973,0,0,447575,51:10:00,0.083333333,00:00,135:10:00,65:05:00,253:25:00
ingenio de puga s.a.,2012-2013,16,295750.0,279528.671,3544.5,24424.1,14330.0,0.0,10094.1,0.0,0,11095.114,0.0,0.0,77.885,97.209,95.696,28.321,12.912,11.204,14.25,11.03,77.387,1.7,51.88,16221.329,1426.252,3525.485,574.8,1801.667,7328.204,108602,338973,0,0,447575,54:00:00,0.083333333,00:00,153:05:00,65:05:00,274:10:00
ingenio de puga s.a.,2012-2013,17,349650.0,332370.0,4315.2,30689.15,18634.15,0.0,12055.0,0.0,0,13249.984,0.0,0.0,79.06,97.493,95.789,28.498,13.011,11.591,14.61,11.39,77.959,1.71,51.82,17280.0,1706.648,4120.956,687.81,1971.213,8486.627,108602,338973,0,0,447575,66:05:00,0.083333333,00:00,157:60,65:05:00,291:10:00
ingenio de puga s.a.,2012-2013,18,403950.0,385282.559,5021.9,37270.0,24852.8,0.0,12417.2,0.0,0,15441.959,0.0,0.0,80.07,98.093,95.959,28.274,12.913,11.931,14.86,11.67,78.518,1.71,51.83,18667.441,1947.49,4782.69,799.099,2075.808,9605.087,108602,338973,0,0,447575,70:40:00,0.083333333,00:00,161:00:00,65:50:00,297:55:00
ingenio de puga s.a.,2012-2013,19,455050.0,435261.138,5669.5,43882.65,29163.85,0.0,14718.8,0.0,0,17654.095,0.0,0.0,80.768,98.326,96.037,28.333,12.932,12.195,15.09,11.91,78.93,1.71,51.87,19788.862,2199.451,5402.974,914.363,2155.852,10672.64,108602,338973,0,0,447575,77:25:00,15:10,00:00,164:40:00,65:05:00,322:20:00
ingenio de puga s.a.,2012-2013,20,511250.0,490087.422,6424.1,50356.75,32996.3,0.0,17360.45,0.0,0,19936.505,0.0,0.0,81.335,98.588,96.109,28.388,12.967,12.439,15.29,12.13,79.303,1.71,51.85,21162.578,2474.424,6110.683,1037.926,2246.856,11869.889,108602,338973,0,0,447575,80:45:00,16:03,00:00,165:40:00,65:50:00,328:05:00
ingenio de puga s.a.,2012-2013,21,565700.0,543238.613,7069.9,57185.5,39453.65,0.0,17731.85,0.0,0,22203.475,0.0,0.0,81.767,98.71,96.172,28.378,12.971,12.633,15.46,12.31,79.61,1.7,51.83,22461.387,2735.532,6813.477,1157.86,2323.023,13029.892,108602,338973,0,0,447575,91:50:00,17:45,00:00,168:05:00,65:05:00,342:45:00
ingenio de puga s.a.,2012-2013,22,622150.0,598391.834,7775.8,64408.4,43845.7,0.0,20562.7,0.0,0,24566.756,0.0,0.0,82.198,98.76,96.224,28.425,12.992,12.842,15.65,12.51,79.962,1.71,51.83,23758.166,3017.165,7541.595,1258.698,2405.339,14222.797,108602,338973,0,0,447575,98:35:00,18:10,00:00,168:10:00,65:05:00,349:60
ingenio de puga s.a.,2012-2013,23,673250.0,648070.222,8458.5,71079.95,50005.8,0.0,21074.15,0.0,0,26808.392,0.0,0.0,82.507,98.83,96.249,28.497,13.028,13.039,15.82,12.7,80.252,1.72,51.82,25179.778,3292.451,8239.288,1318.307,2506.309,15356.355,108602,338973,0,0,447575,119:35:00,18:20,00:00,168:20:00,65:05:00,371:20:00
ingenio de puga s.a.,2012-2013,24,730400.0,703954.957,9183.2,78443.5,56576.95,0.0,21866.55,0.0,0,29256.425,0.0,0.0,82.76,98.855,96.282,28.517,13.042,13.221,16.0,12.88,80.475,1.72,51.8,26445.043,3589.821,9015.096,1409.943,2632.886,16647.746,108602,338973,0,0,447575,126:15:00,18:40,00:00,170:20:00,65:05:00,380:20:00
ingenio de puga s.a.,2012-2013,25,782500.0,754843.734,9926.2,85200.25,62374.8,0.0,22825.45,0.0,0,31729.645,0.0,0.0,82.921,98.902,96.313,28.542,13.048,13.365,16.14,13.02,80.613,1.73,51.82,27656.266,3856.095,9732.756,1516.798,2755.933,17861.582,108602,338973,0,0,447575,143:30:00,20:15,00:00,172:10:00,65:05:00,400:60
ingenio de puga s.a.,2012-2013,26,836050.0,807123.544,10677.7,92139.25,67373.2,0.0,24766.05,0.0,0,34191.706,0.0,0.0,83.058,98.97,96.346,28.527,13.044,13.476,16.27,13.12,80.642,1.73,51.81,28926.456,4116.966,10479.087,1608.196,2883.852,19088.101,108602,338973,0,0,447575,152:25:00,20:50,00:00,173:35:00,65:05:00,411:55:00
ingenio de puga s.a.,2012-2013,27,888150.0,858015.034,11362.5,98980.0,71904.35,0.0,27075.65,0.0,0,36707.422,0.0,0.0,83.201,98.892,96.354,28.53,13.045,13.59,16.39,13.24,80.768,1.74,51.8,30134.966,4400.582,11178.423,1697.492,2999.62,20276.117,108602,338973,0,0,447575,172:30:00,21:00,00:00,175:10:00,65:05:00,433:45:00
ingenio de puga s.a.,2012-2013,28,942700.0,911292.654,12144.4,105868.5,76363.65,0.0,29504.85,0.0,0,39250.395,0.0,0.0,83.266,98.756,96.36,28.567,13.06,13.677,16.52,13.35,80.797,1.74,51.8,31407.346,4692.562,11923.541,1837.113,3122.191,21575.407,108602,386034,0,0,494636,185:55:00,21:50,00:00,175:40:00,65:05:00,448:30:00
ingenio de puga s.a.,2012-2013,29,999200.0,966574.471,12985.5,113081.2,83366.25,0.0,29714.95,0.0,0,41875.889,0.0,0.0,83.306,98.609,96.349,28.57,13.05,13.794,16.66,13.48,80.92,1.76,51.81,32625.529,5032.723,12738.888,1972.412,3265.672,23009.695,108602,386034,0,0,494636,199:15:00,22:05,00:00,176:25:00,65:05:00,462:45:00
ingenio de puga s.a.,2012-2013,30,1039800.0,1006281.741,13626.5,117925.6,88210.65,0.0,29714.95,0.0,0,43806.462,0.0,0.0,83.23,98.576,96.322,28.63,13.07,13.88,16.74,13.56,81.02,1.78,51.83,33518.259,5308.709,13419.004,2055.758,3424.253,24207.724,108602,687192,0,0,795794,252:50:00,22:50,00:00,176:25:00,65:50:00,515:40:00
ingenio de puga s.a.,2012-2013,31,1093400.0,1058662.854,14453.9,124889.4,94000.15,0.0,30889.25,0.0,0,46422.17,0.0,0.0,83.102,98.568,96.321,28.686,13.081,13.981,16.85,13.66,81.099,1.79,51.85,34737.146,5623.355,14274.684,2139.157,3795.085,25832.281,108602,699605,0,0,808207,261:55:00,23:35,00:00,180:30:00,65:50:00,531:50:00
ingenio de puga s.a.,2012-2013,32,1145800.0,1110051.614,15276.9,131722.1,100270.05,0.0,31452.05,0.0,0,49297.969,0.0,0.0,82.991,98.552,96.318,28.744,13.105,14.068,16.94,13.75,81.153,1.8,51.85,35748.386,5934.136,15088.723,2240.471,4152.188,27415.518,108602,749019,0,0,857621,283:30:00,23:40,00:00,180:40:00,65:05:00,552:55:00
ingenio de puga s.a.,2012-2013,33,1199750.0,1163025.954,16150.2,138502.95,106937.4,0.0,31565.55,0.0,0,52074.947,0.0,0.0,82.878,98.565,96.299,28.818,13.134,14.136,17.02,13.81,81.154,1.82,51.85,36724.046,6277.41,15935.193,2327.482,4498.227,29038.312,108602,822171,0,0,930773,292:50:00,24:50:00,00:00,184:40:00,65:05:00,567:25:00
ingenio de puga s.a.,2012-2013,34,1250650.0,1212944.046,17032.7,145266.65,112524.75,0.0,32741.9,0.0,0,55084.875,0.0,0.0,82.78,98.548,96.293,28.899,13.166,14.195,17.09,13.87,81.146,1.82,51.86,37705.954,6581.226,16765.736,2467.856,4757.416,30572.234,108602,822171,0,0,930773,315:05:00,25:10:00,00:00,184:50:00,65:05:00,590:10:00
ingenio de puga s.a.,2012-2013,35,1303300.0,1264386.413,17927.0,151844.45,118655.3,0.0,33189.15,0.0,0,57834.143,0.0,0.0,82.696,98.526,96.278,28.96,13.188,14.246,17.16,13.92,81.13,1.83,51.86,38913.587,6909.741,17637.666,2594.139,4987.012,32128.558,108602,890282,0,0,998884,334:35:00,25:60,00:00,184:55:00,65:05:00,610:35:00
ingenio de puga s.a.,2012-2013,36,1355000.0,1314751.315,18806.1,158340.9,124849.95,0.0,33490.95,0.0,0,60439.581,0.0,0.0,82.635,98.489,96.238,29.034,13.213,14.288,17.21,13.96,81.112,1.85,51.87,40248.685,7282.75,18456.836,2718.841,5160.89,33619.317,108602,1023195,0,0,1131797,352:25:00,26:05:00,00:00,188:15:00,65:05:00,631:50:00
ingenio de puga s.a.,2012-2013,37,1397750.0,1357501.315,19531.1,163531.85,130040.9,0.0,33490.95,0.0,0,62571.419,0.0,0.0,0.0,0.0,0.0,0.0,13.256,14.316,0.0,0.0,81.1,0.0,0.0,0.0,0.0,0.0,0.0,0.0,0.0,108602,1103973,0,0,1212575,381:50:00,26:10:00,00:00,195:35:00,73:05:00,676:40:00
ingenio de puga s.a.,2012-2013,38,1413250.37,1371366.768,19844.87,166407.05,132589.75,0.0,33817.3,0.0,0,64830.66,119.339014,122.984,82.157,98.335,96.171,29.195,13.268,14.32,17.27,14.005,81.096,1.878,51.89,41883.602,7749.038,19495.973,2852.67,6012.111,36109.792,108602,1147486,0,0,1256088,391:35:00,26:10:00,00:00,202:10:00,98:05:00,718:00:00
cia azucarera la fe s.a. de c.v.,2012-2013,7,89626.0,88283.0,554.75,9798.5,0.0,9798.5,0.0,0.0,303888,2423.181,0.0,0.0,83.848,104.861,95.843,26.092,11.46,13.554,15.36,12.39,80.63,2.16,53.02,1343.0,505.01,1100.406,162.553,194.204,1962.173,0,0,0,0,0,07:20,00:10,00:00,00:00,00:00,07:30
cia azucarera la fe s.a. de c.v.,2012-2013,8,147838.0,145623.682,1377.0,16980.3,0.0,16980.3,0.0,0.0,521093,4632.48,0.0,0.0,84.322,103.547,96.05,25.821,11.39,13.864,15.75,12.86,81.63,2.12,52.91,2215.0,809.606,1894.254,212.691,296.776,3213.327,0,0,0,0,0,19:55,00:10,00:00,00:00,00:00,20:05
cia azucarera la fe s.a. de c.v.,2012-2013,9,213004.0,209883.682,1921.62,25075.45,0.0,25075.45,0.0,0.0,891224,7076.849,0.0,0.0,85.348,102.968,96.218,25.397,11.22,14.043,15.87,13.12,82.71,2.09,52.87,3121.0,1131.21,2645.164,246.464,359.959,4382.797,0,0,0,0,0,23:15,00:10,00:00,00:05,00:00,23:30
cia azucarera la fe s.a. de c.v.,2012-2013,10,272373.0,268297.682,2531.98,32718.15,0.0,32718.15,0.0,0.0,1252956,9207.426,0.0,0.0,85.91,102.286,96.277,25.456,11.26,14.217,16.06,13.38,83.31,2.08,52.85,4076.0,1441.789,3334.458,274.679,405.146,5456.072,0,0,0,0,0,39:15:00,00:10,00:00,00:10,00:00,39:35:00
cia azucarera la fe s.a. de c.v.,2012-2013,11,336699.0,331658.682,3065.13,41085.95,0.0,41085.95,0.0,0.0,1649387,11896.889,0.0,0.0,86.184,102.02,96.325,25.501,11.28,14.413,16.27,13.61,83.66,2.08,52.83,5041.0,1783.36,4113.384,325.829,482.203,6704.775,0,0,0,0,0,39:50:00,00:10,00:00,00:15,00:00,40:15:00
cia azucarera la fe s.a. de c.v.,2012-2013,12,399676.0,393777.682,3650.78,49350.15,0.0,49350.15,0.0,0.0,2065073,14301.168,0.0,0.0,86.286,101.87,96.367,25.518,11.29,14.534,16.4,13.75,83.83,2.07,52.84,5899.0,2110.642,4891.367,386.778,577.718,7966.505,0,0,0,0,0,44:05:00,00:35,00:00,00:15,00:00,44:55:00
cia azucarera la fe s.a. de c.v.,2012-2013,13,447049.0,440403.682,4131.28,55577.6,0.0,55577.6,0.0,0.0,2338277,16057.687,0.0,0.0,86.314,101.843,96.393,25.529,11.3,14.608,16.49,13.83,83.86,2.06,52.85,6646.0,2355.299,5491.065,444.359,647.272,8937.996,0,0,0,0,0,63:00:00,00:35,26:00:00,00:15,00:00,89:50:00
cia azucarera la fe s.a. de c.v.,2012-2013,14,494829.0,487423.682,4561.53,61998.45,0.0,61998.45,0.0,0.0,2622379,17793.846,0.0,0.0,86.375,101.967,96.429,25.495,11.28,14.674,16.55,13.88,83.87,2.06,52.86,7406.0,2593.313,6085.34,496.759,717.964,9893.375,0,0,0,0,0,64:15:00,00:35,66:45:00,00:15,00:00,131:50:00
cia azucarera la fe s.a. de c.v.,2012-2013,15,547301.0,539097.682,5077.5,68625.2,0.0,68625.2,0.0,0.0,2788948,19584.313,0.0,0.0,86.266,101.48,96.329,25.762,11.39,14.719,16.66,13.97,83.88,2.1,52.82,8204.0,2957.379,6745.988,552.864,807.136,11063.367,0,0,0,0,0,76:05:00,00:35,66:45:00,00:15,00:00,143:40:00
cia azucarera la fe s.a. de c.v.,2012-2013,16,599297.0,590318.682,5607.9,75150.05,0.0,75150.05,0.0,0.0,2910168,21468.488,0.0,0.0,85.973,100.89,96.259,25.941,11.47,14.76,16.79,14.08,83.88,2.13,52.79,8979.0,3309.11,7466.262,619.578,1012.466,12407.415,0,0,0,0,0,90:10:00,00:35,66:45:00,00:15,00:00,157:45:00
cia azucarera la fe s.a. de c.v.,2012-2013,17,659736.0,649871.682,6088.45,83084.65,0.0,83084.65,0.0,0.0,3152607,23824.811,0.0,0.0,85.953,100.716,96.304,25.869,11.44,14.812,16.88,14.16,83.89,2.12,52.81,9865.0,3611.764,8249.558,705.287,1159.575,13726.184,0,0,0,0,0,96:50:00,02:45,66:45:00,00:25,00:00,166:45:00
cia azucarera la fe s.a. de c.v.,2012-2013,18,720838.0,710101.682,6584.2,91245.25,0.0,91245.25,0.0,0.0,3544000,25861.219,0.0,0.0,85.942,100.781,96.337,25.818,11.42,14.842,16.91,14.19,83.9,2.11,52.83,10737.0,3918.805,9018.978,800.27,1302.017,15040.07,0,0,0,0,0,102:30:00,02:45,66:45:00,00:25,00:00,172:25:00
cia azucarera la fe s.a. de c.v.,2012-2013,19,765418.0,753972.682,7057.71,97353.2,0.0,97353.2,0.0,0.0,3870257,27436.572,0.0,0.0,85.929,100.678,96.337,25.77,11.39,14.864,16.95,14.22,83.9,2.11,52.82,11446.0,4167.92,9571.947,869.807,1399.66,16009.334,0,0,0,0,0,127:10:00,09:05,66:45:00,00:30,00:00,203:30:00
cia azucarera la fe s.a. de c.v.,2012-2013,20,816305.0,804103.682,7524.48,103389.45,0.0,103389.45,0.0,0.0,4211057,29238.744,0.0,0.0,85.891,100.576,96.322,25.764,11.39,14.891,17.0,14.26,83.91,2.13,52.81,12202.0,4470.523,10207.67,955.037,1516.495,17149.725,0,0,0,0,0,142:36:00,09:05,66:45:00,00:30,00:00,218:56:00
cia azucarera la fe s.a. de c.v.,2012-2013,21,877025.0,863949.0,8093.05,111456.95,0.0,111456.95,0.0,0.0,4615191,31287.329,0.0,0.0,85.826,100.517,96.298,25.794,11.42,14.878,17.02,14.25,83.74,2.14,52.73,13077.0,4830.36,10941.563,1058.735,1663.899,18494.557,0,0,0,0,0,148:26:00,09:05,66:45:00,00:30,00:00,224:46:00
cia azucarera la fe s.a. de c.v.,2012-2013,22,938074.0,924072.0,8588.2,119454.15,0.0,119454.15,0.0,0.0,5004208,33268.214,0.0,0.0,85.801,100.525,96.29,25.759,11.43,14.862,17.06,14.24,83.45,2.14,52.62,14003.0,5172.73,11673.101,1156.153,1793.75,19795.734,0,0,0,0,0,153:36:00,09:05,66:45:00,00:30,00:00,229:56:00
cia azucarera la fe s.a. de c.v.,2012-2013,23,995489.0,980626.0,9198.71,127094.5,0.0,127094.5,0.0,0.0,5216209,35184.187,0.0,0.0,85.844,100.501,96.274,25.749,11.44,14.879,17.1,14.25,83.34,2.15,52.54,14864.0,5519.18,12325.457,1229.766,1893.143,20967.546,0,0,0,0,0,156:26:00,24:00:00,66:45:00,00:30,00:00,247:41:00
cia azucarera la fe s.a. de c.v.,2012-2013,24,1058124.0,1042317.0,9789.22,135245.95,0.0,135245.95,0.0,0.0,5618008,37279.079,0.0,0.0,85.844,100.421,96.237,25.859,11.52,14.895,17.15,14.27,83.23,2.17,52.43,15808.0,5930.258,13050.318,1314.032,2016.466,22311.074,0,0,0,0,0,159:16:00,24:00:00,66:45:00,00:40,00:00,250:41:00
cia azucarera la fe s.a. de c.v.,2012-2013,25,1122361.0,1105594.0,10407.31,143753.6,0.0,143753.6,0.0,0.0,5923618,39487.884,0.0,0.0,85.866,100.31,96.207,25.942,11.57,14.906,17.2,14.3,83.11,2.18,52.36,17030.0,6344.705,13765.795,1393.749,2141.242,23645.491,0,0,0,0,0,159:41:00,24:00:00,66:45:00,01:25,00:00,251:51:00
cia azucarera la fe s.a. de c.v.,2012-2013,26,1171035.0,1153510.0,10930.43,150084.75,0.0,150084.75,0.0,0.0,6214684,41050.154,0.0,0.0,85.906,100.278,96.172,26.032,11.62,14.925,17.21,14.31,83.16,2.19,52.3,17788.0,6690.062,14300.911,1443.66,2199.34,24633.973,0,0,0,0,0,164:11:00,24:00:00,101:00:00,01:35,00:00,290:46:00
cia azucarera la fe s.a. de c.v.,2012-2013,27,1235423.0,1216942.0,11436.12,158466.85,0.0,158466.85,0.0,0.0,6605423,43192.854,0.0,0.0,85.952,100.302,96.168,26.034,11.63,14.938,17.21,14.32,83.23,2.2,52.26,18744.0,7070.971,15034.167,1512.091,2308.207,25925.437,0,0,0,0,0,165:21:00,24:45:00,101:00:00,01:35,00:00,292:41:00
cia azucarera la fe s.a. de c.v.,2012-2013,28,1290678.0,1271346.0,12083.12,165504.05,0.0,165504.05,0.0,0.0,6750813,45146.448,0.0,0.0,85.918,100.321,96.152,26.071,11.65,14.934,17.19,14.31,83.25,2.2,52.22,19595.0,7416.638,15727.068,1573.445,2425.617,27142.767,0,0,0,0,0,178:06:00,36:35:00,101:00:00,01:35,00:00,317:16:00
cia azucarera la fe s.a. de c.v.,2012-2013,29,1352062.0,1331933.0,12706.4,173585.65,0.0,173585.65,0.0,0.0,6750813,47231.473,0.0,0.0,85.912,100.308,96.127,26.137,11.69,14.933,17.2,14.31,83.18,2.21,52.18,20392.0,7819.679,16446.563,1639.496,2537.681,28443.419,0,0,0,0,0,187:16:00,36:35:00,101:00:00,01:35,00:00,326:26:00
cia azucarera la fe s.a. de c.v.,2012-2013,30,1416795.0,1395653.0,13356.4,181807.05,0.0,181807.05,0.0,0.0,6826723,49422.54,0.0,0.0,85.902,100.208,96.114,26.189,11.72,14.929,17.23,14.32,83.12,2.22,52.15,21405.0,8219.662,17222.796,1709.439,2667.231,29819.127,0,0,0,0,0,188:26:00,36:35:00,101:00:00,01:40,00:00,327:41:00
cia azucarera la fe s.a. de c.v.,2012-2013,31,1477669.0,1455532.0,14087.25,189432.6,0.0,189432.6,0.0,0.0,7012506,51456.911,0.0,0.0,85.902,100.085,96.094,26.269,11.75,14.91,17.23,14.31,83.09,2.22,52.17,22400.0,8605.702,17914.004,1769.967,2770.103,31059.776,0,0,0,0,0,197:51:00,36:35:00,101:00:00,01:45,00:50,338:01:00
cia azucarera la fe s.a. de c.v.,2012-2013,32,1542342.0,1519208.0,14581.73,197518.1,0.0,197518.1,0.0,0.0,7220574,53600.622,0.0,0.0,85.897,99.93,96.072,26.372,11.78,14.887,17.23,14.31,83.08,2.22,52.2,23397.0,9018.655,18645.055,1833.934,2884.571,32382.215,0,0,0,0,0,198:36:00,36:35:00,101:00:00,01:45,00:50,338:46:00
cia azucarera la fe s.a. de c.v.,2012-2013,33,1603958.0,1579900.0,15653.9,205079.2,0.0,205079.2,0.0,0.0,7569117,55596.836,0.0,0.0,85.877,99.79,96.042,26.454,11.81,14.865,17.22,14.31,83.08,2.22,52.23,24321.0,9437.821,19348.224,1893.393,2994.085,33673.524,0,0,0,0,0,209:26:00,36:35:00,101:00:00,01:50,00:50,349:41:00
cia azucarera la fe s.a. de c.v.,2012-2013,34,1664179.0,1639217.0,16257.75,212297.05,0.0,212297.05,0.0,0.0,7924951,57526.082,0.0,0.0,85.846,99.616,96.013,26.568,11.86,14.838,17.22,14.3,83.04,2.23,52.24,25225.0,9844.752,20050.448,1953.816,3100.797,34949.813,0,0,0,0,0,220:16:00,36:35:00,101:00:00,01:55,00:50,360:36:00
cia azucarera la fe s.a. de c.v.,2012-2013,35,1700727.0,1675765.0,16578.842,216360.25,0.0,216360.25,0.0,0.0,0,58649.48,0.0,0.0,0.0,0.0,0.0,0.0,11.891,14.788,0.0,0.0,82.926,0.0,0.0,0.0,0.0,0.0,0.0,0.0,0.0,0,0,0,0,0,00:00,00:00,00:00,00:00,00:00,00:00
cia azucarera la fe s.a. de c.v.,2012-2013,36,1712867.73,1687176.0,16868.68,218183.05,0.0,218183.05,0.0,0.0,8230028,59862.752,125.877411,127.794,85.788,99.467,95.988,26.648,11.891,14.788,17.209,14.27,82.926,2.226,52.236,25954.859,10162.077,20649.829,2002.643,3182.046,35996.594,0,0,0,0,0,228:31:00,36:35:00,101:00:00,01:55,65:35:00,434:26:00
ingenio queseria s.a. de c.v.,2012-2013,7,72074.0,68743.863,257.3,5602.5,0.0,5602.5,0.0,0.0,0,2369.983,0.0,0.0,79.341,96.853,95.391,26.168,11.654,11.809,15.096,11.631,77.048,2.08,52.541,3330.137,392.291,1174.429,59.29,132.352,1758.362,0,0,0,0,0,10:10,00:00,00:00,00:00,05:05,15:15
ingenio queseria s.a. de c.v.,2012-2013,8,123941.0,118297.165,497.7,10882.3,0.0,10624.3,258.0,0.0,0,4744.243,0.0,0.0,80.096,96.98,95.41,25.916,11.48,12.113,15.422,11.917,77.272,2.145,52.679,5643.835,689.11,1945.394,94.057,259.591,2988.152,0,0,0,0,0,17:07,00:00,00:00,01:20,05:05,23:32
ingenio queseria s.a. de c.v.,2012-2013,9,174893.0,166967.44,1068.85,16060.35,0.0,15802.35,258.0,0.0,0,7034.313,0.0,0.0,80.696,97.128,95.427,25.788,11.504,12.273,15.59,12.058,77.343,2.176,52.303,7925.56,981.587,2687.606,126.85,347.482,4143.525,0,0,0,0,0,0.958333333,00:00,00:00,11:25,05:05,39:30:00
ingenio queseria s.a. de c.v.,2012-2013,10,226905.0,216850.01,1512.85,21762.9,0.0,21504.9,258.0,0.0,0,9397.84,0.0,0.0,81.216,97.443,95.561,25.429,11.438,12.302,15.592,12.064,77.375,2.147,51.973,10054.99,1238.968,3408.581,164.475,431.15,5243.174,0,0,0,0,0,24:50:00,00:00,00:00,24:12:00,05:05,54:07:00
ingenio queseria s.a. de c.v.,2012-2013,11,281920.0,269594.298,1947.35,27215.3,0.0,26957.3,258.0,0.0,0,11993.297,0.0,0.0,81.442,97.679,95.622,25.326,11.459,12.237,15.493,11.98,77.323,2.115,51.751,12325.702,1510.329,4189.883,199.978,502.34,6402.53,0,0,0,0,0,29:15:00,00:00,00:00,26:42:00,05:05,61:02:00
ingenio queseria s.a. de c.v.,2012-2013,12,336880.0,322505.714,2662.35,32859.7,0.0,32601.7,258.0,0.0,0,14620.152,0.0,0.0,81.704,97.75,95.672,25.29,11.505,12.246,15.502,11.986,77.315,2.095,51.527,14374.286,1785.403,4940.824,244.079,577.755,7548.061,0,0,0,0,0,37:53:00,00:00,00:00,27:42:00,05:05,70:40:00
ingenio queseria s.a. de c.v.,2012-2013,13,387972.0,371732.868,3125.65,38136.15,0.0,37878.15,258.0,0.0,0,17022.773,0.0,0.0,81.984,97.917,95.712,25.23,11.519,12.259,15.505,11.983,77.286,2.083,51.379,16239.132,2039.55,5605.458,281.871,641.699,8568.578,0,0,0,0,0,47:22:00,00:00,00:00,33:28:00,05:05,85:55:00
ingenio queseria s.a. de c.v.,2012-2013,14,423316.0,405828.416,3738.75,41844.6,0.0,41586.6,258.0,0.0,0,18676.378,0.0,0.0,82.117,97.974,95.723,25.227,11.548,12.271,15.514,11.989,77.281,2.08,51.259,17487.584,2221.975,6070.771,310.338,686.739,9289.823,0,0,0,0,0,51:27:00,00:00,00:00,33:28:00,61:05:00,145:60
ingenio queseria s.a. de c.v.,2012-2013,15,476564.0,457198.956,4096.25,47367.5,0.0,47109.5,258.0,0.0,0,21172.868,0.0,0.0,82.288,97.856,95.754,25.134,11.551,12.313,15.576,12.048,77.354,2.08,51.078,19365.044,2491.587,6768.415,344.674,788.582,10393.258,0,0,0,0,0,54:40:00,00:00,00:00,33:28:00,66:25:00,154:33:00
ingenio queseria s.a. de c.v.,2012-2013,16,521246.0,500278.727,4674.45,52064.25,0.0,51806.25,258.0,0.0,0,23165.517,0.0,0.0,82.363,97.753,95.754,25.134,11.57,12.338,15.621,12.086,77.37,2.084,50.998,20967.273,2730.661,7342.487,400.468,869.259,11342.875,0,0,0,0,0,83:42:00,00:00,00:00,33:28:00,66:25:00,183:35:00
ingenio queseria s.a. de c.v.,2012-2013,17,568150.0,545579.955,5133.55,56934.2,0.0,56676.2,258.0,0.0,0,25425.183,0.0,0.0,82.392,97.778,95.768,25.206,11.606,12.385,15.675,12.131,77.39,2.079,50.995,22570.045,2977.806,8016.304,444.047,951.941,12390.098,0,0,0,0,0,101:18:00,00:00,00:00,36:48:00,66:25:00,204:31:00
ingenio queseria s.a. de c.v.,2012-2013,18,612795.0,588650.516,5650.95,61651.45,0.0,60855.75,795.7,0.0,0,27479.272,0.0,0.0,82.399,97.833,95.788,25.257,11.625,12.42,15.71,12.16,77.405,2.071,51.025,24144.484,3206.063,8684.063,484.208,1021.186,13395.52,0,0,0,0,0,124:22:00,00:00,00:00,36:48:00,66:25:00,227:35:00
ingenio queseria s.a. de c.v.,2012-2013,19,665753.0,639753.205,6245.55,67515.4,0.0,65243.05,2272.35,0.0,0,29838.88,0.0,0.0,82.44,97.824,95.824,25.247,11.624,12.477,15.78,12.222,77.455,2.063,51.026,25999.795,3468.88,9484.176,533.642,1099.789,14586.487,0,0,0,0,0,128:58:00,00:00,00:00,37:58:00,66:25:00,233:21:00
ingenio queseria s.a. de c.v.,2012-2013,20,713542.0,685911.908,6699.05,73076.65,0.0,67264.6,5812.05,0.0,0,31970.209,0.0,0.0,82.527,97.893,95.846,25.249,11.628,12.532,15.831,12.27,77.504,2.061,51.019,27630.092,3714.249,10162.231,584.713,1162.852,15624.045,0,0,0,0,0,150:32:00,00:00,00:00,40:58:00,66:25:00,257:55:00
ingenio queseria s.a. de c.v.,2012-2013,21,765683.0,736286.394,7278.45,78990.15,0.0,67696.5,11293.65,0.0,0,34329.679,0.0,0.0,82.588,97.884,95.86,25.267,11.638,12.594,15.906,12.334,77.543,2.063,51.015,29396.606,3992.744,10931.345,633.895,1232.536,16790.52,0,0,0,0,0,159:39:00,00:00,00:00,43:48:00,66:25:00,269:52:00
ingenio queseria s.a. de c.v.,2012-2013,22,815690.0,784674.73,7785.05,84913.95,0.0,70155.25,14758.7,0.0,0,36610.478,0.0,0.0,82.665,97.939,95.884,25.299,11.653,12.674,15.988,12.408,77.608,2.062,51.02,31015.27,4255.738,11667.322,696.763,1301.214,17921.037,0,0,0,0,0,171:39:00,00:00,00:00,47:03:00,66:25:00,285:07:00
ingenio queseria s.a. de c.v.,2012-2013,23,858980.0,826515.639,8317.5,89962.4,0.0,73173.7,16788.7,0.0,0,38560.349,0.0,0.0,82.738,98.016,95.893,25.392,11.691,12.74,16.051,12.464,77.651,2.061,51.043,32464.361,4495.054,12287.676,748.649,1358.76,18890.139,0,0,0,0,0,209:52:00,00:00,00:00,47:03:00,66:25:00,323:20:00
ingenio queseria s.a. de c.v.,2012-2013,24,910745.0,876522.574,8735.7,96157.85,0.0,76505.1,19652.75,0.0,0,40910.475,0.0,0.0,82.815,98.186,95.898,25.527,11.751,12.814,16.106,12.515,77.705,2.059,51.056,34222.426,4787.524,13037.858,802.398,1426.874,20054.654,0,0,0,0,0,220:52:00,00:00,00:00,47:03:00,68:40:00,336:35:00
ingenio queseria s.a. de c.v.,2012-2013,25,958956.0,923050.235,9463.0,101395.85,0.0,76790.1,24605.75,0.0,0,42830.128,0.0,0.0,82.867,98.291,95.892,25.654,11.81,12.871,16.148,12.557,77.765,2.061,51.06,35905.765,5070.148,13722.968,862.96,1490.875,21146.951,0,0,0,0,0,234:54:00,00:00,00:00,47:03:00,71:15:00,353:12:00
ingenio queseria s.a. de c.v.,2012-2013,26,1000004.0,962665.067,9977.5,106441.7,0.0,79916.8,26524.9,0.0,0,44597.483,0.0,0.0,82.935,98.434,95.894,25.747,11.853,12.922,16.168,12.589,77.862,2.06,51.061,37338.933,5305.89,14299.424,901.33,1545.345,22051.989,0,0,0,0,0,258:28:00,00:00,00:00,64:13:00,71:15:00,393:56:00
ingenio queseria s.a. de c.v.,2012-2013,27,1040254.0,1001588.798,10434.6,111667.45,0.0,80059.75,31607.7,0.0,0,46392.424,0.0,0.0,83.025,98.554,95.9,25.822,11.894,12.979,16.197,12.629,77.972,2.06,51.037,38665.202,5535.379,14839.501,945.581,1598.47,22918.931,0,0,0,0,0,292:03:00,00:00,00:00,71:08:00,71:15:00,434:26:00
ingenio queseria s.a. de c.v.,2012-2013,28,1089319.0,1049107.426,10810.9,117105.35,0.0,82282.0,34823.35,0.0,0,48591.845,0.0,0.0,83.066,98.649,95.912,25.891,11.935,13.038,16.24,12.676,78.055,2.058,51.007,40211.574,5805.767,15584.355,993.216,1666.301,24049.639,0,0,0,0,0,310:42:00,00:00,00:00,71:08:00,71:15:00,453:05:00
ingenio queseria s.a. de c.v.,2012-2013,29,1135455.0,1093642.618,11444.0,122589.3,0.0,86005.6,36583.7,0.0,0,50841.863,0.0,0.0,83.091,98.854,95.925,25.959,11.975,13.085,16.25,12.698,78.141,2.054,50.98,41812.382,6055.293,16277.444,1061.485,1728.554,25122.776,0,0,0,0,0,329:30:00,00:00,00:00,73:08:00,71:15:00,473:53:00
ingenio queseria s.a. de c.v.,2012-2013,30,1183926.0,1140446.685,11995.0,128380.45,0.0,86922.9,41457.55,0.0,0,53190.697,0.0,0.0,83.114,99.039,95.934,26.028,12.017,13.13,16.263,12.719,78.206,2.051,50.947,43479.315,6321.321,17010.253,1122.623,1795.946,26250.143,0,0,0,0,0,342:47:00,00:00,00:00,73:80,71:15:00,488:00:00
ingenio queseria s.a. de c.v.,2012-2013,31,1225947.0,1181046.438,12601.05,133421.25,0.0,88695.8,44725.45,0.0,0,55128.316,0.0,0.0,83.132,99.218,95.944,26.076,12.048,13.167,16.269,12.733,78.265,2.048,50.918,44900.562,6547.373,17657.179,1169.022,1855.809,27229.383,0,0,0,0,0,373:15:00,00:00,00:00,73:80,71:15:00,517:38:00
ingenio queseria s.a. de c.v.,2012-2013,32,1272692.0,1226194.191,13079.25,138552.4,0.0,89953.35,48599.05,0.0,0,57219.597,0.0,0.0,83.141,99.32,95.946,26.132,12.081,13.199,16.276,12.75,78.338,2.047,50.892,46497.809,6809.58,18352.051,1234.964,1922.804,28319.399,0,0,0,0,0,389:16:00,00:00,00:00,78:48:00,71:15:00,539:19:00
ingenio queseria s.a. de c.v.,2012-2013,33,1319277.0,1271226.999,13518.75,144278.2,0.0,94669.65,49608.55,0.0,0,59501.425,0.0,0.0,83.17,99.434,95.951,26.191,12.116,13.235,16.286,12.772,78.422,2.046,50.863,48050.001,7070.243,19030.918,1295.991,1989.23,29386.382,0,0,0,0,0,405:28:00,00:00,00:00,80:28:00,71:15:00,557:11:00
ingenio queseria s.a. de c.v.,2012-2013,34,1361189.0,1311710.86,14150.05,149102.35,0.0,99493.8,49608.55,0.0,0,61696.18,0.0,0.0,83.172,99.578,95.954,26.26,12.153,13.267,16.295,12.784,78.453,2.044,50.848,49478.14,7306.897,19674.968,1356.665,2049.898,30388.428,0,0,0,0,0,436:35:00,00:00,00:00,80:28:00,71:15:00,588:18:00
ingenio queseria s.a. de c.v.,2012-2013,35,1408472.0,1357219.091,14843.0,154300.4,0.0,103827.15,50473.25,0.0,0,64252.63,0.0,0.0,83.149,99.602,95.945,26.341,12.188,13.277,16.305,12.789,78.439,2.044,50.857,51252.909,7583.197,20394.267,1416.51,2117.568,31511.542,0,0,0,0,0,449:06:00,00:00,00:00,80:28:00,71:15:00,600:49:00
ingenio queseria s.a. de c.v.,2012-2013,36,1448447.0,1395680.326,15462.55,158797.7,0.0,107740.25,51057.45,0.0,0,66714.544,0.0,0.0,83.123,99.558,95.937,26.37,12.198,13.283,16.323,12.8,78.418,2.046,50.868,52766.674,7817.098,21017.714,1463.037,2173.525,32471.374,0,0,0,0,0,484:48:00,00:00,00:00,80:28:00,71:15:00,636:31:00
ingenio queseria s.a. de c.v.,2012-2013,37,1493747.0,1439215.141,15941.55,163668.8,0.0,108742.95,54925.85,0.0,0,69060.372,0.0,0.0,83.045,99.568,95.921,26.425,12.22,13.273,16.323,12.786,78.335,2.049,50.875,54531.859,8087.466,21768.996,1517.557,2239.806,33613.825,0,0,0,0,0,504:46:00,00:00,00:00,81:28:00,71:15:00,657:29:00
ingenio queseria s.a. de c.v.,2012-2013,38,1535732.0,1479523.411,16118.95,167537.95,0.0,112612.1,54925.85,0.0,0,71282.87,0.0,0.0,82.974,99.616,95.917,26.427,12.221,13.245,16.299,12.753,78.242,2.046,50.879,56208.589,8306.02,22466.527,1558.21,2300.718,34631.475,0,0,0,0,0,521:53:00,00:00,00:00,81:28:00,83:00:00,685:31:00
ingenio queseria s.a. de c.v.,2012-2013,39,1570323.0,1512902.002,16930.65,171065.8,0.0,116139.95,54925.85,0.0,0,73134.975,0.0,0.0,82.886,99.644,95.909,26.475,12.235,13.218,16.28,12.723,78.146,2.042,50.913,57420.998,8490.913,23073.572,1607.137,2350.593,35522.215,0,0,0,0,0,534:38:00,00:00,00:00,92:58:00,111:35:00,739:11:00
ingenio queseria s.a. de c.v.,2012-2013,40,1595992.0,1538571.002,17317.336,173978.0,0.0,119052.15,54925.85,0.0,0,0.0,0.0,0.0,0.0,0.0,0.0,0.0,0.0,0.0,0.0,0.0,0.0,0.0,0.0,0.0,0.0,0.0,0.0,0.0,0.0,0,0,0,0,0,00:00,00:00,00:00,00:00,00:00,00:00
ingenio queseria s.a. de c.v.,2012-2013,41,1600424.272,1542002.082,17892.45,175215.15,0.0,120289.3,54925.85,0.0,0,75382.808,108.307865,112.411,82.759,99.68,95.911,26.513,12.247,13.187,16.256,12.688,78.05,2.034,50.946,58422.19,8630.679,23675.733,1688.848,2389.467,36384.727,0,0,0,0,0,548:42:00,00:00,00:00,134:10:00,183:55:00,866:47:00
fideicomiso ingenio san cristobal,2012-2013,11,137196.585,132813.332,1810.46,9523.65,9523.65,0.0,0.0,0.0,0,2373.336,0.0,0.0,78.546,93.681,93.633,28.536,12.11,12.43,15.53,12.42,79.97,2.77,53.51,4383.253,1085.371,1654.165,120.886,796.812,3657.234,496000,1856262,0,0,2352262,51:40:00,02:21,00:00,05:24,00:00,59:26:00
fideicomiso ingenio san cristobal,2012-2013,12,229625.78,222069.61,3150.04,18344.2,18344.2,0.0,0.0,0.0,0,5270.038,0.0,0.0,78.729,95.698,93.878,28.151,12.19,12.37,15.24,12.14,79.62,2.69,52.76,7556.17,1739.106,2739.793,202.479,1361.243,6042.621,496000,3217478,0,0,3713478,97:26:00,06:28,00:00,05:26,00:00,109:22:00
fideicomiso ingenio san cristobal,2012-2013,13,343630.93,332190.159,4746.66,29802.6,29802.6,0.0,0.0,0.0,0,8912.466,0.0,0.0,79.239,96.54,94.049,27.614,12.21,12.36,15.18,12.04,79.33,2.66,51.87,11440.771,2527.103,4019.521,316.584,1953.134,8816.342,496000,3897974,0,0,4393974,120:55:00,11:10,00:00,05:30,00:00,137:36:00
fideicomiso ingenio san cristobal,2012-2013,14,427503.01,413282.291,5974.75,38283.45,38283.45,0.0,0.0,0.0,0,12158.687,0.0,0.0,79.423,97.093,94.087,27.537,12.25,12.29,15.04,11.9,79.15,2.64,51.63,14220.719,3105.414,4959.625,384.518,2357.246,10806.803,496000,5019318,0,0,5515318,136:15:00,14:10,00:00,05:41,42:34:00,198:42:00
fideicomiso ingenio san cristobal,2012-2013,15,523675.645,506109.029,7362.23,48559.7,48559.7,0.0,0.0,0.0,0,15983.912,0.0,0.0,79.758,97.186,94.029,27.606,12.39,12.25,14.98,11.85,79.08,2.65,51.22,17566.616,3829.589,6005.35,451.757,2695.366,12982.062,496000,5952387,0,0,6448387,180:45:00,16:29,00:00,05:44,42:34:00,245:33:00
fideicomiso ingenio san cristobal,2012-2013,16,631147.87,609696.742,8749.71,59068.6,59068.6,0.0,0.0,0.0,0,19506.922,0.0,0.0,80.195,97.001,93.938,27.751,12.412,12.269,14.99,11.88,79.274,2.68,51.31,21451.128,4694.094,7199.677,517.426,2924.511,15335.708,496000,6526611,0,0,7022611,208:06:00,21:32,00:00,06:08,42:34:00,278:21:00
fideicomiso ingenio san cristobal,2012-2013,17,724364.155,699705.101,10239.39,68895.4,68895.4,0.0,0.0,0.0,0,23419.524,0.0,0.0,80.516,97.44,94.026,27.474,12.343,12.288,14.95,11.86,79.332,2.67,51.11,24659.054,5317.401,8303.414,563.195,3158.906,17342.916,496000,7524465,0,0,8020465,232:30:00,23:01,00:00,28:07:00,42:34:00,326:13:00
fideicomiso ingenio san cristobal,2012-2013,18,812420.44,784619.328,11548.14,78448.2,78448.2,0.0,0.0,0.0,0,26618.92,0.0,0.0,80.778,97.442,94.015,27.499,12.349,12.317,14.97,11.88,79.373,2.68,51.11,27801.112,5989.204,9309.755,636.512,3299.632,19235.103,496000,8702803,0,0,9198803,254:15:00,23:34,00:00,55:27:00,46:46:00,380:30:00
fideicomiso ingenio san cristobal,2012-2013,19,914858.92,883467.115,13039.8,88762.45,88762.45,0.0,0.0,0.0,0,30218.44,0.0,0.0,80.942,97.289,93.992,27.54,12.392,12.32,15.0,11.9,79.329,2.69,51.0,31391.805,6771.738,10440.339,728.161,3539.816,21480.054,496000,9899921,0,0,10395921,277:00:00,26:32:00,00:00,55:52:00,60:05:00,419:31:00
fideicomiso ingenio san cristobal,2012-2013,20,1020816.815,985488.634,14609.88,99911.35,99911.35,0.0,0.0,0.0,0,33792.689,0.0,0.0,81.062,97.148,93.894,27.818,12.514,12.343,15.03,11.93,79.392,2.71,50.98,35328.181,7693.539,11607.559,793.921,3767.269,23862.288,496000,10589024,0,0,11085024,302:52:00,27:28:00,00:00,59:38:00,60:50:00,450:40:00
fideicomiso ingenio san cristobal,2012-2013,21,1120180.85,1081274.191,16054.89,110789.85,110789.85,0.0,0.0,0.0,0,37441.217,0.0,0.0,81.229,97.127,93.901,27.834,12.515,12.367,15.05,11.96,79.434,2.71,50.99,38906.659,8448.122,12719.153,852.833,3982.871,26002.979,496000,10937128,0,0,11433128,336:18:00,28:17:00,00:00,59:54:00,61:10:00,485:41:00
fideicomiso ingenio san cristobal,2012-2013,22,1211591.405,1169247.909,17413.01,120245.8,120245.8,0.0,0.0,0.0,0,40764.448,0.0,0.0,81.289,97.302,93.921,27.768,12.452,12.37,15.06,11.94,79.266,2.71,51.11,42343.496,9110.516,13823.659,904.0,4205.378,28043.553,496000,11718668,0,0,12214668,361:59:00,28:48:00,00:00,60:05:00,76:58:00,527:51:00
fideicomiso ingenio san cristobal,2012-2013,23,1316028.745,1269682.411,18953.46,130954.8,130954.8,0.0,0.0,0.0,0,44189.792,0.0,0.0,81.381,97.387,93.946,27.852,12.447,12.403,15.11,11.96,79.19,2.7,51.28,46346.334,9881.349,15070.611,967.029,4472.476,30391.465,496000,12335565,0,0,12831565,383:25:00,32:52:00,00:00,60:13:00,79:10:00,555:41:00
fideicomiso ingenio san cristobal,2012-2013,24,1425420.355,1375025.943,20685.35,142897.1,142897.1,0.0,0.0,0.0,0,48371.807,0.0,0.0,81.5,97.399,93.951,27.874,12.445,12.456,15.16,12.02,79.24,2.7,51.31,50394.412,10740.512,16334.875,1041.996,4729.027,32846.41,496000,12775634,0,0,13271634,409:15:00,33:22:00,00:00,60:19:00,79:10:00,582:07:00
fideicomiso ingenio san cristobal,2012-2013,25,1529661.575,1475461.923,22278.29,154672.95,154672.95,0.0,0.0,0.0,0,52594.379,0.0,0.0,81.59,97.381,93.936,27.97,12.487,12.513,15.23,12.07,79.27,2.71,51.31,54199.652,11606.604,17555.687,1122.863,4952.899,35238.053,496000,13167287,0,0,13663287,435:50:00,33:51:00,00:00,60:40:00,79:10:00,609:33:00
fideicomiso ingenio san cristobal,2012-2013,26,1626890.475,1569227.211,23688.68,164518.3,164518.3,0.0,0.0,0.0,0,56535.006,0.0,0.0,81.616,97.371,93.924,28.0,12.51,12.54,15.27,12.1,79.25,2.72,51.27,57663.264,12397.137,18738.805,1207.87,5167.96,37511.772,496000,13489773,0,0,13985773,450:40:00,34:08:00,00:00,61:01:00,103:29:00,649:20:00
fideicomiso ingenio san cristobal,2012-2013,27,1730297.275,1668795.255,25288.0,175315.65,175315.65,0.0,0.0,0.0,0,60539.672,0.0,0.0,81.636,97.339,93.873,28.061,12.531,12.572,15.29,12.12,79.27,2.75,51.25,61502.02,13328.486,19938.478,1297.406,5381.064,39945.434,496000,13789093,0,0,14285093,477:41:00,35:24:00,00:00,61:20:00,103:29:00,677:55:00
fideicomiso ingenio san cristobal,2012-2013,28,1832533.95,1767298.246,26938.56,186166.75,186166.75,0.0,0.0,0.0,0,64174.539,0.0,0.0,81.669,97.363,93.816,28.136,12.556,12.61,15.33,12.15,79.27,2.77,51.25,65235.704,14290.718,21077.435,1368.724,5621.918,42358.795,496000,14248926,0,0,14744926,506:33:00,35:43:00,00:00,61:46:00,103:29:00,707:34:00
fideicomiso ingenio san cristobal,2012-2013,29,1918929.435,1850562.146,28516.17,195694.4,195694.4,0.0,0.0,0.0,0,67559.294,0.0,0.0,81.665,97.399,93.787,28.204,12.59,12.641,15.36,12.17,79.227,2.79,51.21,68367.289,15071.376,22131.15,1434.42,5838.728,44475.674,496000,14851489,0,0,15347489,556:22:00,36:18:00,00:00,62:04:00,103:29:00,758:15:00
fideicomiso ingenio san cristobal,2012-2013,30,2020203.82,1948154.053,30262.51,206200.0,206200.0,0.0,0.0,0.0,0,71657.29,0.0,0.0,81.668,97.392,93.775,28.271,12.626,12.663,15.4,12.19,79.168,2.79,51.19,72049.767,15925.145,23392.956,1496.343,6082.912,46897.356,496000,15466321,0,0,15962321,586:50:00,36:26:00,00:00,62:28:00,103:29:00,789:16:00
fideicomiso ingenio san cristobal,2012-2013,31,2105014.74,2029779.222,31814.38,214477.2,214477.2,0.0,0.0,0.0,0,74663.512,0.0,0.0,81.657,97.238,93.729,28.329,12.641,12.68,15.45,12.22,79.095,2.81,51.2,75235.518,16738.869,24394.877,1543.781,6281.898,48959.425,496000,15906446,0,0,16402446,634:53:00,38:00:00,00:00,62:43:00,103:29:00,838:16:00
fideicomiso ingenio san cristobal,2012-2013,32,2205360.16,2126438.5,33590.96,224222.75,224222.75,0.0,0.0,0.0,0,78333.994,0.0,0.0,81.556,97.007,93.628,28.41,12.656,12.681,15.5,12.24,78.944,2.84,51.21,78921.66,17821.361,25566.651,1613.444,6580.347,51581.803,496000,16687428,0,0,17183428,666:57:00,37:50:00,00:00,62:54:00,103:29:00,871:12:00
fideicomiso ingenio san cristobal,2012-2013,33,2302102.045,2219544.748,35495.41,234103.2,234103.2,0.0,0.0,0.0,0,82360.662,0.0,0.0,81.435,96.919,93.546,28.46,12.658,12.687,15.54,12.25,78.806,2.88,51.23,82557.297,18849.347,26787.723,1667.156,6917.482,54221.708,496000,17244621,0,0,17740621,693:53:00,41:10:00,00:00,66:37:00,103:29:00,905:10:00
fideicomiso ingenio san cristobal,2012-2013,34,2391642.185,2305737.787,37246.67,243299.1,243299.1,0.0,0.0,0.0,0,87195.73,0.0,0.0,81.138,96.876,93.452,28.539,12.682,12.688,15.57,12.24,78.604,2.91,51.2,85904.398,19871.409,28268.563,1723.431,7373.677,57237.08,496000,17923117,0,0,18419117,732:08:00,44:07:00,00:00,66:50:00,103:29:00,946:35:00
fideicomiso ingenio san cristobal,2012-2013,35,2470163.315,2381627.844,38869.82,250157.05,250157.05,0.0,0.0,0.0,0,90858.171,0.0,0.0,80.915,96.772,93.387,28.61,12.705,12.649,15.57,12.21,78.4,2.92,51.2,88535.471,20661.564,29429.744,1790.65,7746.387,59628.345,496000,18974822,0,0,19470822,752:52:00,44:09:00,00:00,67:40:00,136:17:00,1000:60
fideicomiso ingenio san cristobal,2012-2013,36,2534354.155,2443101.771,40227.62,254442.9,254442.9,0.0,0.0,0.0,0,94249.225,0.0,0.0,80.639,96.694,93.352,28.653,12.726,12.605,15.56,12.17,78.216,2.92,51.19,91252.384,21237.661,30610.959,1856.307,8145.918,61850.845,496000,19574969,0,0,20070969,806:56:00,45:50:00,00:00,72:57:00,151:21:00,1077:05:00
fideicomiso ingenio san cristobal,2012-2013,37,2615918.59,2524666.206,41894.582,261108.1,261108.1,0.0,0.0,0.0,0,98401.752,0.0,0.0,0.0,0.0,0.0,0.0,12.76,12.556,0.0,0.0,78.087,0.0,0.0,0.0,0.0,0.0,0.0,0.0,0.0,496000,20713900,0,0,21209900,833:16:00,46:24:00,00:00,78:40:00,163:29:00,1121:50:00
fideicomiso ingenio san cristobal,2012-2013,38,2661679.185,2564586.273,43008.82,266018.4,266018.4,0.0,0.0,0.0,0,102802.211,102.485211,106.365,79.747,96.501,93.26,28.79,12.766,12.522,15.506,12.102,78.045,2.932,51.23,97092.912,22465.055,33169.578,2093.517,9774.66,67502.81,496000,21174200,187625,0,21857825,865:39:00,46:24:00,00:00,78:56:00,180:17:00,1171:18:00
ingenio san francisco ameca s.a. de c.v.,2012-2013,9,45200.0,43706.96,533.0,3207.0,0.0,540.0,2667.0,0.0,0,579.091,0.0,0.0,81.674,98.158,96.348,25.658,11.397,12.153,15.18,11.929,78.583,1.73,53.077,1493.04,200.635,634.134,37.113,134.819,1006.701,0,0,0,0,0,01:05,00:00,00:00,01:00,00:00,02:05
ingenio san francisco ameca s.a. de c.v.,2012-2013,10,93440.0,90319.858,999.0,7972.5,0.0,540.0,7432.5,0.0,0,2267.479,0.0,0.0,82.156,97.913,96.41,25.551,11.411,12.202,15.266,12.015,78.702,1.714,52.842,3120.142,409.382,1266.02,74.087,285.079,2034.568,0,0,0,0,0,02:05,00:00,00:00,01:00,00:00,03:05
ingenio san francisco ameca s.a. de c.v.,2012-2013,11,140210.0,135483.813,1500.0,13170.0,0.0,723.0,12447.0,0.0,0,4244.307,0.0,0.0,82.815,97.592,96.466,25.53,11.484,12.337,15.393,12.195,79.221,1.708,52.542,4726.187,611.38,1822.612,110.832,427.768,2972.592,0,0,0,0,0,03:34,00:00,00:00,03:05,00:00,06:39
ingenio san francisco ameca s.a. de c.v.,2012-2013,12,185980.0,179675.317,1972.0,18252.0,0.0,801.0,17451.0,0.0,0,6295.428,0.0,0.0,83.421,97.543,96.501,25.564,11.524,12.458,15.481,12.324,79.608,1.705,52.455,6304.683,810.777,2325.288,146.583,558.436,3841.084,0,0,0,0,0,17:08,00:35,00:00,03:05,00:00,20:48
ingenio san francisco ameca s.a. de c.v.,2012-2013,13,236010.0,228021.729,2510.0,23749.5,0.0,801.0,22948.5,0.0,0,8759.928,0.0,0.0,83.763,97.773,96.539,25.583,11.55,12.589,15.561,12.43,79.881,1.703,52.403,7988.271,1028.448,2915.991,182.678,697.093,4824.21,0,0,0,0,0,17:43,00:35,00:00,06:07,00:00,24:25:00
ingenio san francisco ameca s.a. de c.v.,2012-2013,14,250768.0,242310.335,2693.0,26211.0,0.0,801.0,25410.0,0.0,0,10224.905,0.0,0.0,83.862,97.947,96.548,25.568,11.548,12.616,15.556,12.435,79.941,1.703,52.386,8457.665,1091.958,3086.604,194.533,732.187,5105.282,0,0,0,0,0,17:43,00:35,00:00,06:07,117:25:00,141:50:00
ingenio san francisco ameca s.a. de c.v.,2012-2013,15,282228.0,272816.699,3010.0,29071.5,0.0,1212.0,27859.5,0.0,0,11699.85,0.0,0.0,84.006,97.999,96.563,25.518,11.57,12.647,15.54,12.461,80.191,1.703,52.211,9411.311,1226.716,3459.25,221.85,800.957,5708.773,0,0,0,0,0,18:43,00:41,00:00,06:07,169:50:00,195:21:00
ingenio san francisco ameca s.a. de c.v.,2012-2013,16,329678.0,318810.868,3453.0,34515.0,0.0,1212.0,33303.0,0.0,0,13863.068,0.0,0.0,84.279,98.137,96.601,25.342,11.54,12.696,15.518,12.498,80.539,1.702,52.019,10867.132,1422.577,4021.284,259.849,876.848,6580.558,0,0,0,0,0,20:09,00:41,00:00,06:07,169:50:00,196:47:00
ingenio san francisco ameca s.a. de c.v.,2012-2013,17,379868.0,367341.695,3958.0,40216.5,0.0,1212.0,39004.5,0.0,0,16021.37,0.0,0.0,84.529,98.295,96.634,25.224,11.526,12.758,15.517,12.542,80.828,1.702,51.87,12526.305,1631.179,4615.795,302.158,948.508,7497.64,0,0,0,0,0,21:48,00:56,00:00,07:19,169:50:00,199:53:00
ingenio san francisco ameca s.a. de c.v.,2012-2013,18,429038.0,414858.852,4442.0,46029.0,0.0,1222.5,44806.5,0.0,0,17960.085,0.0,0.0,84.759,98.513,96.665,25.155,11.524,12.838,15.526,12.597,81.131,1.702,51.755,14179.148,1836.89,5193.627,342.105,1021.597,8394.219,0,0,0,0,0,25:33:00,0.083333333,00:00,07:19,169:50:00,203:48:00
ingenio san francisco ameca s.a. de c.v.,2012-2013,19,475798.0,460015.783,4930.0,51640.5,0.0,1222.5,50418.0,0.0,0,19754.333,0.0,0.0,84.962,98.677,96.691,25.108,11.527,12.926,15.557,12.666,81.413,1.703,51.661,15782.217,2035.004,5738.589,381.057,1093.738,9248.388,0,0,0,0,0,35:08:00,01:06,00:00,08:22,169:50:00,214:26:00
ingenio san francisco ameca s.a. de c.v.,2012-2013,20,520808.0,503465.533,5398.0,57063.0,0.0,1222.5,55840.5,0.0,0,21684.931,0.0,0.0,85.167,98.809,96.723,25.051,11.523,13.024,15.616,12.749,81.646,1.703,51.573,17342.467,2222.607,6255.297,416.556,1167.269,10061.729,0,0,0,0,0,54:09:00,0.083333333,00:00,08:22,169:50:00,233:27:00
ingenio san francisco ameca s.a. de c.v.,2012-2013,21,569518.0,550483.202,5915.0,63244.8,0.0,1359.0,61885.8,0.0,0,23906.453,0.0,0.0,85.346,99.026,96.76,24.985,11.526,13.143,15.676,12.842,81.919,1.704,51.445,19034.798,2425.568,6853.601,454.357,1235.314,10968.84,0,0,0,0,0,59:14:00,01:06,00:00,10:02,169:50:00,240:12:00
ingenio san francisco ameca s.a. de c.v.,2012-2013,22,618760.0,598033.025,6438.0,69601.8,0.0,1359.0,68242.8,0.0,0,25798.382,0.0,0.0,85.536,99.236,96.79,24.927,11.532,13.266,15.746,12.939,82.176,1.708,51.311,20726.975,2634.969,7434.278,494.108,1309.599,11872.954,0,0,0,0,0,61:16:00,04:32,00:00,10:02,169:50:00,245:40:00
ingenio san francisco ameca s.a. de c.v.,2012-2013,23,665190.0,642867.647,6959.0,75648.3,0.0,2329.5,73318.8,0.0,0,27825.314,0.0,0.0,85.693,99.361,96.804,24.886,11.539,13.385,15.828,13.04,82.388,1.719,51.2,22322.353,2845.576,7988.241,529.054,1375.19,12738.061,0,0,0,0,0,76:07:00,04:46,00:00,10:02,169:50:00,260:45:00
ingenio san francisco ameca s.a. de c.v.,2012-2013,24,715190.0,691154.029,7474.0,82246.0,0.0,3093.0,79153.0,0.0,0,29913.599,0.0,0.0,85.822,99.584,96.805,24.858,11.549,13.496,15.886,13.12,82.586,1.734,51.092,24035.971,3083.971,8593.947,565.842,1441.594,13685.354,0,0,0,0,0,78:19:00,04:56,00:00,10:22,169:50:00,263:27:00
ingenio san francisco ameca s.a. de c.v.,2012-2013,25,765240.0,739486.833,7997.0,88849.4,0.0,3093.0,85756.4,0.0,0,31917.032,0.0,0.0,85.939,99.838,96.806,24.843,11.562,13.612,15.945,13.198,82.774,1.75,50.999,25753.167,3327.021,9208.092,601.913,1508.853,14645.879,0,0,0,0,0,79:51:00,05:14,00:00,10:22,169:50:00,265:17:00
ingenio san francisco ameca s.a. de c.v.,2012-2013,26,804270.0,777136.894,8421.0,93921.5,0.0,3477.6,90443.9,0.0,0,33577.155,0.0,0.0,86.013,100.001,96.807,24.831,11.569,13.694,15.993,13.256,82.89,1.761,50.933,27096.706,3516.925,9695.824,631.369,1560.477,15404.595,0,0,0,0,0,111:23:00,05:24,00:00,10:22,169:50:00,296:59:00
ingenio san francisco ameca s.a. de c.v.,2012-2013,27,852630.0,823829.756,8957.0,100325.8,0.0,4036.2,96289.6,0.0,0,35641.869,0.0,0.0,86.09,100.165,96.808,24.799,11.57,13.787,16.053,13.325,83.004,1.774,50.855,28763.844,3752.495,10304.688,667.033,1626.69,16350.906,0,0,0,0,0,117:28:00,05:30,00:00,10:22,169:50:00,303:10:00
ingenio san francisco ameca s.a. de c.v.,2012-2013,28,900480.0,870019.858,9480.0,106570.9,0.0,4142.7,102428.2,0.0,0,37959.356,0.0,0.0,86.13,100.384,96.814,24.747,11.561,13.862,16.089,13.369,83.094,1.784,50.785,30423.742,3977.307,10933.428,700.461,1701.797,17312.993,0,0,0,0,0,124:05:00,05:49,00:00,10:22,169:50:00,310:06:00
ingenio san francisco ameca s.a. de c.v.,2012-2013,29,948350.0,916238.129,10047.0,112738.9,0.0,4142.7,108596.2,0.0,0,40142.722,0.0,0.0,86.16,100.568,96.818,24.705,11.554,13.928,16.127,13.408,83.144,1.793,50.723,32075.471,4202.745,11573.327,735.641,1768.343,18280.056,0,0,0,0,0,130:28:00,06:34,00:00,10:22,169:50:00,317:14:00
ingenio san francisco ameca s.a. de c.v.,2012-2013,30,997190.0,963412.218,10575.0,119253.4,0.0,4250.7,115002.7,0.0,0,42215.256,0.0,0.0,86.141,100.742,96.822,24.675,11.552,13.99,16.173,13.446,83.138,1.801,50.665,33741.382,4433.078,12271.784,770.163,1860.158,19335.183,0,0,0,0,0,134:41:00,06:34,00:00,10:40,169:50:00,321:45:00
ingenio san francisco ameca s.a. de c.v.,2012-2013,31,1044900.0,1009484.438,11105.0,125673.4,0.0,4337.7,121335.7,0.0,0,44426.231,0.0,0.0,86.136,100.871,96.811,24.657,11.55,14.048,16.215,13.482,83.145,1.817,50.619,35379.162,4681.16,12945.057,804.03,1920.379,20350.626,0,0,0,0,0,141:52:00,06:39,00:00,11:48,169:50:00,330:09:00
ingenio san francisco ameca s.a. de c.v.,2012-2013,32,1092330.0,1055292.294,11646.0,131911.9,0.0,4337.7,127574.2,0.0,0,46672.447,0.0,0.0,86.164,100.997,96.813,24.632,11.547,14.101,16.258,13.517,83.14,1.824,50.575,37001.306,4908.631,13596.064,837.498,1969.093,21311.286,0,0,0,0,0,148:21:00,07:08,00:00,12:15,169:50:00,337:34:00
ingenio san francisco ameca s.a. de c.v.,2012-2013,33,1133910.0,1095469.817,12155.0,137814.4,0.0,4487.7,133326.7,0.0,0,48789.943,0.0,0.0,86.182,101.038,96.813,24.611,11.544,14.137,16.291,13.546,83.15,1.83,50.539,38403.783,5109.016,14164.289,866.108,2011.021,22150.434,0,0,0,0,0,172:37:00,07:08,00:00,12:15,169:50:00,361:50:00
ingenio san francisco ameca s.a. de c.v.,2012-2013,34,1172550.0,1132821.279,12610.0,142482.4,0.0,4667.7,137814.7,0.0,0,50706.812,0.0,0.0,86.173,101.101,96.805,24.606,11.546,14.173,16.324,13.571,83.132,1.84,50.508,39692.321,5309.93,14711.111,892.566,2065.17,22978.777,0,0,0,0,0,208:01:00,07:40,00:00,12:15,169:50:00,397:46:00
ingenio san francisco ameca s.a. de c.v.,2012-2013,35,1221380.0,1180003.238,13176.0,148695.4,0.0,4667.7,144027.7,0.0,0,53014.97,0.0,0.0,86.157,101.17,96.793,24.596,11.545,14.2,16.346,13.586,83.114,1.851,50.475,41340.362,5562.761,15390.321,925.864,2129.373,24008.319,0,0,0,0,0,211:45:00,08:05,00:00,12:15,169:50:00,401:55:00
ingenio san francisco ameca s.a. de c.v.,2012-2013,36,1268700.0,1227323.238,13686.464,150043.0,0.0,4667.7,145375.3,0.0,0,0.0,0.0,0.0,0.0,0.0,0.0,0.0,0.0,0.0,0.0,0.0,0.0,0.0,0.0,0.0,0.0,0.0,0.0,0.0,0.0,0,0,0,0,0,00:00,00:00,00:00,00:00,00:00,00:00
ingenio san francisco ameca s.a. de c.v.,2012-2013,37,1278909.224,1235879.667,13946.04,156810.4,0.0,5303.7,151506.7,0.0,0,56495.788,121.372536,125.598,86.138,101.224,96.775,24.602,11.544,14.208,16.34,13.583,83.131,1.862,50.475,43029.557,5859.796,16198.251,963.04,2165.878,25186.965,0,0,0,0,0,213:26:00,08:15,00:00,19:55,169:50:00,411:26:00
ingenio nuevo san francisco s.a. de c.v.,2012-2013,15,25405.0,24379.39,451.523,904.85,0.0,904.85,0.0,0.0,0,350.9,0.0,0.0,73.711,81.351,92.268,28.061,12.582,10.863,16.82,12.32,73.239,2.99,50.57,1438.674,213.369,361.556,55.662,94.914,725.501,0,37000,0,0,37000,114:20:00,00:35,29:45:00,31:15:00,86:50:00,262:45:00
ingenio nuevo san francisco s.a. de c.v.,2012-2013,16,43122.0,41206.427,558.523,2134.65,0.0,2134.65,0.0,0.0,0,1216.27,0.0,0.0,73.049,82.47,92.22,28.542,12.86,10.872,16.59,12.16,73.266,2.96,50.36,2328.637,364.722,645.873,107.153,145.748,1263.496,0,40654,64500,0,105154,138:05:00,01:05,29:45:00,58:15:00,131:45:00,358:55:00
ingenio nuevo san francisco s.a. de c.v.,2012-2013,17,59856.0,57101.681,739.223,3527.4,0.0,3527.4,0.0,0.0,0,1680.065,0.0,0.0,73.82,84.514,92.524,28.437,12.901,10.888,16.23,11.92,73.439,2.86,50.18,3167.383,487.217,902.221,140.664,176.105,1706.207,0,77024,99280,0,176304,151:40:00,02:40,29:45:00,58:40:00,218:15:00,460:60
ingenio nuevo san francisco s.a. de c.v.,2012-2013,18,81964.0,78095.335,943.223,5435.3,0.0,5435.3,0.0,0.0,0,2405.09,0.0,0.0,73.804,85.019,92.575,28.487,12.96,10.91,16.14,11.88,73.628,2.84,50.07,4281.729,663.989,1268.719,173.253,236.553,2342.514,10000,183968,131402,0,325370,189:50:00,04:35,29:45:00,60:15:00,254:25:00,538:50:00
ingenio nuevo san francisco s.a. de c.v.,2012-2013,19,104764.0,99732.976,1150.223,7259.55,0.0,7259.55,0.0,0.0,0,3009.928,0.0,0.0,73.958,86.045,92.439,28.547,12.99,10.876,15.88,11.68,73.596,2.88,49.98,5444.088,861.448,1599.403,211.603,294.707,2967.161,10000,240958,151368,0,402326,215:50:00,05:25,29:45:00,61:35:00,301:40:00,614:15:00
ingenio nuevo san francisco s.a. de c.v.,2012-2013,20,123974.0,117908.127,1383.923,8893.7,0.0,8893.7,0.0,0.0,0,3694.069,0.0,0.0,74.188,86.972,92.316,28.662,13.04,10.85,15.64,11.52,73.646,2.91,49.94,6302.088,1033.622,1842.116,262.984,333.336,3472.058,10000,267483,161368,0,438851,279:55:00,05:25,29:45:00,67:03:00,313:50:00,696:25:00
ingenio nuevo san francisco s.a. de c.v.,2012-2013,21,145314.0,137927.944,1647.923,10660.45,0.0,10660.45,0.0,0.0,0,4475.281,0.0,0.0,74.261,87.263,92.186,28.815,13.098,10.841,15.54,11.45,73.698,2.94,49.92,7622.271,1230.993,2132.466,307.335,383.872,4054.666,10000,302155,174968,0,487123,316:15:00,05:25,29:45:00,68:20:00,352:10:00,771:55:00
ingenio nuevo san francisco s.a. de c.v.,2012-2013,22,166714.0,157977.592,1912.923,12356.75,0.0,12356.75,0.0,0.0,0,5586.69,0.0,0.0,74.122,87.331,92.146,28.863,13.134,10.858,15.5,11.46,73.896,2.96,49.92,8972.623,1421.832,2458.431,362.015,442.278,4684.556,10000,303552,174968,0,488520,341:50:00,05:25,29:45:00,81:30:00,382:30:00,841:00:00
ingenio nuevo san francisco s.a. de c.v.,2012-2013,23,186564.0,176698.416,2100.423,13979.15,0.0,13979.15,0.0,0.0,0,6239.501,0.0,0.0,74.35,87.267,92.135,28.84,13.11,10.898,15.51,11.51,74.205,2.97,49.93,10101.799,1599.145,2699.261,425.943,490.85,5215.199,10000,337464,174968,0,522432,392:55:00,05:25,29:45:00,84:10:00,406:30:00,918:45:00
ingenio nuevo san francisco s.a. de c.v.,2012-2013,24,210714.0,199502.817,2439.273,15944.55,0.0,15944.55,0.0,0.0,0,7109.354,0.0,0.0,74.269,87.31,92.074,28.804,13.061,10.954,15.5,11.55,74.528,3.01,49.96,11447.398,1829.528,3068.053,487.101,554.291,5938.973,10000,402919,174968,0,587887,438:55:00,15:55,29:45:00,85:20:00,407:30:00,977:25:00
ingenio nuevo san francisco s.a. de c.v.,2012-2013,25,225084.0,212975.504,2660.273,16972.75,0.0,16972.75,0.0,0.0,0,7750.037,0.0,0.0,74.057,87.455,92.037,28.75,13.032,10.954,15.41,11.53,74.83,3.03,49.96,12344.711,1963.538,3288.305,521.585,623.222,6396.65,10000,451386,208968,0,670354,528:40:00,15:55,29:45:00,97:00:00,407:30:00,1078:50:00
ingenio nuevo san francisco s.a. de c.v.,2012-2013,26,241334.0,228296.022,2836.273,17971.65,0.0,17971.65,0.0,0.0,0,8761.264,0.0,0.0,73.668,87.606,91.975,28.72,13.023,10.909,15.23,11.45,75.2,3.05,49.96,13274.193,2112.851,3553.134,576.609,690.166,6932.76,29501,547551,262063,0,839115,592:40:00,15:55,29:45:00,98:15:00,429:00:00,1165:35:00
ingenio nuevo san francisco s.a. de c.v.,2012-2013,27,260234.0,246346.291,3164.41,19461.0,0.0,19461.0,0.0,0.0,0,9632.596,0.0,0.0,73.588,87.637,91.931,28.673,13.012,10.915,15.14,11.45,75.618,3.07,49.94,14254.693,2291.986,3832.002,628.915,749.029,7501.932,29501,606212,277934,0,913647,668:05:00,15:55,29:45:00,110:40:00,429:00:00,1253:25:00
ingenio nuevo san francisco s.a. de c.v.,2012-2013,28,283284.0,268401.797,3595.273,21632.45,0.0,21632.45,0.0,0.0,0,10711.57,0.0,0.0,73.857,87.8,91.889,28.635,12.998,10.944,15.07,11.45,75.981,3.1,49.93,15324.305,2514.752,4112.202,675.906,802.238,8105.098,39650,618351,280944,0,938945,692:50:00,15:55,29:45:00,157:05:00,429:00:00,1324:35:00
ingenio nuevo san francisco s.a. de c.v.,2012-2013,29,302584.0,286292.596,3964.273,23180.7,0.0,23180.7,0.0,0.0,0,11597.758,0.0,0.0,73.82,87.878,91.826,28.63,12.987,10.953,15.02,11.45,76.197,3.13,49.92,16527.619,2708.998,4384.423,726.36,856.608,8676.389,39650,671044,280944,0,991638,742:35:00,15:55,29:45:00,190:25:00,429:00:00,1407:40:00
ingenio nuevo san francisco s.a. de c.v.,2012-2013,30,323234.0,305712.793,4203.273,24834.7,0.0,24834.7,0.0,0.0,0,12567.623,0.0,0.0,73.637,87.922,91.745,28.701,13.001,10.959,14.96,11.44,76.464,3.15,49.92,17757.422,2924.477,4706.467,799.871,908.129,9338.944,46874,750305,280944,0,1078123,806:20:00,16:35,29:45:00,208:00:00,429:00:00,1488:50:00
ingenio nuevo san francisco s.a. de c.v.,2012-2013,31,338384.0,319957.994,4386.71,25904.6,0.0,25904.6,0.0,0.0,0,13233.303,0.0,0.0,73.439,87.751,91.654,28.781,13.02,10.955,14.95,11.44,76.534,3.18,49.94,18662.221,3093.614,4948.822,851.174,952.029,9845.639,46874,853699,293944,0,1194517,837:50:00,17:30,29:45:00,276:50:00,429:00:00,1591:00:00
ingenio nuevo san francisco s.a. de c.v.,2012-2013,32,354784.0,335468.421,4650.21,26946.0,0.0,26946.0,0.0,0.0,0,14004.287,0.0,0.0,73.144,87.671,91.535,28.878,13.048,10.921,14.888,11.403,76.592,3.201,49.98,19551.794,3280.107,5223.301,905.44,997.204,10406.052,46874,901273,337330,0,1285477,860:55:00,17:30,29:45:00,349:50:00,430:05:00,1688:05:00
ingenio nuevo san francisco s.a. de c.v.,2012-2013,33,363834.0,344031.755,4798.21,27582.35,0.0,27582.35,0.0,0.0,0,14424.632,0.0,0.0,73.035,87.575,91.464,28.967,13.08,10.91,14.87,11.39,76.62,3.22,50.0,20038.46,3387.836,5355.381,935.559,1022.646,10701.422,46874,936567,362330,0,1345771,878:30:00,19:50,29:45:00,460:00:00,430:05:00,1818:10:00
ingenio nuevo san francisco s.a. de c.v.,2012-2013,34,376184.0,355563.248,4991.41,28433.3,0.0,28433.3,0.0,0.0,0,15130.069,0.0,0.0,72.739,87.424,91.354,29.059,13.11,10.88,14.84,11.37,76.62,3.24,50.0,20856.967,3539.01,5574.533,978.598,1066.552,11158.693,46874,966163,380330,0,1393367,897:00:00,19:50,29:45:00,558:25:00,430:05:00,1935:05:00
ingenio nuevo san francisco s.a. de c.v.,2012-2013,35,381384.0,360384.081,5057.41,28676.3,0.0,28676.3,0.0,0.0,0,15422.425,0.0,0.0,72.574,87.362,91.323,29.106,13.126,10.863,14.82,11.36,76.617,3.24,50.01,21236.134,3595.07,5676.471,991.741,1099.392,11362.674,46874,991291,436051,0,1474216,911:40:00,19:50,29:45:00,642:25:00,478:05:00,2081:45:00
ingenio nuevo san francisco s.a. de c.v.,2012-2013,36,386484.0,365031.988,5155.41,28760.75,0.0,28760.75,0.0,0.0,0,15656.88,0.0,0.0,72.365,87.298,91.284,29.156,13.14,10.83,14.81,11.32,76.47,3.24,50.02,21688.227,3647.341,5775.037,1010.396,1132.102,11564.876,46874,1033369,436051,0,1516294,999:25:00,19:50,29:45:00,652:55:00,526:05:00,2228:00:00
ingenio nuevo san francisco s.a. de c.v.,2012-2013,37,401684.0,378921.793,5381.11,29237.8,0.0,29237.8,0.0,0.0,0,16659.803,0.0,0.0,71.564,87.114,91.177,29.313,13.2,10.72,14.73,11.22,76.15,3.23,50.07,22998.422,3798.257,6173.366,1063.958,1205.749,12241.33,46874,1106398,436051,0,1589323,1087:55:00,19:50,29:45:00,664:25:00,526:05:00,2328:00:00
ingenio nuevo san francisco s.a. de c.v.,2012-2013,38,416884.0,394121.793,5584.64,30914.0,0.0,30914.0,0.0,0.0,0,0.0,0.0,0.0,0.0,0.0,0.0,0.0,0.0,0.0,0.0,0.0,0.0,0.0,0.0,0.0,0.0,0.0,0.0,0.0,0.0,0,0,0,0,0,00:00,00:00,00:00,00:00,00:00,00:00
ingenio nuevo san francisco s.a. de c.v.,2012-2013,39,421634.0,398871.793,5652.05,31210.0,0.0,31210.0,0.0,0.0,0,0.0,0.0,0.0,0.0,0.0,0.0,0.0,0.0,0.0,0.0,0.0,0.0,0.0,0.0,0.0,0.0,0.0,0.0,0.0,0.0,0,0,0,0,0,00:00,00:00,00:00,00:00,00:00,00:00
ingenio nuevo san francisco s.a. de c.v.,2012-2013,40,422250.529,399488.322,5661.12,31249.224,0.0,31249.224,0.0,0.0,0,0.0,0.0,0.0,0.0,0.0,0.0,0.0,0.0,0.0,0.0,0.0,0.0,0.0,0.0,0.0,0.0,0.0,0.0,0.0,0.0,0,0,0,0,0,00:00,00:00,00:00,00:00,00:00,00:00
ingenio nuevo san francisco s.a. de c.v.,2012-2013,41,418084.0,393325.0,5381.11,30013.3,0.0,30013.3,0.0,0.0,0,17862.264,81.768524,86.916,70.887,86.981,90.642,29.54,13.274,10.148,13.833,10.575,76.445,3.215,50.14,22998.422,3970.035,6078.984,1126.684,1175.836,12351.539,46874,1283859,556864,0,1887597,1140:50:00,20:00,29:45:00,1032:35:00,670:05:00,2893:15:00
comercializadora san gabriel a en p,2012-2013,23,7591.38,7273.377,135.34,270.42,0.0,270.42,0.0,0.0,0,94.297,0.0,0.0,68.351,76.987,88.034,37.062,17.915,12.595,18.72,14.4,76.945,4.07,46.2,89.034,114.405,109.356,20.123,58.71,302.594,16685,237628,0,0,254313,52:10:00,08:05,00:00,10:20,00:00,70:35:00
comercializadora san gabriel a en p,2012-2013,24,16527.67,15776.79,281.72,721.37,0.0,721.37,0.0,0.0,0,367.696,0.0,0.0,64.89,78.191,88.622,36.966,17.337,12.45,18.52,14.11,76.192,3.83,47.82,750.88,234.114,265.861,46.932,175.53,722.437,16685,356775,0,0,373460,80:55:00,18:15,24:00:00,27:05:00,11:50,162:05:00
comercializadora san gabriel a en p,2012-2013,25,24411.455,23254.597,401.72,1179.12,0.0,1179.12,0.0,0.0,0,767.648,0.0,0.0,64.234,80.277,89.933,36.24,17.19,12.354,18.35,13.84,75.404,3.43,47.73,1156.858,303.612,419.851,72.087,283.08,1078.63,16685,446412,0,0,463097,138:15:00,38:30:00,24:00:00,32:10:00,11:50,244:45:00
comercializadora san gabriel a en p,2012-2013,26,29963.73,28489.551,501.72,1558.92,0.0,1558.92,0.0,0.0,0,1115.35,0.0,0.0,62.538,79.524,89.632,36.326,17.034,12.171,18.39,13.72,74.585,3.47,48.19,1474.179,378.085,512.198,94.862,381.002,1366.147,16685,644406,0,0,661091,211:45:00,38:40:00,24:00:00,55:10:00,17:50,347:25:00
comercializadora san gabriel a en p,2012-2013,27,41561.535,39567.966,678.72,2430.32,0.0,2430.32,0.0,0.0,0,1631.382,0.0,0.0,61.381,78.942,89.965,37.112,17.335,12.052,18.33,13.73,74.933,3.26,48.7,1993.569,502.64,723.378,137.245,571.068,1934.331,16685,748477,0,0,765162,238:05:00,43:25:00,24:00:00,73:00:00,17:50,396:20:00
comercializadora san gabriel a en p,2012-2013,28,52624.815,50090.006,3022.34,3461.42,0.0,3461.42,0.0,0.0,0,2007.012,0.0,0.0,61.151,79.915,90.368,36.894,17.353,12.106,18.18,13.69,75.32,3.16,48.49,2534.809,613.627,943.627,170.274,747.506,2475.034,16685,810615,0,0,827300,285:05:00,47:15:00,24:00:00,88:10:00,17:50,462:20:00
comercializadora san gabriel a en p,2012-2013,29,56857.365,54079.346,3097.09,3821.72,0.0,3821.72,0.0,0.0,0,2293.458,0.0,0.0,61.187,80.007,90.385,36.986,17.399,12.109,18.19,13.68,75.216,3.15,48.47,2778.019,661.976,1020.145,179.571,810.563,2672.255,16685,841360,0,0,858045,403:05:00,54:25:00,24:00:00,88:10:00,17:50,587:30:00
comercializadora san gabriel a en p,2012-2013,30,61712.395,58709.337,3179.97,4049.22,0.0,4049.22,0.0,0.0,0,2688.834,0.0,0.0,60.629,80.209,90.408,37.226,17.536,12.097,18.22,13.64,74.829,3.12,48.42,3003.058,716.097,1116.98,193.305,912.87,2939.252,16685,867152,0,0,883837,517:45:00,55:15:00,24:00:00,94:00:00,17:50,708:00:00
comercializadora san gabriel a en p,2012-2013,31,71529.709,68088.731,3333.0,4757.97,0.0,4757.97,0.0,0.0,0,3127.683,0.0,0.0,60.288,80.439,90.462,37.308,17.568,12.101,18.2,13.61,74.766,3.09,48.42,3440.978,825.632,1296.849,218.399,1096.515,3437.395,16685,868181,0,0,884866,565:50:00,57:35:00,24:00:00,116:55:00,17:50,782:10:00
comercializadora san gabriel a en p,2012-2013,32,76847.329,73175.494,3415.348,5082.92,0.0,5082.92,0.0,0.0,0,3634.016,0.0,0.0,57.26,79.815,90.387,37.906,17.814,12.029,18.25,13.62,74.627,3.05,48.57,3671.835,888.586,1343.532,235.29,1483.327,3950.735,16685,882324,0,0,899009,665:45:00,59:05:00,24:00:00,121:00:00,17:50,887:40:00
comercializadora san gabriel a en p,2012-2013,33,79466.979,75693.02,1251.538,5338.895,0.0,5338.895,0.0,0.0,0,3961.446,92.283343,96.884,55.556,79.815,90.475,37.928,17.835,12.023,18.273,13.629,74.583,3.02,48.59,3773.959,910.086,1415.248,244.638,1676.321,4246.293,16685,897472,0,0,914157,674:05:00,59:40:00,24:00:00,169:20:00,17:50,944:55:00
ingenio san jose de abajo s.a. de c.v.,2012-2013,11,30491.975,30491.975,413.17,2672.75,0.0,2672.75,0.0,0.0,0,782.609,0.0,0.0,80.173,0.0,0.0,0.0,13.72,12.13,0.0,0.0,80.08,0.0,0.0,0.0,202.333,344.443,49.535,136.937,733.248,0,0,0,0,0,00:00,00:00,00:00,00:00,00:00,00:00
ingenio san jose de abajo s.a. de c.v.,2012-2013,12,51817.945,51052.343,918.0,4819.1,0.0,4819.1,0.0,0.0,0,1512.645,0.0,0.0,79.632,93.063,94.163,31.645,13.94,12.36,15.54,12.51,80.49,2.28,52.99,1064.587,373.883,591.065,79.762,259.912,1304.622,0,6463,0,0,6463,37:10:00,00:00,00:00,00:18,00:00,37:28:00
ingenio san jose de abajo s.a. de c.v.,2012-2013,13,72431.475,71256.73,1330.0,6893.4,0.0,6893.4,0.0,0.0,0,2402.93,0.0,0.0,79.158,91.641,94.008,31.666,13.92,12.51,15.91,12.83,80.641,2.37,52.96,1473.73,542.964,837.28,112.803,395.53,1888.577,0,20497,0,0,20497,52:33:00,04:13,24:00:00,00:18,00:00,81:04:00
ingenio san jose de abajo s.a. de c.v.,2012-2013,14,96932.69,95263.024,1738.0,9506.2,0.0,9506.2,0.0,0.0,0,3287.171,0.0,0.0,79.757,90.766,94.043,31.554,13.88,12.64,16.19,13.09,80.86,2.39,52.91,1968.651,729.805,1088.395,151.669,509.971,2479.84,0,24004,0,0,24004,61:04:00,04:13,48:00:00,00:33,00:00,113:50:00
ingenio san jose de abajo s.a. de c.v.,2012-2013,15,123870.84,121633.349,2186.0,12370.3,0.0,12370.3,0.0,0.0,0,4302.892,0.0,0.0,80.149,90.071,94.041,31.509,13.88,12.78,16.44,13.34,81.11,2.42,52.82,2536.476,942.913,1381.943,193.514,622.844,3141.214,0,25851,0,0,25851,74:47:00,04:13,48:00:00,00:33,00:00,127:33:00
ingenio san jose de abajo s.a. de c.v.,2012-2013,16,151744.17,148942.033,2584.0,15290.95,0.0,15290.95,0.0,0.0,0,5336.637,0.0,0.0,80.219,89.384,93.717,31.45,13.855,12.886,16.61,13.51,81.316,2.57,52.63,3101.122,1228.521,1686.931,242.493,709.949,3867.894,0,28990,0,0,28990,87:08:00,06:24,48:00:00,00:33,00:00,142:05:00
ingenio san jose de abajo s.a. de c.v.,2012-2013,17,176468.37,173152.578,2937.0,17909.3,0.0,17909.3,0.0,0.0,0,6325.489,0.0,0.0,80.274,89.178,93.648,31.355,13.776,12.948,16.72,13.6,81.34,2.62,52.69,3614.777,1451.227,1958.828,294.7,802.402,4507.157,0,30467,0,0,30467,113:11:00,06:24,48:00:00,00:33,00:00,168:08:00
ingenio san jose de abajo s.a. de c.v.,2012-2013,18,200355.75,196505.097,3265.0,20421.75,0.0,20421.75,0.0,0.0,0,7242.793,0.0,0.0,80.087,88.958,93.437,31.455,13.749,13.042,16.83,13.7,81.383,2.72,52.8,4149.638,1715.034,2205.689,346.465,936.231,5203.419,0,30467,0,0,30467,138:50:00,06:24,48:00:00,00:33,00:00,193:47:00
ingenio san jose de abajo s.a. de c.v.,2012-2013,19,223303.045,218933.454,3593.0,22783.05,0.0,22783.05,0.0,0.0,0,7995.578,0.0,0.0,79.865,88.825,93.254,31.494,13.716,13.084,16.9,13.74,81.259,2.8,52.85,4668.576,1970.939,2444.485,391.726,1075.459,5882.609,0,30467,0,0,30467,152:32:00,06:24,72:00:00,00:33,00:00,231:29:00
ingenio san jose de abajo s.a. de c.v.,2012-2013,20,250766.185,245787.167,3974.0,25748.15,0.0,25748.15,0.0,0.0,0,8953.526,0.0,0.0,79.689,88.732,93.055,31.496,13.66,13.166,16.99,13.81,81.288,2.9,52.91,5278.003,2292.962,2692.184,454.466,1266.44,6706.052,0,30467,0,0,30467,164:46:00,06:27,72:00:00,00:43,03:45,247:41:00
ingenio san jose de abajo s.a. de c.v.,2012-2013,21,272495.545,266998.185,4277.0,28049.8,0.0,28049.8,0.0,0.0,0,9654.12,0.0,0.0,79.725,88.757,93.007,31.482,13.645,13.227,17.05,13.86,81.291,2.94,52.89,5796.345,2520.527,2903.964,486.213,1396.965,7307.669,0,30467,0,0,30467,179:57:00,07:45,72:00:00,00:43,31:45:00,292:10:00
ingenio san jose de abajo s.a. de c.v.,2012-2013,22,297042.41,290932.91,4617.0,30775.0,0.0,30775.0,0.0,0.0,0,10532.536,0.0,0.0,79.637,88.976,93.042,31.396,13.606,13.289,17.08,13.9,81.353,2.94,52.88,6408.485,2746.531,3136.998,537.108,1617.618,8038.255,0,30467,0,0,30467,206:41:00,07:52,72:00:00,00:43,31:45:00,319:01:00
ingenio san jose de abajo s.a. de c.v.,2012-2013,23,321895.87,315066.607,4963.0,33473.95,0.0,33473.95,0.0,0.0,0,11277.728,0.0,0.0,79.593,89.061,93.069,31.372,13.577,13.357,17.13,13.96,81.48,2.95,52.94,7128.248,2980.164,3371.009,585.155,1837.89,8774.218,0,30467,0,0,30467,241:19:00,08:08,72:00:00,02:53,31:45:00,356:05:00
ingenio san jose de abajo s.a. de c.v.,2012-2013,24,346543.74,339024.614,5305.0,36163.1,0.0,36163.1,0.0,0.0,0,12008.636,0.0,0.0,79.683,89.242,93.095,31.337,13.55,13.403,17.16,13.98,81.468,2.95,52.97,7818.111,3207.052,3631.859,640.012,1958.057,9436.98,0,30467,0,0,30467,263:46:00,08:08,72:00:00,02:53,31:45:00,378:32:00
ingenio san jose de abajo s.a. de c.v.,2012-2013,25,367161.91,358969.305,5591.0,38335.5,0.0,38335.5,0.0,0.0,0,12594.594,0.0,0.0,79.565,89.18,93.092,31.413,13.591,13.431,17.22,14.02,81.407,2.95,52.94,8491.59,3406.818,3876.334,674.769,2119.36,10077.281,0,30467,0,0,30467,289:54:00,08:08,96:00:00,02:53,31:45:00,428:40:00
ingenio san jose de abajo s.a. de c.v.,2012-2013,26,383159.265,374507.817,5819.0,40109.25,0.0,40109.25,0.0,0.0,0,13335.832,0.0,0.0,78.704,89.109,93.075,31.454,13.611,13.439,17.253,14.038,81.362,2.959,52.92,8950.433,3565.94,4138.677,703.872,2557.951,10966.44,0,30467,0,0,30467,333:25:00,08:08,126:23:00,02:53,31:45:00,502:34:00
ingenio san jose de abajo s.a. de c.v.,2012-2013,27,409189.875,399754.212,6181.0,42655.9,0.0,42655.9,0.0,0.0,0,14135.512,0.0,0.0,79.514,89.225,93.066,31.447,13.612,13.465,17.273,14.045,81.309,2.969,52.89,9734.648,3820.322,4951.831,742.511,1772.772,11287.436,0,30467,0,0,30467,348:19:00,08:08,126:23:00,04:23,31:45:00,518:58:00
ingenio san jose de abajo s.a. de c.v.,2012-2013,28,436607.025,426339.127,6562.0,45625.05,0.0,45625.05,0.0,0.0,0,15156.834,0.0,0.0,79.601,89.247,93.015,31.515,13.639,13.491,17.292,14.061,81.313,2.99,52.87,10566.883,4114.708,5354.337,784.232,1762.361,12015.638,0,30467,0,0,30467,354:21:00,08:08,126:23:00,08:59,31:45:00,529:36:00
ingenio san jose de abajo s.a. de c.v.,2012-2013,29,458695.15,447750.747,6869.0,47777.8,0.0,47777.8,0.0,0.0,0,16251.274,0.0,0.0,79.305,89.19,92.95,31.602,13.688,13.51,17.331,14.08,81.243,3.014,52.8,11243.388,4368.969,5783.1,823.108,1849.692,12824.869,0,30467,0,0,30467,402:59:00,08:08,126:23:00,08:59,31:45:00,578:14:00
ingenio san jose de abajo s.a. de c.v.,2012-2013,30,483060.525,471357.972,7207.0,50225.2,0.0,50225.2,0.0,0.0,0,17617.171,0.0,0.0,78.808,88.977,92.857,31.775,13.77,13.53,17.388,14.121,81.208,3.042,52.74,12001.538,4668.464,6295.68,866.693,2020.093,13850.93,0,30467,0,0,30467,421:55:00,08:08,126:23:00,08:59,31:45:00,597:10:00
ingenio san jose de abajo s.a. de c.v.,2012-2013,31,506522.75,494076.238,7532.0,52384.75,0.0,52384.75,0.0,0.0,0,18905.067,0.0,0.0,77.394,88.872,92.794,31.886,13.798,13.539,17.427,14.137,81.12,3.06,52.77,12745.497,4941.647,7093.256,903.395,2564.277,15502.575,0,32313,0,0,32313,437:45:00,08:08,126:23:00,08:59,31:45:00,613:00:00
ingenio san jose de abajo s.a. de c.v.,2012-2013,32,531559.09,518315.213,7880.0,54799.15,0.0,54799.15,0.0,0.0,0,20137.524,0.0,0.0,77.128,88.815,92.737,32.006,13.831,13.549,17.455,14.147,81.048,3.075,52.81,13542.862,5230.681,7693.08,948.586,2600.231,16472.578,0,32498,0,0,32498,451:53:00,08:51,126:23:00,08:59,31:45:00,627:51:00
ingenio san jose de abajo s.a. de c.v.,2012-2013,33,556498.255,542382.977,8212.0,57163.3,0.0,57163.3,0.0,0.0,0,21644.663,0.0,0.0,76.743,88.858,92.675,32.093,13.852,13.558,17.47,14.141,80.941,3.094,52.83,14414.263,5526.545,8317.62,997.006,2706.751,17547.922,0,32498,0,0,32498,461:52:00,08:51,126:23:00,08:59,31:45:00,637:50:00
ingenio san jose de abajo s.a. de c.v.,2012-2013,34,569075.49,554509.147,8363.0,58244.15,0.0,58244.15,0.0,0.0,0,22440.576,0.0,0.0,76.362,88.836,92.632,32.189,13.883,13.569,17.491,14.149,80.892,3.106,52.84,14865.328,5689.627,8728.817,1016.967,2817.675,18253.086,0,32498,0,0,32498,547:47:00,08:51,126:23:00,08:59,31:45:00,723:45:00
ingenio san jose de abajo s.a. de c.v.,2012-2013,35,588164.14,569790.872,8611.62,59645.85,0.0,59645.85,0.0,0.0,0,23371.991,0.0,0.0,75.841,88.835,92.597,32.291,13.927,13.557,17.494,14.131,80.779,3.108,52.83,15339.463,5869.284,9213.974,1039.195,3032.393,19154.846,0,34344,0,0,34344,576:40:00,08:51,126:23:00,08:59,51:17:00,772:10:00
ingenio san jose de abajo s.a. de c.v.,2012-2013,36,590735.982,581848.587,7881.0,63133.317,0.0,63133.317,0.0,0.0,0,24404.995,110.108618,111.79,80.017,88.845,94.191,32.323,13.942,13.311,17.49,14.112,80.686,2.392,52.82,15751.053,4567.605,9595.903,1061.584,488.059,15713.151,0,37853,0,0,37853,602:53:00,08:51,126:23:00,08:59,111:14:00,858:20:00
ingenio san miguel del naranjo s.a. de c.v.,2012-2013,4,55786.79,53770.146,750.19,5031.2,0.0,5031.2,0.0,0.0,0,1685.917,0.0,0.0,80.584,98.606,96.889,27.479,12.664,12.67,15.119,12.45,82.343,1.434,51.959,2016.644,219.937,851.579,79.557,221.356,1372.429,0,0,0,0,0,00:40,00:00,00:00,00:00,09:30,10:10
ingenio san miguel del naranjo s.a. de c.v.,2012-2013,5,114739.99,110778.556,1498.3,11197.1,0.0,11197.1,0.0,0.0,0,3972.294,0.0,0.0,81.306,97.604,96.817,27.372,12.69,12.708,15.3,12.605,82.388,1.477,51.594,3961.434,464.125,1681.027,153.122,427.531,2725.805,0,0,0,0,0,00:40,00:00,00:00,00:00,17:30,18:10
ingenio san miguel del naranjo s.a. de c.v.,2012-2013,6,173527.18,167761.445,2261.82,17868.1,0.0,17868.1,0.0,0.0,0,6434.546,0.0,0.0,82.68,97.293,96.785,27.533,12.612,12.882,15.452,12.814,82.933,1.504,52.162,5765.738,718.59,2352.513,216.776,583.631,3871.51,0,0,0,0,0,11:25,00:00,00:00,00:00,17:30,28:55:00
ingenio san miguel del naranjo s.a. de c.v.,2012-2013,7,235010.5,227339.227,3032.0,24877.6,0.0,24028.85,848.75,0.0,0,8550.057,0.0,0.0,83.511,96.944,96.8,27.687,12.627,13.059,15.635,13.04,83.4,1.509,52.371,7671.276,982.262,3033.647,306.236,738.336,5060.481,0,0,0,0,0,23:20,00:00,00:00,00:00,17:30,40:50:00
ingenio san miguel del naranjo s.a. de c.v.,2012-2013,8,287106.52,277645.227,3688.42,31208.85,0.0,30291.1,917.75,0.0,0,11204.828,0.0,0.0,83.878,96.775,96.776,27.761,12.651,13.15,15.74,13.15,83.545,1.527,52.399,9461.298,1217.265,3638.758,354.154,876.826,6087.003,0,0,0,0,0,33:50:00,00:00,00:00,00:00,46:50:00,80:40:00
ingenio san miguel del naranjo s.a. de c.v.,2012-2013,9,335047.75,324219.275,4279.57,36151.0,0.0,35169.7,981.3,0.0,0,12933.189,0.0,0.0,84.1,96.555,96.767,27.92,12.71,13.252,15.876,13.281,83.656,1.534,52.434,10828.481,1435.462,4201.908,409.595,1012.863,7059.828,0,0,0,0,0,50:45:00,00:00,00:00,00:00,80:15:00,130:60
ingenio san miguel del naranjo s.a. de c.v.,2012-2013,10,401790.92,388891.61,5175.05,44602.0,399.0,42629.2,1573.8,0.0,0,15561.128,0.0,0.0,84.302,96.463,96.688,27.976,12.722,13.373,15.998,13.405,83.788,1.583,52.435,12899.316,1779.704,4993.431,466.451,1195.5,8435.086,0,0,0,0,0,56:30:00,00:00,00:00,00:00,80:15:00,136:45:00
ingenio san miguel del naranjo s.a. de c.v.,2012-2013,11,466184.03,451003.313,6072.94,52193.1,1213.5,48433.8,2545.8,0.0,0,17918.635,0.0,0.0,84.427,96.42,96.66,28.074,12.74,13.402,16.045,13.436,83.737,1.594,52.503,15180.723,2086.883,5734.834,531.307,1376.819,9729.843,0,0,0,0,0,66:25:00,00:00,00:00,01:40,80:15:00,148:20:00
ingenio san miguel del naranjo s.a. de c.v.,2012-2013,12,521430.56,504522.596,6683.29,58773.7,1725.0,53652.4,3396.3,0.0,0,20095.278,0.0,0.0,84.617,96.48,96.643,28.137,12.769,13.443,16.08,13.465,83.74,1.604,52.485,16907.97,2353.279,6311.697,584.929,1532.403,10782.308,0,0,0,0,0,96:45:00,00:00,00:00,01:40,80:15:00,178:40:00
ingenio san miguel del naranjo s.a. de c.v.,2012-2013,13,586071.29,566941.45,7511.81,66786.9,2014.5,59972.1,4800.3,0.0,0,22419.626,0.0,0.0,84.798,96.278,96.547,28.279,12.818,13.521,16.162,13.559,83.893,1.651,52.492,19129.846,2736.349,6924.296,664.632,1721.019,12046.296,0,0,0,0,0,108:45:00,00:00,00:00,01:40,80:15:00,190:40:00
ingenio san miguel del naranjo s.a. de c.v.,2012-2013,14,625602.57,604931.67,8015.41,71860.6,2014.5,65044.3,4801.8,0.0,0,23952.145,0.0,0.0,84.905,96.453,96.522,28.365,12.842,13.57,16.177,13.58,83.947,1.664,52.537,20670.906,2952.669,7300.262,721.333,1840.894,12815.158,0,0,0,0,0,118:35:00,00:00,00:00,09:30,130:10:00,258:15:00
ingenio san miguel del naranjo s.a. de c.v.,2012-2013,15,682308.13,659634.671,8706.55,77441.0,2993.0,69173.7,5274.3,0.0,0,25794.933,0.0,0.0,84.785,96.284,96.368,28.592,12.929,13.575,16.199,13.587,83.874,1.724,52.519,22673.465,3364.48,7909.356,791.472,2027.16,14092.468,0,0,0,0,0,126:45:00,00:00,00:00,09:30,147:55:00,284:10:00
ingenio san miguel del naranjo s.a. de c.v.,2012-2013,16,734459.96,710335.623,9370.5,84305.25,3972.75,74550.55,5781.95,0.0,0,27591.528,0.0,0.0,84.716,96.272,96.173,28.782,12.983,13.621,16.218,13.607,83.9,1.811,52.513,24124.344,3828.547,8414.003,847.645,2199.866,15290.061,0,0,0,0,0,160:25:00,00:00,00:00,09:30,147:55:00,317:50:00
ingenio san miguel del naranjo s.a. de c.v.,2012-2013,17,795410.41,769236.837,10136.49,91081.3,4520.25,79793.6,6767.45,0.0,0,29511.017,0.0,0.0,84.665,96.162,96.006,28.924,13.008,13.663,16.259,13.64,83.895,1.886,52.559,26173.58,4340.694,9032.017,900.503,2391.901,16665.115,0,0,0,0,0,175:30:00,00:00,00:00,09:30,147:55:00,332:55:00
ingenio san miguel del naranjo s.a. de c.v.,2012-2013,18,856770.07,828773.552,10883.77,98825.65,5292.75,84438.15,9094.75,0.0,0,31566.84,0.0,0.0,84.644,96.094,95.89,28.998,13.031,13.735,16.324,13.705,83.958,1.946,52.532,27996.524,4836.243,9691.957,949.57,2591.852,18069.622,0,0,0,0,0,189:20:00,00:00,00:00,09:30,147:55:00,346:45:00
ingenio san miguel del naranjo s.a. de c.v.,2012-2013,19,915665.63,885857.126,11586.3,106563.15,5613.6,91052.3,9897.25,0.0,0,33574.052,0.0,0.0,84.722,96.09,95.82,29.033,13.024,13.801,16.382,13.762,84.006,1.987,52.56,29808.511,5282.009,10254.248,989.394,2780.516,19306.167,0,0,0,0,0,207:15:00,00:00,00:00,09:30,147:55:00,364:40:00
ingenio san miguel del naranjo s.a. de c.v.,2012-2013,20,980795.66,948839.781,12416.65,114810.85,6873.6,97198.5,10738.75,0.0,0,35804.364,0.0,0.0,84.795,96.238,95.836,29.072,13.043,13.9,16.457,13.842,84.107,1.991,52.553,31955.885,5677.382,11018.147,1040.803,2991.959,20728.291,0,0,0,0,0,217:60,00:00,00:00,09:30,147:55:00,375:25:00
ingenio san miguel del naranjo s.a. de c.v.,2012-2013,21,1043209.71,1009445.206,13354.63,122885.35,8118.65,103330.3,11436.4,0.0,0,37837.652,0.0,0.0,84.807,96.359,95.839,29.115,13.061,13.99,16.531,13.914,84.173,1.999,52.535,33764.511,6073.358,11818.492,1079.848,3201.898,22173.596,0,0,0,0,0,232:45:00,00:00,00:00,09:30,147:55:00,390:10:00
ingenio san miguel del naranjo s.a. de c.v.,2012-2013,22,1096818.84,1061138.097,14059.98,130348.75,10359.8,107771.55,12217.4,0.0,0,39948.057,0.0,0.0,84.864,96.608,95.835,29.116,13.073,14.068,16.576,13.956,84.194,2.012,52.48,35680.749,6427.379,12416.525,1127.63,3383.16,23354.694,0,0,0,0,0,258:15:00,00:00,00:00,09:35,147:55:00,415:45:00
ingenio san miguel del naranjo s.a. de c.v.,2012-2013,23,1156385.19,1118244.062,14831.16,138364.55,13178.4,112938.75,12247.4,0.0,0,42390.958,0.0,0.0,84.931,96.755,95.85,29.133,13.109,14.168,16.663,14.036,84.235,2.018,52.381,38141.135,6798.788,13122.228,1180.286,3588.481,24689.783,0,0,0,0,0,272:55:00,00:00,00:00,11:10,147:55:00,432:00:00
ingenio san miguel del naranjo s.a. de c.v.,2012-2013,24,1214588.78,1174069.25,15559.68,146200.0,16010.35,117618.15,12571.5,0.0,0,44631.663,0.0,0.0,84.926,96.801,95.816,29.212,13.142,14.252,16.746,14.107,84.244,2.041,52.361,40519.536,7242.433,13818.484,1221.366,3811.62,26093.903,0,0,0,0,0,292:30:00,00:00,00:00,15:10,147:55:00,455:35:00
ingenio san miguel del naranjo s.a. de c.v.,2012-2013,25,1266953.77,1224017.707,16371.03,153396.5,17981.35,122582.65,12832.5,0.0,0,46864.611,0.0,0.0,84.931,96.873,95.736,29.351,13.186,14.329,16.812,14.161,84.229,2.081,52.371,42936.07,7740.343,14312.859,1255.376,4048.404,27356.982,0,0,0,0,0,328:05:00,00:00,00:00,15:10,147:55:00,491:10:00
ingenio san miguel del naranjo s.a. de c.v.,2012-2013,26,1324262.71,1278930.909,17268.37,161221.8,20547.9,127300.55,13373.35,0.0,0,49251.255,0.0,0.0,84.895,96.881,95.665,29.48,13.223,14.401,16.883,14.22,84.224,2.117,52.394,45331.808,8267.66,14975.357,1298.035,4263.92,28804.972,0,0,0,0,0,348:40:00,00:00,00:00,16:10,147:55:00,512:45:00
ingenio san miguel del naranjo s.a. de c.v.,2012-2013,27,1381253.1,1333688.208,18048.52,168826.85,23901.75,131364.75,13560.35,0.0,0,51743.114,0.0,0.0,84.889,96.912,95.664,29.585,13.265,14.462,16.954,14.276,84.207,2.119,52.413,47564.898,8661.137,15694.321,1335.608,4494.247,30185.313,0,0,0,0,0,366:20:00,00:00,00:00,16:15,147:55:00,530:30:00
ingenio san miguel del naranjo s.a. de c.v.,2012-2013,28,1435967.15,1386368.068,18899.28,176312.4,26531.45,135981.15,13799.8,0.0,0,54017.637,0.0,0.0,84.891,96.971,95.663,29.68,13.323,14.526,17.026,14.33,84.165,2.122,52.358,49599.089,9045.897,16416.19,1379.903,4671.812,31513.802,0,0,0,0,0,380:30:00,00:00,00:00,19:55,147:55:00,548:20:00
ingenio san miguel del naranjo s.a. de c.v.,2012-2013,29,1491133.07,1439434.262,19845.04,183664.3,30309.45,139522.05,13832.8,0.0,0,56660.597,0.0,0.0,84.82,97.125,95.664,29.772,13.375,14.585,17.088,14.365,84.066,2.124,52.315,51698.813,9429.439,17266.605,1416.256,4901.089,33013.389,0,0,0,0,0,398:55:00,00:00,00:00,19:55,147:55:00,566:45:00
ingenio san miguel del naranjo s.a. de c.v.,2012-2013,30,1547039.17,1493144.532,20721.12,191228.0,34607.65,142645.05,13975.3,0.0,0,59436.408,0.0,0.0,84.757,97.235,95.64,29.864,13.422,14.618,17.134,14.378,83.912,2.134,52.273,53894.644,9860.645,18055.413,1445.667,5108.001,34469.726,0,0,0,0,0,416:55:00,00:00,00:00,19:55,147:55:00,584:45:00
ingenio san miguel del naranjo s.a. de c.v.,2012-2013,31,1604529.27,1548441.746,21537.31,198690.85,38825.5,145878.05,13987.3,0.0,0,61809.479,0.0,0.0,84.731,97.345,95.622,29.969,13.477,14.664,17.186,14.405,83.817,2.142,52.233,56087.53,10301.864,18813.772,1475.79,5335.115,35926.541,0,0,0,0,0,431:55:00,00:00,00:00,19:55,147:55:00,599:45:00
ingenio san miguel del naranjo s.a. de c.v.,2012-2013,32,1653743.66,1595828.882,22457.14,205232.0,43416.65,147811.55,14003.8,0.0,0,64333.826,0.0,0.0,84.63,97.38,95.62,30.078,13.519,14.703,17.252,14.437,83.683,2.141,52.255,57914.784,10648.962,19657.168,1507.408,5558.207,37371.745,0,0,0,0,0,464:45:00,00:00,00:00,19:55,147:55:00,632:35:00
ingenio san miguel del naranjo s.a. de c.v.,2012-2013,33,1693042.86,1633575.978,23037.73,209724.85,46241.1,149479.95,14003.8,0.0,0,66850.06,0.0,0.0,84.489,97.406,95.624,30.149,13.545,14.716,17.287,14.447,83.567,2.136,52.279,59466.888,10904.066,20405.557,1540.149,5794.201,38643.973,0,0,0,0,0,496:35:00,00:00,00:00,19:55,176:45:00,693:15:00
ingenio san miguel del naranjo s.a. de c.v.,2012-2013,34,1746425.95,1684821.508,24045.52,216965.15,49854.2,152831.25,14279.7,0.0,0,69391.329,0.0,0.0,84.398,97.394,95.613,30.26,13.589,14.738,17.342,14.468,83.432,2.136,52.29,61604.448,11291.478,21283.686,1589.255,5993.643,40158.062,0,0,0,0,0,515:40:00,00:00,00:00,24:00:00,176:45:00,716:25:00
ingenio san miguel del naranjo s.a. de c.v.,2012-2013,35,1798730.02,1734996.412,24909.71,223198.6,54519.15,154244.25,14435.2,0.0,0,72229.922,0.0,0.0,84.296,97.342,95.59,30.381,13.637,14.749,17.389,14.484,83.291,2.141,52.302,63733.615,11700.661,22130.863,1640.294,6190.039,41661.857,0,0,0,0,0,535:00:00,00:00,00:00,24:00:00,176:45:00,735:45:00
ingenio san miguel del naranjo s.a. de c.v.,2012-2013,36,1848839.43,1783155.361,25849.67,228925.35,59186.9,155109.75,14628.7,0.0,0,74798.264,0.0,0.0,84.114,97.356,95.536,30.509,13.692,14.767,17.422,14.491,83.177,2.16,52.282,65684.076,12187.486,23101.328,1689.015,6395.143,43372.972,0,0,0,0,0,551:10:00,00:00,00:00,24:00:00,176:45:00,751:55:00
ingenio san miguel del naranjo s.a. de c.v.,2012-2013,37,1894550.34,1826981.395,26661.28,234119.7,63281.75,156165.75,14672.2,0.0,0,77275.812,0.0,0.0,83.878,97.343,95.434,30.635,13.729,14.766,17.437,14.476,83.019,2.2,52.289,67568.952,12772.947,23999.834,1738.382,6589.509,45100.672,0,0,0,0,0,568:35:00,00:05,00:00,24:00:00,196:10:00,788:50:00
ingenio san miguel del naranjo s.a. de c.v.,2012-2013,38,1930728.02,1861734.91,27421.22,238707.85,66667.3,156920.25,15120.3,0.0,0,79813.683,0.0,0.0,83.707,97.314,95.373,30.723,13.756,14.744,17.437,14.45,82.871,2.22,52.297,68993.117,13171.876,24698.15,1773.176,6737.478,46380.68,0,0,0,0,0,591:45:00,00:50,00:00,24:00:00,238:00:00,853:05:00
ingenio san miguel del naranjo s.a. de c.v.,2012-2013,39,1975754.74,1904822.808,28180.78,242866.5,66667.3,161078.9,15120.3,0.0,0,81764.443,0.0,0.0,83.551,97.231,95.315,30.844,13.796,14.693,17.422,14.403,82.675,2.231,52.312,70931.939,13599.303,25432.789,1817.824,6901.198,47751.114,0,0,0,0,0,618:25:00,00:05,00:00,30:50:00,242:40:00,892:00:00
ingenio san miguel del naranjo s.a. de c.v.,2012-2013,40,2015166.0,1934233.808,28937.462,246359.0,66667.3,164571.4,15120.3,0.0,0,0.0,0.0,0.0,0.0,0.0,0.0,0.0,0.0,0.0,0.0,0.0,0.0,0.0,0.0,0.0,0.0,0.0,0.0,0.0,0.0,0,0,0,0,0,00:00,00:00,00:00,00:00,00:00,00:00
ingenio san miguel del naranjo s.a. de c.v.,2012-2013,41,2017392.793,1944357.258,28832.25,246989.85,80147.8,165202.25,1639.8,0.0,0,83769.326,122.5835,127.188,83.411,97.093,95.24,30.965,13.826,14.631,17.397,14.352,82.497,2.249,52.358,73035.535,14051.32,26012.859,1852.233,7050.283,48966.695,0,0,0,0,0,649:35:00,00:05,00:00,35:35:00,293:55:00,979:10:00
fideicomiso ingenio san miguelito,2012-2013,11,33561.0,33561.0,319.635,3042.45,0.0,3042.45,0.0,0.0,0,729.161,0.0,0.0,83.664,91.906,93.747,27.393,12.57,12.58,15.29,12.84,83.96,2.87,50.3,0.0,264.09,303.001,48.597,74.225,689.913,0,92821,0,0,92821,08:40,00:00,00:00,07:30,17:15,33:25:00
fideicomiso ingenio san miguelito,2012-2013,12,54522.0,54522.0,539.829,5242.5,0.0,5242.5,0.0,0.0,0,1469.874,0.0,0.0,83.434,92.919,93.966,27.048,12.48,12.56,15.14,12.7,83.89,2.8,50.13,0.0,413.182,522.095,80.118,119.062,1134.457,0,115272,0,0,115272,36:45:00,01:05,00:00,0.333333333,17:15,63:05:00
fideicomiso ingenio san miguelito,2012-2013,13,77693.0,77693.0,769.241,7710.7,0.0,7710.7,0.0,0.0,0,2259.277,0.0,0.0,83.315,93.817,94.121,27.1,12.53,12.6,15.1,12.64,83.72,2.73,50.11,0.0,575.489,778.543,110.067,169.019,1633.118,0,134245,0,0,134245,43:25:00,01:05,00:00,11:25,17:15,73:10:00
fideicomiso ingenio san miguelito,2012-2013,14,96662.0,96657.583,1017.499,9669.5,0.0,9669.5,0.0,0.0,0,2987.328,0.0,0.0,83.134,94.132,94.172,27.059,12.5,12.6,15.11,12.61,83.43,2.71,50.15,4.417,709.983,994.674,140.42,209.476,2054.553,0,183465,0,0,183465,53:30:00,19:30,00:00,23:30,18:45,115:15:00
fideicomiso ingenio san miguelito,2012-2013,15,116335.0,116328.284,1237.616,11757.65,0.0,11757.65,0.0,0.0,0,3721.465,0.0,0.0,83.114,94.284,94.249,27.013,12.52,12.57,15.12,12.57,83.11,2.68,50.07,6.716,840.963,1205.539,173.837,249.063,2469.402,0,222199,0,0,222199,60:25:00,19:03,00:00,23:40,50:15:00,153:50:00
fideicomiso ingenio san miguelito,2012-2013,16,139638.0,139621.652,1551.542,14280.25,0.0,14280.25,0.0,0.0,0,4630.776,0.0,0.0,83.2,94.393,94.335,26.932,12.504,12.588,15.15,12.58,83.047,2.65,50.01,16.348,995.816,1450.475,212.539,294.066,2952.896,0,263334,0,0,263334,74:25:00,19:03,00:00,23:50,50:15:00,168:00:00
fideicomiso ingenio san miguelito,2012-2013,17,162221.0,162193.812,1931.212,16735.15,0.0,16735.15,0.0,0.0,0,5496.36,0.0,0.0,83.292,94.517,94.417,26.837,12.474,12.612,15.19,12.6,82.952,2.62,49.98,27.188,1142.242,1692.55,251.833,331.748,3418.373,0,266009,0,0,266009,80:30:00,19:30,00:00,36:05:00,50:15:00,186:20:00
fideicomiso ingenio san miguelito,2012-2013,18,185799.0,185770.666,2238.555,19334.0,0.0,19334.0,0.0,0.0,0,6398.321,0.0,0.0,83.366,94.564,94.485,26.806,12.461,12.666,15.26,12.65,82.94,2.61,49.99,28.334,1297.889,1949.718,298.446,368.491,3914.544,0,266009,0,0,266009,91:45:00,19:03,00:00,37:05:00,50:15:00,198:30:00
fideicomiso ingenio san miguelito,2012-2013,19,209125.0,209093.814,2519.59,22002.0,0.0,22002.0,0.0,0.0,0,7232.622,0.0,0.0,83.506,94.507,94.506,26.878,12.495,12.721,15.33,12.72,82.976,2.6,50.0,31.186,1461.471,2180.453,340.848,404.992,4387.764,0,285705,0,0,285705,104:30:00,19:30,00:00,37:00:00,50:15:00,211:15:00
fideicomiso ingenio san miguelito,2012-2013,20,230919.0,230838.724,2782.17,24548.1,0.0,24548.1,0.0,0.0,0,8007.24,0.0,0.0,83.686,94.489,94.537,26.889,12.503,12.775,15.4,12.78,83.014,2.6,49.99,80.276,1611.574,2387.3,379.919,433.933,4812.726,0,286026,0,0,286026,126:45:00,19:03,00:00,37:05:00,52:20:00,235:35:00
fideicomiso ingenio san miguelito,2012-2013,21,253448.0,253280.772,3053.595,27132.85,0.0,27132.85,0.0,0.0,0,8814.401,0.0,0.0,83.797,94.361,94.543,26.979,12.536,12.811,15.46,12.84,83.046,2.59,50.03,167.228,1771.992,2598.114,422.113,468.699,5260.918,0,287631,0,0,287631,139:60,19:35,00:00,37:10:00,58:20:00,255:05:00
fideicomiso ingenio san miguelito,2012-2013,22,274844.0,274527.849,3311.377,29749.2,0.0,29749.2,0.0,0.0,0,9455.427,0.0,0.0,83.944,94.207,94.488,27.107,12.571,12.858,15.51,12.9,83.154,2.62,50.09,316.151,1947.962,2780.311,456.887,488.797,5673.957,0,287631,0,0,287631,141:55:00,19:35,00:00,37:15:00,88:55:00,287:40:00
fideicomiso ingenio san miguelito,2012-2013,23,298930.0,298324.516,3645.494,32442.35,0.0,32442.35,0.0,0.0,0,10253.163,0.0,0.0,84.065,94.155,94.508,27.15,12.587,12.899,15.56,12.95,83.183,2.61,50.11,605.484,2117.787,3021.652,492.382,512.892,6144.713,0,297701,0,0,297701,144:30:00,19:35,00:00,37:20:00,99:05:00,300:30:00
fideicomiso ingenio san miguelito,2012-2013,24,323490.0,322478.319,3945.013,35307.35,0.0,35307.35,0.0,0.0,0,11141.751,0.0,0.0,84.171,94.107,94.517,27.208,12.607,12.952,15.63,13.01,83.214,2.61,50.14,1011.681,2297.422,3274.388,522.916,537.749,6632.475,0,297701,0,0,297701,152:05:00,20:05,00:00,37:30:00,100:05:00,309:45:00
fideicomiso ingenio san miguelito,2012-2013,25,345695.0,344288.362,4215.799,37803.85,0.0,37803.85,0.0,0.0,0,11961.908,0.0,0.0,84.223,94.097,94.52,27.236,12.619,12.993,15.68,13.05,83.244,2.61,50.13,1406.638,2461.343,3516.024,547.714,561.476,7086.557,0,297701,0,0,297701,158:20:00,20:05,00:00,37:30:00,118:50:00,334:45:00
fideicomiso ingenio san miguelito,2012-2013,26,363176.0,361477.714,4375.617,39676.65,0.0,39676.65,0.0,0.0,0,12577.021,0.0,0.0,84.233,94.053,94.516,27.226,12.61,13.02,15.71,13.08,83.26,2.62,50.14,1698.286,2592.998,3706.997,571.884,582.68,7454.559,0,297701,0,0,297701,160:40:00,20:05,00:00,38:50:00,172:55:00,392:30:00
fideicomiso ingenio san miguelito,2012-2013,27,386330.0,384227.013,4711.353,42260.85,0.0,42260.85,0.0,0.0,0,13411.655,0.0,0.0,84.184,93.998,94.499,27.314,12.644,13.058,15.759,13.127,83.298,2.63,50.15,2102.987,2775.14,3971.938,614.094,617.223,7978.395,0,297701,0,0,297701,171:40:00,20:05,00:00,40:05:00,178:25:00,410:15:00
fideicomiso ingenio san miguelito,2012-2013,28,409608.0,407077.458,4995.225,44892.05,0.0,44892.05,0.0,0.0,0,14196.145,0.0,0.0,84.175,93.968,94.477,27.42,12.687,13.097,15.802,13.168,83.335,2.638,50.17,2530.542,2963.155,4222.877,660.494,643.139,8489.665,0,297701,0,0,297701,174:10:00,20:05,00:00,40:15:00,193:40:00,428:10:00
fideicomiso ingenio san miguelito,2012-2013,29,434550.0,431576.537,5299.4,47737.45,0.0,47737.45,0.0,0.0,0,15038.193,0.0,0.0,84.121,93.968,94.447,27.548,12.742,13.14,15.842,13.207,83.368,2.649,50.17,2973.463,3170.905,4503.153,713.904,678.741,9066.703,0,297701,0,0,297701,177:25:00,20:05,00:00,41:45:00,193:40:00,432:55:00
fideicomiso ingenio san miguelito,2012-2013,30,458516.0,455192.188,5591.67,50458.15,0.0,50458.15,0.0,0.0,0,15880.369,0.0,0.0,84.092,94.022,94.446,27.611,12.769,13.179,15.875,13.238,83.391,2.651,50.18,3323.812,3356.204,4765.679,769.664,720.802,9612.349,0,297701,0,0,297701,189:35:00,20:50,00:00,41:50:00,193:40:00,446:00:00
fideicomiso ingenio san miguelito,2012-2013,31,483714.0,480097.709,5898.96,53299.15,0.0,53299.15,0.0,0.0,0,16687.093,0.0,0.0,84.06,93.995,94.426,27.697,12.804,13.204,15.902,13.264,83.413,2.657,50.18,3616.291,3560.137,5033.082,828.624,758.98,10180.823,0,297701,0,0,297701,193:60,20:50,00:00,41:50:00,193:40:00,449:35:00
fideicomiso ingenio san miguelito,2012-2013,32,505916.0,502067.748,6169.714,55772.25,0.0,55772.25,0.0,0.0,0,17435.46,0.0,0.0,83.973,93.939,94.398,27.809,12.852,13.219,15.923,13.284,83.427,2.663,50.19,3848.252,3746.613,5280.625,883.744,807.239,10718.221,0,297701,0,0,297701,215:25:00,20:35,00:00,42:15:00,193:40:00,471:55:00
fideicomiso ingenio san miguelito,2012-2013,33,526069.0,521893.889,6338.186,57942.35,0.0,57942.35,0.0,0.0,0,18287.197,0.0,0.0,83.688,93.912,94.366,27.93,12.885,13.238,15.944,13.302,83.431,2.67,50.26,4175.111,3923.726,5603.233,935.464,897.22,11359.643,0,297701,0,0,297701,244:25:00,20:35,00:00,46:25:00,193:40:00,505:05:00
fideicomiso ingenio san miguelito,2012-2013,34,534404.42,530211.777,6438.607,58996.7,0.0,58996.7,0.0,0.0,0,19014.919,111.800991,112.685,83.486,93.849,94.327,28.036,12.935,13.191,15.906,13.258,83.35,2.669,50.26,4192.643,3999.346,5757.284,957.014,927.8,11541.445,0,297701,0,0,297701,284:40:00,20:35,00:00,46:25:00,193:40:00,545:20:00
ingenio san nicolas s.a. de c.v.,2012-2013,8,45171.3,43766.877,601.86,2690.3,2690.3,0.0,0.0,0.0,0,945.951,0.0,0.0,80.939,94.27,95.823,28.425,13.04,11.86,15.28,12.06,78.94,1.74,51.74,1404.423,223.828,567.198,61.759,168.753,1021.538,157892,392621,0,0,550513,22:15,00:35,00:00,03:25,0.833333333,46:15:00
ingenio san nicolas s.a. de c.v.,2012-2013,9,78669.78,76228.778,1000.67,5603.45,5603.45,0.0,0.0,0.0,0,2527.75,0.0,0.0,78.355,94.335,95.817,28.549,13.19,11.85,15.27,12.03,78.8,1.74,51.43,2441.002,389.864,1134.352,108.751,384.495,2017.462,157892,643929,0,0,801821,33:55:00,01:45,00:00,03:25,33:20:00,72:25:00
ingenio san nicolas s.a. de c.v.,2012-2013,10,117282.25,113490.689,1334.62,9654.35,9654.35,0.0,0.0,0.0,0,4178.269,0.0,0.0,78.566,94.914,95.861,28.18,13.06,11.89,15.21,12.01,78.94,1.75,51.26,3791.561,576.983,1676.36,165.418,569.46,2988.221,157892,899285,0,0,1057177,55:50:00,01:55,00:00,03:25,33:20:00,94:30:00
ingenio san nicolas s.a. de c.v.,2012-2013,11,162577.22,157030.551,1767.9,14239.45,14239.45,0.0,0.0,0.0,0,5852.193,0.0,0.0,79.805,95.084,95.911,27.895,13.05,11.93,15.21,12.03,79.11,1.75,50.82,5546.669,792.765,2193.918,217.466,711.416,3915.565,157892,1034963,0,0,1192855,60:55:00,02:25,00:00,13:00,33:20:00,109:40:00
ingenio san nicolas s.a. de c.v.,2012-2013,12,201854.8,194750.497,2213.4,18237.0,18237.0,0.0,0.0,0.0,0,7422.379,0.0,0.0,80.371,95.583,96.004,27.738,13.011,12.02,15.22,12.07,79.31,1.73,50.72,7104.303,969.264,2704.262,258.547,829.601,4761.674,157892,1166468,0,0,1324360,90:30:00,02:50,00:00,18:30,33:20:00,145:10:00
ingenio san nicolas s.a. de c.v.,2012-2013,13,239269.82,230675.089,2576.82,21871.25,21871.25,0.0,0.0,0.0,0,8877.711,0.0,0.0,80.782,95.888,96.054,27.67,13.0,12.09,15.24,12.11,79.48,1.72,50.66,8594.731,1141.176,3184.159,297.733,935.471,5558.539,157892,1307947,0,0,1465839,116:50:00,03:00,13:05,18:40,33:20:00,184:55:00
ingenio san nicolas s.a. de c.v.,2012-2013,14,277685.39,267466.564,2976.68,26043.75,26043.75,0.0,0.0,0.0,0,10408.604,0.0,0.0,81.122,96.128,96.112,27.584,12.99,12.15,15.26,12.15,79.65,1.71,50.55,10218.826,1311.824,3681.369,338.395,1038.711,6370.299,157892,1476520,0,0,1634412,118:60,03:00,46:30:00,18:45,33:20:00,220:35:00
ingenio san nicolas s.a. de c.v.,2012-2013,15,323038.82,310954.748,3494.09,30673.45,30673.45,0.0,0.0,0.0,0,12079.082,0.0,0.0,81.458,96.294,96.151,27.541,12.99,12.22,15.29,12.2,79.78,1.71,50.5,12084.072,1519.163,4252.874,385.72,1160.024,7317.781,157892,1611128,0,0,1769020,119:45:00,03:00,46:30:00,18:45,46:05:00,234:05:00
ingenio san nicolas s.a. de c.v.,2012-2013,16,370643.43,356601.601,4060.38,35901.45,35901.45,0.0,0.0,0.0,0,14027.251,0.0,0.0,81.783,96.595,96.203,27.457,12.992,12.294,15.32,12.24,79.9,1.7,50.35,14041.829,1730.313,4858.437,434.193,1278.438,8301.381,157892,1749313,0,0,1907205,121:25:00,03:25,46:30:00,19:15,46:05:00,236:40:00
ingenio san nicolas s.a. de c.v.,2012-2013,17,418207.31,402208.877,4510.2,40882.9,40882.9,0.0,0.0,0.0,0,15877.481,0.0,0.0,82.025,96.785,96.211,27.454,13.021,12.37,15.37,12.3,80.028,1.71,50.23,15998.433,1960.029,5469.491,482.126,1386.907,9298.553,157892,1883992,0,0,2041884,128:50:00,03:25,46:30:00,19:15,46:05:00,244:05:00
ingenio san nicolas s.a. de c.v.,2012-2013,18,464936.85,447128.053,5007.33,46268.65,46268.65,0.0,0.0,0.0,0,17837.713,0.0,0.0,82.224,96.907,96.191,27.484,13.072,12.445,15.41,12.35,80.155,1.73,50.07,17808.797,2203.849,6070.485,526.708,1484.543,10285.585,157892,1988606,0,0,2146498,137:40:00,04:45,46:03:00,19:15,46:50:00,254:15:00
ingenio san nicolas s.a. de c.v.,2012-2013,19,512634.52,492923.593,5545.39,51381.35,51381.35,0.0,0.0,0.0,0,19806.484,0.0,0.0,82.395,96.944,96.201,27.59,13.129,12.526,15.48,12.43,80.292,1.73,50.04,19710.927,2439.381,6696.355,578.094,1591.313,11305.143,157892,2110507,0,0,2268399,138:10:00,04:45,46:30:00,21:55,52:25:00,263:45:00
ingenio san nicolas s.a. de c.v.,2012-2013,20,558968.31,537498.529,6083.89,56583.65,56583.65,0.0,0.0,0.0,0,21725.004,0.0,0.0,82.487,96.943,96.205,27.705,13.182,12.604,15.55,12.51,80.43,1.73,50.04,21469.781,2673.3,7329.11,623.322,1712.609,12338.341,157892,2237198,0,0,2395090,139:50:00,04:45,46:03:00,22:40,52:25:00,266:10:00
ingenio san nicolas s.a. de c.v.,2012-2013,21,599462.34,576431.024,6539.24,60799.5,60799.5,0.0,0.0,0.0,0,23383.68,0.0,0.0,82.445,96.981,96.205,27.815,13.245,12.657,15.59,12.56,80.529,1.73,50.0,23031.316,2879.375,7898.807,665.641,1876.165,13319.988,157892,2379499,0,0,2537391,149:35:00,04:55,46:30:00,22:40,74:10:00,297:50:00
ingenio san nicolas s.a. de c.v.,2012-2013,22,638679.82,614109.547,7019.47,65490.85,65490.85,0.0,0.0,0.0,0,25145.949,0.0,0.0,82.453,97.053,96.203,27.861,13.27,12.707,15.63,12.6,80.608,1.73,49.98,24570.273,3081.281,8457.727,709.266,1992.293,14240.567,157892,2540032,0,0,2697924,155:40:00,04:55,46:30:00,27:10:00,91:50:00,326:05:00
ingenio san nicolas s.a. de c.v.,2012-2013,23,682380.89,656050.736,7487.39,70386.0,70386.0,0.0,0.0,0.0,0,26870.818,0.0,0.0,82.545,97.069,96.214,27.929,13.307,12.761,15.67,12.65,80.701,1.73,49.96,26330.154,3296.841,9062.544,753.259,2086.552,15199.196,157892,2640779,0,0,2798671,161:10:00,04:55,46:30:00,27:10:00,101:05:00,340:50:00
ingenio san nicolas s.a. de c.v.,2012-2013,24,726017.94,698028.189,8165.82,75522.25,75522.25,0.0,0.0,0.0,0,28757.454,0.0,0.0,82.633,97.116,96.221,27.951,13.325,12.814,15.71,12.7,80.828,1.73,49.94,27989.751,3515.459,9679.367,795.632,2165.558,16156.016,157892,2777951,0,0,2935843,167:45:00,05:25,46:30:00,27:10:00,103:15:00,350:05:00
ingenio san nicolas s.a. de c.v.,2012-2013,25,769943.06,740256.215,8572.26,80727.35,80727.35,0.0,0.0,0.0,0,30601.284,0.0,0.0,82.707,97.156,96.224,28.017,13.37,12.868,15.75,12.74,80.94,1.73,49.88,29686.845,3741.223,10317.382,836.656,2237.553,17132.814,157892,2820952,0,0,2978844,167:45:00,06:20,46:30:00,27:10:00,115:15:00,363:00:00
ingenio san nicolas s.a. de c.v.,2012-2013,26,794780.76,764203.462,8888.35,83520.65,83520.65,0.0,0.0,0.0,0,31862.622,0.0,0.0,82.708,97.15,96.219,28.05,13.397,12.896,15.77,12.77,80.992,1.74,49.84,30577.298,3874.942,10675.556,862.294,2310.714,17723.506,157892,3001015,0,0,3158907,167:50:00,06:20,81:25:00,34:20:00,153:05:00,442:60
ingenio san nicolas s.a. de c.v.,2012-2013,27,839594.15,807290.431,9606.6,88333.65,88333.65,0.0,0.0,0.0,0,33695.217,0.0,0.0,82.679,97.204,96.234,28.07,13.426,12.947,15.81,12.82,81.088,1.74,49.77,32303.719,4093.403,11350.651,905.887,2478.39,18828.331,157892,3022247,0,0,3180139,170:20:00,06:20,81:25:00,42:50:00,153:05:00,454:00:00
ingenio san nicolas s.a. de c.v.,2012-2013,28,884561.48,850467.184,10186.28,93134.2,93134.2,0.0,0.0,0.0,0,35811.671,0.0,0.0,82.606,97.206,96.232,28.136,13.469,12.984,15.84,12.85,81.162,1.74,49.72,34094.296,4327.676,12032.308,949.029,2668.857,19977.87,157892,3022247,0,0,3180139,170:50:00,06:30,81:25:00,43:20:00,153:05:00,455:10:00
ingenio san nicolas s.a. de c.v.,2012-2013,29,925817.22,890082.707,10747.69,97800.1,97800.1,0.0,0.0,0.0,8899,37766.817,0.0,0.0,82.583,97.214,96.234,28.152,13.485,13.017,15.87,12.89,81.21,1.74,49.69,35734.513,4539.068,12686.182,990.126,2774.65,20990.026,157892,3067070,0,0,3224962,179:10:00,06:30,81:25:00,43:30:00,153:05:00,463:40:00
ingenio san nicolas s.a. de c.v.,2012-2013,30,968166.86,930709.546,11363.97,102354.65,102354.65,0.0,0.0,0.0,344722,40054.319,0.0,0.0,82.449,97.221,96.23,28.209,13.523,13.045,15.89,12.91,81.239,1.74,49.65,37457.314,4762.124,13442.233,1033.945,2929.273,22167.575,157892,3085522,0,44109,3287523,183:15:00,06:30,81:25:00,43:40:00,153:50:00,467:55:00
ingenio san nicolas s.a. de c.v.,2012-2013,31,1011359.63,972195.288,11947.435,107315.5,107315.5,0.0,0.0,0.0,684701,42443.863,0.0,0.0,82.308,97.226,96.221,28.255,13.567,13.071,15.93,12.94,81.206,1.75,49.56,39164.342,4995.491,14272.897,1079.384,3040.254,23388.026,157892,3104527,0,91722,3354141,184:55:00,06:30,81:25:00,43:55:00,153:50:00,469:50:00
ingenio san nicolas s.a. de c.v.,2012-2013,32,1053996.65,1013129.785,12508.895,111920.45,111920.45,0.0,0.0,0.0,1029014,44589.1,0.0,0.0,82.21,97.188,96.187,28.328,13.608,13.091,15.96,12.96,81.171,1.76,49.52,40866.865,5261.088,15019.332,1129.712,3135.426,24545.558,157892,3145731,0,157981,3461604,199:20:00,06:50,81:25:00,44:05:00,153:05:00,484:45:00
ingenio san nicolas s.a. de c.v.,2012-2013,33,1093888.77,1051388.865,12800.585,116138.7,116138.7,0.0,0.0,0.0,1186825,46664.597,0.0,0.0,82.098,97.131,96.178,28.411,13.655,13.098,15.98,12.97,81.14,1.76,49.49,42499.905,5475.652,15770.301,1174.191,3229.716,25649.86,157892,3198210,0,166749,3522851,202:30:00,07:50,81:25:00,55:20:00,153:05:00,500:10:00
ingenio san nicolas s.a. de c.v.,2012-2013,34,1136277.18,1092034.706,13475.455,120196.65,120196.65,0.0,0.0,0.0,1214095,48931.555,0.0,0.0,81.821,97.046,96.157,28.518,13.717,13.085,15.99,12.96,81.059,1.76,49.45,44242.474,5713.405,16574.568,1218.682,3521.721,27028.376,157892,3198210,0,166749,3522851,204:55:00,07:50,81:25:00,56:45:00,153:05:00,504:00:00
ingenio san nicolas s.a. de c.v.,2012-2013,35,1160159.71,1115109.42,13880.015,122556.1,122556.1,0.0,0.0,0.0,1214095,50495.796,0.0,0.0,81.642,96.988,96.149,28.595,13.766,13.066,16.0,12.95,80.96,1.76,49.41,45050.29,5838.091,17071.715,1258.01,3660.101,27827.917,157892,3434009,0,166749,3758650,205:60,08:20,81:25:00,56:45:00,205:15:00,557:45:00
ingenio san nicolas s.a. de c.v.,2012-2013,36,1182153.8,1128826.85,14399.05,125193.95,124383.2,810.75,0.0,0.0,1214095,52678.143,107.984245,113.086,81.201,96.904,96.138,28.672,13.813,13.029,15.989,12.926,80.838,1.755,49.38,53326.95,5948.324,17722.343,1363.176,3920.599,28954.442,157892,3647776,291158,166749,4342236,207:30:00,08:35,81:25:00,73:40:00,263:05:00,634:15:00
grupo azucarero san pedro s.a. de c.v.,2012-2013,10,28815.0,27555.293,292.5,2002.5,0.0,2002.5,0.0,0.0,0,69.414,0.0,0.0,75.971,101.086,94.826,30.269,12.541,12.203,14.99,11.448,76.39,2.086,55.61,1259.707,181.952,345.353,64.997,252.672,844.974,41550,223126,0,0,264676,33:45:00,00:55,00:00,01:00,00:00,35:40:00
grupo azucarero san pedro s.a. de c.v.,2012-2013,11,68125.0,64978.723,709.35,5819.45,0.0,5819.45,0.0,0.0,0,476.276,0.0,0.0,80.516,97.985,95.066,28.976,12.581,12.167,15.36,11.805,76.852,2.072,53.64,3146.277,408.966,723.886,144.455,337.715,1615.022,41550,331159,0,0,372709,41:45:00,01:45,00:00,02:40,48:25:00,94:35:00
grupo azucarero san pedro s.a. de c.v.,2012-2013,12,118825.0,113447.506,1238.35,11478.1,0.0,11478.1,0.0,0.0,0,1832.516,0.0,0.0,82.296,97.375,95.325,28.588,12.638,12.309,15.49,12.05,77.818,2.013,52.96,5377.494,683.832,1198.485,253.085,454.036,2589.438,41550,449163,0,0,490713,46:05:00,03:05,00:00,04:45,75:55:00,129:50:00
grupo azucarero san pedro s.a. de c.v.,2012-2013,13,162085.0,154353.433,1238.35,15680.7,0.0,15680.7,0.0,0.0,0,2635.299,0.0,0.0,82.713,97.35,95.522,28.196,12.663,12.293,15.51,12.063,77.781,1.952,52.33,7731.567,892.204,1645.749,364.307,542.386,3444.646,41550,564672,0,0,606222,80:00:00,04:00,00:00,06:45,99:55:00,190:40:00
grupo azucarero san pedro s.a. de c.v.,2012-2013,14,198490.0,188900.768,2174.6,19464.75,0.0,19464.75,0.0,0.0,0,3847.858,0.0,0.0,82.8,97.422,95.653,27.939,12.67,12.225,15.51,12.003,77.371,1.902,51.95,9589.232,1054.839,2014.903,464.853,638.948,4173.543,41550,705527,0,0,747077,88:40:00,05:40,00:00,07:00,164:10:00,265:30:00
grupo azucarero san pedro s.a. de c.v.,2012-2013,15,243057.0,230975.808,2634.6,23870.9,0.0,23870.9,0.0,0.0,0,5078.141,0.0,0.0,83.043,96.974,95.663,27.722,12.662,12.159,15.51,11.994,77.347,1.902,51.62,12081.192,1281.683,2441.957,541.621,746.076,5011.337,41550,827271,0,0,868821,94:15:00,07:40,00:00,07:15,212:00:00,321:10:00
grupo azucarero san pedro s.a. de c.v.,2012-2013,16,296311.0,281039.111,3201.13,29252.45,0.0,29252.45,0.0,0.0,0,6635.658,0.0,0.0,83.49,96.224,95.668,27.455,12.61,12.138,15.54,12.068,77.663,1.915,51.34,15271.889,1558.255,2908.655,616.979,854.226,5938.115,41550,872145,0,0,913695,117:55:00,11:30,00:00,07:40,221:10:00,358:15:00
grupo azucarero san pedro s.a. de c.v.,2012-2013,17,360041.0,341445.222,3824.3,35572.1,0.0,35572.1,0.0,0.0,0,8817.061,0.0,0.0,83.515,96.028,95.718,27.258,12.566,12.093,15.5,12.054,77.751,1.9,51.18,18595.778,1864.375,3590.81,706.23,1016.417,7177.832,41550,872976,0,0,914526,124:45:00,12:15,00:00,07:40,224:00:00,368:40:00
grupo azucarero san pedro s.a. de c.v.,2012-2013,18,417051.0,395152.816,4449.22,41573.05,0.0,41573.05,0.0,0.0,0,10814.019,0.0,0.0,83.801,95.891,95.759,27.168,12.547,12.087,15.49,12.07,77.932,1.887,51.12,21898.184,2137.741,4077.271,791.175,1159.423,8165.61,41550,877547,0,0,919097,148:00:00,12:25,00:00,09:10,226:45:00,396:20:00
grupo azucarero san pedro s.a. de c.v.,2012-2013,19,475424.0,450543.035,5095.12,47313.45,0.0,47313.45,0.0,0.0,0,12331.888,0.0,0.0,83.607,95.625,95.739,27.227,12.533,12.079,15.5,12.094,78.021,1.89,51.26,24880.965,2446.819,4619.322,867.504,1480.621,9414.266,41550,877547,0,0,919097,152:30:00,12:55,00:00,09:45,249:50:00,425:00:00
grupo azucarero san pedro s.a. de c.v.,2012-2013,20,530454.0,502376.503,5751.19,53047.75,0.0,53047.75,0.0,0.0,0,13416.945,0.0,0.0,83.541,95.519,95.73,27.226,12.523,12.102,15.54,12.128,78.07,1.898,51.29,28077.497,2741.315,5206.958,942.828,1674.52,10565.621,41550,877547,0,0,919097,173:00:00,14:40,00:00,10:50,261:50:00,460:20:00
grupo azucarero san pedro s.a. de c.v.,2012-2013,21,580500.0,549251.408,6349.37,58082.95,0.0,58082.95,0.0,0.0,0,14992.922,0.0,0.0,83.596,95.584,95.783,27.174,12.521,12.103,15.54,12.129,78.058,1.878,51.24,31248.592,2962.875,5695.474,1014.976,1851.998,11525.323,41550,877547,0,0,919097,187:50:00,18:30,00:00,11:40,288:20:00,506:20:00
grupo azucarero san pedro s.a. de c.v.,2012-2013,22,634934.0,600423.377,7051.78,63953.95,0.0,63953.95,0.0,0.0,0,16638.871,0.0,0.0,83.738,95.555,95.791,27.151,12.52,12.132,15.56,12.162,78.181,1.881,51.21,34510.623,3242.597,6189.752,1092.931,2001.535,12526.815,41550,887935,0,0,929485,210:35:00,21:45,00:00,11:40,299:05:00,543:05:00
grupo azucarero san pedro s.a. de c.v.,2012-2013,23,689081.0,651399.838,7820.83,69621.35,0.0,69621.35,0.0,0.0,0,18450.609,0.0,0.0,83.828,95.549,95.804,27.145,12.517,12.172,15.58,12.204,78.327,1.882,51.21,37681.162,3519.639,6684.657,1170.283,2189.481,13564.06,41550,887935,0,0,929485,227:25:00,26:00:00,00:00,11:50,312:20:00,577:35:00
grupo azucarero san pedro s.a. de c.v.,2012-2013,24,744517.0,703585.1,8495.14,75471.45,0.0,75471.45,0.0,0.0,0,20218.415,0.0,0.0,83.771,95.655,95.812,27.148,12.516,12.207,15.59,12.227,78.428,1.883,51.22,40931.9,3806.067,7334.135,1232.698,2376.529,14749.429,41550,887935,0,0,929485,241:55:00,38:00:00,00:00,12:05,314:55:00,606:55:00
grupo azucarero san pedro s.a. de c.v.,2012-2013,25,804562.0,760053.641,9457.89,81971.65,0.0,81971.65,0.0,0.0,0,21945.288,0.0,0.0,83.849,95.717,95.795,27.204,12.517,12.247,15.6,12.257,78.562,1.893,51.3,44508.359,4142.845,7906.02,1296.506,2568.967,15914.338,41550,887935,0,0,929485,256:00:00,38:25:00,00:00,12:40,314:55:00,622:00:00
grupo azucarero san pedro s.a. de c.v.,2012-2013,26,856260.0,808941.217,10110.84,87295.6,0.0,87295.6,0.0,0.0,0,23668.514,0.0,0.0,83.783,95.788,95.788,27.239,12.517,12.26,15.61,12.26,78.534,1.896,51.35,47318.783,4421.69,8485.758,1359.497,2756.659,17023.604,41550,887935,0,0,929485,284:20:00,40:50:00,00:00,13:25,323:10:00,661:45:00
grupo azucarero san pedro s.a. de c.v.,2012-2013,27,913500.0,862703.19,10877.44,93289.85,0.0,93289.85,0.0,0.0,0,25546.508,0.0,0.0,83.739,95.804,95.788,27.251,12.518,12.282,15.64,12.28,78.545,1.898,51.36,50796.81,4725.718,9135.379,1428.042,2955.439,18244.578,41550,887935,0,0,929485,298:35:00,54:00:00,00:00,13:50,323:10:00,689:35:00
grupo azucarero san pedro s.a. de c.v.,2012-2013,28,972305.0,917711.634,11777.11,99569.15,0.0,99569.15,0.0,0.0,0,27280.72,0.0,0.0,83.811,95.697,95.771,27.255,12.52,12.301,15.66,12.311,78.606,1.909,51.35,54593.366,5058.619,9657.91,1483.288,3163.441,19363.258,41550,887935,0,0,929485,315:20:00,54:05:00,00:00,15:00,323:10:00,707:35:00
grupo azucarero san pedro s.a. de c.v.,2012-2013,29,1027070.0,968880.926,12617.54,105549.1,0.0,105549.1,0.0,0.0,0,29698.602,0.0,0.0,83.694,95.677,95.744,27.303,12.522,12.338,15.7,12.347,78.663,1.923,51.4,58189.074,5393.559,10289.86,1535.185,3445.137,20663.741,41550,887935,0,0,929485,337:45:00,56:05:00,00:00,17:15,323:10:00,734:15:00
grupo azucarero san pedro s.a. de c.v.,2012-2013,30,1083085.0,1021217.061,13446.44,111355.0,0.0,111355.0,0.0,0.0,0,31739.438,0.0,0.0,83.638,95.68,95.705,27.434,12.561,12.357,15.72,12.36,78.621,1.934,51.45,61867.939,5747.938,10954.285,1586.344,3609.719,21898.286,41550,887935,0,0,929485,359:50:00,60:15:00,00:00,17:20,323:10:00,760:35:00
grupo azucarero san pedro s.a. de c.v.,2012-2013,31,1135541.0,1070259.06,14296.83,116844.55,0.0,116844.55,0.0,0.0,0,33771.961,0.0,0.0,83.554,95.716,95.64,27.6,12.604,12.372,15.74,12.362,78.563,1.954,51.55,65281.94,6125.186,11567.123,1655.493,3756.303,23104.105,41550,887935,0,0,929485,390:15:00,60:25:00,00:00,17:55,323:10:00,791:45:00
grupo azucarero san pedro s.a. de c.v.,2012-2013,32,1188846.0,1120054.6,15139.66,122302.75,0.0,122302.75,0.0,0.0,0,35591.496,0.0,0.0,83.451,95.696,95.577,27.768,12.648,12.382,15.75,12.366,78.524,1.972,51.64,68791.4,6510.311,12208.213,1744.368,3896.5,24359.392,41550,887935,0,0,929485,415:10:00,62:50:00,00:00,19:05,327:20:00,824:25:00
grupo azucarero san pedro s.a. de c.v.,2012-2013,33,1235631.0,1163767.429,15877.74,126895.7,0.0,126895.7,0.0,0.0,0,37440.612,0.0,0.0,83.255,95.64,95.481,28.0,12.718,12.39,15.77,12.37,78.452,2.0,51.73,71863.571,6918.831,12835.36,1804.128,4077.966,25636.285,41550,940288,0,0,981838,452:35:00,66:50:00,00:00,21:15,332:05:00,872:45:00
grupo azucarero san pedro s.a. de c.v.,2012-2013,34,1282494.0,1207529.076,16630.02,131937.7,0.0,131937.7,0.0,0.0,0,39492.973,0.0,0.0,83.226,95.562,95.393,28.212,12.79,12.401,15.78,12.379,78.429,2.025,51.77,74964.924,7327.687,13286.871,1856.956,4205.54,26677.054,41550,943612,0,0,985162,478:40:00,67:00:00,00:00,38:40:00,336:05:00,920:25:00
grupo azucarero san pedro s.a. de c.v.,2012-2013,35,1304680.0,1228308.376,17001.34,134135.6,0.0,134135.6,0.0,0.0,0,40333.355,0.0,0.0,83.135,95.547,95.354,28.304,12.822,12.387,15.78,12.362,78.34,2.033,51.79,76371.624,7507.804,13566.037,1899.286,4283.784,27256.911,41550,1154687,0,0,1196237,484:00:00,67:00:00,00:00,38:45:00,438:50:00,1028:35:00
grupo azucarero san pedro s.a. de c.v.,2012-2013,36,1331215.0,1253081.899,17316.45,136029.05,0.0,136029.05,0.0,0.0,0,41177.086,0.0,0.0,82.914,95.501,95.298,28.436,12.864,12.365,15.78,12.339,78.206,2.045,51.83,78133.101,7740.476,14042.245,1943.945,4397.709,28124.375,41550,1497060,0,0,1538610,511:35:00,68:10:00,00:00,40:45:00,503:25:00,1123:55:00
grupo azucarero san pedro s.a. de c.v.,2012-2013,37,1372837.08,1292222.766,17605.58,140054.9,0.0,140054.9,0.0,0.0,0,43804.535,100.717924,107.001,82.623,95.349,95.184,28.658,12.929,12.319,15.76,12.298,78.052,2.07,51.91,80614.314,8144.059,14667.716,2005.119,4570.411,29387.305,41550,1978627,101050,0,2121227,533:45:00,74:50:00,00:00,44:30:00,520:30:00,1173:35:00
ingenio san rafael de pucte s.a. de c.v.,2012-2013,5,54193.19,52687.848,513.55,3083.4,0.0,3083.4,0.0,0.0,0,1908.138,0.0,0.0,73.056,92.016,94.795,28.38,12.603,11.064,15.244,11.398,74.773,2.029,52.474,1505.342,312.076,993.938,90.994,218.565,1615.573,0,0,0,0,0,00:00,00:00,00:00,00:00,00:00,00:00
ingenio san rafael de pucte s.a. de c.v.,2012-2013,6,118073.92,114850.428,1387.9,7804.5,0.0,7804.5,0.0,0.0,0,4342.143,0.0,0.0,73.985,92.249,94.908,28.221,12.559,11.138,15.338,11.459,74.71,2.009,52.413,3223.492,669.64,2129.449,210.76,411.503,3421.352,0,0,0,0,0,01:15,00:00,00:00,00:00,00:00,01:15
ingenio san rafael de pucte s.a. de c.v.,2012-2013,7,183175.67,176789.947,2088.45,13291.4,0.0,13291.4,0.0,0.0,0,6734.077,0.0,0.0,75.183,92.1,95.024,28.809,12.824,11.091,15.297,11.443,74.807,1.915,52.541,6385.722,1010.889,3166.317,302.196,562.542,5041.944,0,0,0,0,0,08:59,00:00,00:00,00:00,00:00,08:59
ingenio san rafael de pucte s.a. de c.v.,2012-2013,8,243662.8,233770.066,3041.1,18700.3,0.0,18700.3,0.0,0.0,0,9270.469,0.0,0.0,75.906,92.146,95.159,28.92,12.892,11.147,15.345,11.511,75.014,1.866,52.556,9892.734,1314.919,4102.407,385.432,741.347,6544.105,0,0,0,0,0,29:12:00,00:00,00:00,00:00,00:00,29:12:00
ingenio san rafael de pucte s.a. de c.v.,2012-2013,9,285056.24,272622.911,3755.7,22764.5,0.0,22764.5,0.0,0.0,0,11174.458,0.0,0.0,76.415,92.039,95.137,29.081,12.942,11.176,15.377,11.552,75.124,1.869,52.628,12433.329,1549.391,4669.401,445.51,849.442,7513.744,0,0,0,0,0,93:18:00,00:00,00:00,00:00,00:00,93:18:00
ingenio san rafael de pucte s.a. de c.v.,2012-2013,10,338329.68,323019.52,4465.4,27868.9,0.0,27868.9,0.0,0.0,0,13395.445,0.0,0.0,76.986,92.324,95.18,29.116,12.969,11.23,15.388,11.577,75.237,1.859,52.609,15310.161,1831.235,5373.028,542.941,996.601,8743.805,0,0,0,0,0,127:19:00,00:00,00:00,00:30,00:00,127:49:00
ingenio san rafael de pucte s.a. de c.v.,2012-2013,11,397420.36,378413.805,5304.25,33484.3,0.0,33484.3,0.0,0.0,0,15751.983,0.0,0.0,77.512,92.053,95.166,29.328,13.072,11.251,15.435,11.631,75.358,1.854,52.588,19006.557,2161.617,6085.798,647.078,1160.582,10055.075,0,0,0,0,0,148:43:00,00:20,00:00,00:30,02:35,152:08:00
ingenio san rafael de pucte s.a. de c.v.,2012-2013,12,455794.72,433617.573,6098.25,39154.3,0.0,39154.3,0.0,0.0,0,17916.787,0.0,0.0,77.999,91.84,95.168,29.47,13.154,11.264,15.493,11.672,75.337,1.846,52.544,22177.148,2480.673,6783.451,744.353,1286.631,11295.108,0,0,0,0,0,178:13:00,00:20,00:00,02:23,04:26,185:22:00
ingenio san rafael de pucte s.a. de c.v.,2012-2013,13,515783.68,489892.84,6761.1,44596.1,0.0,44596.1,0.0,0.0,0,20234.848,0.0,0.0,78.186,91.655,95.238,29.495,13.204,11.309,15.591,11.751,75.371,1.825,52.45,25890.842,2777.618,7619.989,833.166,1493.502,12724.275,0,0,0,0,0,208:56:00,00:40,00:00,02:23,04:26,216:25:00
ingenio san rafael de pucte s.a. de c.v.,2012-2013,14,583485.72,553040.818,7579.05,50860.1,0.0,50860.1,0.0,0.0,0,22823.377,0.0,0.0,78.41,91.483,95.311,29.554,13.283,11.373,15.696,11.849,75.49,1.804,52.308,30444.905,3111.768,8575.619,937.608,1701.945,14326.94,0,0,0,0,0,220:51:00,00:40,00:00,03:48,04:26,229:45:00
ingenio san rafael de pucte s.a. de c.v.,2012-2013,15,647810.15,613183.722,8439.3,57067.2,0.0,57067.2,0.0,0.0,0,25131.474,0.0,0.0,78.739,91.374,95.36,29.636,13.361,11.39,15.756,11.887,75.443,1.783,52.195,34626.429,3423.55,9424.163,1018.19,1821.463,15687.366,0,0,0,0,0,224:22:00,00:40,00:00,03:48,21:21,250:11:00
ingenio san rafael de pucte s.a. de c.v.,2012-2013,16,710039.09,671795.336,9305.05,62911.0,0.0,62911.0,0.0,0.0,0,27337.294,0.0,0.0,78.9,91.509,95.447,29.519,13.342,11.447,15.834,11.939,75.404,1.765,52.104,38243.755,3700.613,10314.663,1086.092,2048.192,17149.56,0,0,0,0,0,247:39:00,00:40,00:00,03:48,28:22:00,280:29:00
ingenio san rafael de pucte s.a. de c.v.,2012-2013,17,754046.09,713353.886,10076.6,67300.9,0.0,67300.9,0.0,0.0,0,28953.837,0.0,0.0,79.067,91.621,95.509,29.385,13.307,11.481,15.871,11.968,75.409,1.754,52.031,40692.206,3887.664,10910.587,1133.214,2190.333,18121.798,0,0,0,0,0,255:12:00,00:40,00:00,03:48,89:20:00,349:00:00
ingenio san rafael de pucte s.a. de c.v.,2012-2013,18,806162.32,762253.596,10640.05,72072.1,0.0,72072.1,0.0,0.0,0,31020.349,0.0,0.0,79.137,91.482,95.518,29.471,13.355,11.482,15.946,11.988,75.183,1.746,52.007,43908.726,4149.143,11606.166,1213.01,2343.481,19311.8,0,0,0,0,0,264:34:00,00:40,00:00,03:48,130:17:00,399:19:00
ingenio san rafael de pucte s.a. de c.v.,2012-2013,19,867421.2,819303.169,11423.75,78008.5,0.0,78008.5,0.0,0.0,0,33372.753,0.0,0.0,79.281,91.422,95.547,29.554,13.417,11.502,16.014,12.021,75.066,1.733,51.937,48118.033,4443.149,12401.82,1313.296,2512.997,20671.262,0,0,0,0,0,277:33:00,00:40,00:00,03:48,142:50:00,424:51:00
ingenio san rafael de pucte s.a. de c.v.,2012-2013,20,929668.64,877190.446,12270.2,84236.0,0.0,84236.0,0.0,0.0,0,35671.152,0.0,0.0,79.433,91.25,95.555,29.666,13.477,11.512,16.052,12.055,75.1,1.724,51.915,52478.196,4756.898,13199.826,1383.19,2671.646,22011.56,0,0,0,0,0,296:17:00,00:40,00:00,03:58,142:50:00,443:45:00
ingenio san rafael de pucte s.a. de c.v.,2012-2013,21,991286.27,934106.424,13115.1,90247.5,0.0,90247.5,0.0,0.0,0,37894.36,0.0,0.0,79.617,91.306,95.601,29.603,13.458,11.551,16.08,12.094,75.211,1.716,51.89,57179.848,5037.498,14017.517,1448.371,2835.098,23338.484,0,0,0,0,0,319:03:00,00:40,00:00,03:58,142:50:00,466:31:00
ingenio san rafael de pucte s.a. de c.v.,2012-2013,22,1058408.77,996413.871,13956.95,96815.8,0.0,96815.8,0.0,0.0,0,40423.769,0.0,0.0,79.818,91.399,95.655,29.565,13.471,11.594,16.106,12.134,75.336,1.704,51.804,61994.9,5332.026,14879.883,1516.959,3037.472,24766.34,0,0,0,0,0,329:48:00,00:40,00:00,04:38,142:50:00,477:56:00
ingenio san rafael de pucte s.a. de c.v.,2012-2013,23,1124374.02,1057676.702,15024.35,103367.7,0.0,103367.7,0.0,0.0,0,42811.345,0.0,0.0,79.935,91.32,95.68,29.655,13.518,11.645,16.156,12.202,75.523,1.696,51.798,66697.319,5656.355,15765.3,1583.873,3267.042,26272.57,0,0,0,0,0,343:14:00,01:51,00:00,06:08,142:50:00,494:03:00
ingenio san rafael de pucte s.a. de c.v.,2012-2013,24,1183353.14,1112756.06,15850.7,109109.1,0.0,109109.1,0.0,0.0,0,45075.958,0.0,0.0,80.015,91.367,95.696,29.671,13.533,11.678,16.178,12.232,75.604,1.694,51.773,70597.081,5947.498,16552.676,1647.094,3470.508,27617.776,0,0,0,0,0,358:40:00,01:51,00:00,06:08,156:25:00,523:04:00
ingenio san rafael de pucte s.a. de c.v.,2012-2013,25,1247801.54,1172535.368,16861.1,115865.9,0.0,115865.9,0.0,0.0,0,47454.397,0.0,0.0,80.157,91.459,95.73,29.65,13.537,11.713,16.196,12.261,75.699,1.687,51.732,75266.174,6241.144,17372.394,1719.553,3669.579,29002.67,0,0,0,0,0,369:23:00,02:21,00:00,06:22,156:25:00,534:31:00
ingenio san rafael de pucte s.a. de c.v.,2012-2013,26,1310284.3,1230271.178,17852.5,122084.9,0.0,122084.9,0.0,0.0,0,49707.034,0.0,0.0,80.265,91.494,95.767,29.655,13.557,11.757,16.225,12.306,75.846,1.678,51.688,80013.124,6520.924,18188.416,1788.437,3904.013,30401.79,0,0,0,0,0,380:55:00,02:51,00:00,08:02,156:25:00,548:13:00
ingenio san rafael de pucte s.a. de c.v.,2012-2013,27,1367411.64,1283314.455,18640.25,127797.2,0.0,127797.2,0.0,0.0,0,51889.659,0.0,0.0,80.335,91.486,95.801,29.661,13.577,11.797,16.27,12.353,75.926,1.67,51.64,84097.187,6773.072,18960.235,1852.021,4136.502,31721.83,0,0,0,0,0,409:12:00,02:51,00:00,08:02,156:25:00,576:30:00
ingenio san rafael de pucte s.a. de c.v.,2012-2013,28,1423026.79,1334955.472,19775.2,133472.7,0.0,133472.7,0.0,0.0,0,53904.441,0.0,0.0,80.387,91.473,95.828,29.654,13.584,11.836,16.313,12.4,76.01,1.665,51.613,88071.32,7027.619,19727.368,1913.076,4365.758,33033.821,0,0,0,0,0,439:18:00,04:28,00:00,08:02,156:25:00,608:13:00
ingenio san rafael de pucte s.a. de c.v.,2012-2013,29,1485042.49,1392391.419,20819.25,139047.5,0.0,139047.5,0.0,0.0,0,56237.276,0.0,0.0,80.368,91.38,95.82,29.732,13.619,11.87,16.365,12.447,76.059,1.669,51.609,92651.071,7368.502,20634.715,1982.926,4621.111,34607.254,0,0,0,0,0,458:52:00,05:11,00:00,08:20,156:25:00,628:03:00
ingenio san rafael de pucte s.a. de c.v.,2012-2013,30,1536264.66,1439667.25,21754.15,143974.5,0.0,143974.5,0.0,0.0,0,58310.519,0.0,0.0,80.366,91.307,95.833,29.788,13.653,11.902,16.416,12.492,76.098,1.665,51.59,96597.41,7619.514,21411.254,2045.854,4825.197,35901.819,0,0,0,0,0,498:42:00,05:11,00:00,08:50,156:25:00,668:23:00
ingenio san rafael de pucte s.a. de c.v.,2012-2013,31,1594172.33,1493175.877,22726.45,149164.7,0.0,149164.7,0.0,0.0,0,61011.606,0.0,0.0,80.333,91.215,95.846,29.857,13.696,11.93,16.467,12.536,76.129,1.66,51.559,100996.453,7900.99,22312.03,2122.81,5068.949,37404.779,0,0,0,0,0,521:35:00,05:11,00:00,08:50,156:25:00,691:16:00
ingenio san rafael de pucte s.a. de c.v.,2012-2013,32,1657645.03,1551869.691,23705.6,155571.2,0.0,155571.2,0.0,0.0,0,64196.672,0.0,0.0,80.105,91.086,95.832,29.962,13.741,11.941,16.508,12.563,76.1,1.661,51.565,105775.339,8250.634,23461.752,2212.207,5454.087,39378.68,0,0,0,0,0,528:18:00,05:11,00:00,08:05,156:25:00,697:59:00
ingenio san rafael de pucte s.a. de c.v.,2012-2013,33,1717721.51,1607318.543,24874.8,161466.4,0.0,161466.4,0.0,0.0,0,67083.985,0.0,0.0,79.978,90.977,95.822,30.074,13.79,11.958,16.559,12.594,76.06,1.661,51.571,110402.965,8582.419,24365.745,2295.351,5881.07,41124.585,0,0,0,0,0,538:57:00,08:21,00:00,11:15,156:25:00,714:58:00
ingenio san rafael de pucte s.a. de c.v.,2012-2013,34,1765650.67,1651558.743,26077.45,165759.4,0.0,165759.4,0.0,0.0,0,69496.182,0.0,0.0,79.836,90.923,95.822,30.165,13.835,11.965,16.595,12.609,75.983,1.657,51.564,114091.925,8826.154,25182.151,2356.72,6233.8,42598.825,0,0,0,0,0,548:32:00,41:26:00,00:00,12:31,156:25:00,758:54:00
ingenio san rafael de pucte s.a. de c.v.,2012-2013,35,1814330.32,1696550.42,27046.8,169767.4,0.0,169767.4,0.0,0.0,0,71833.64,0.0,0.0,79.469,90.831,95.8,30.294,13.879,11.936,16.623,12.589,75.733,1.655,51.609,117779.9,9096.541,26289.092,2470.779,6607.293,44463.705,0,0,0,0,0,557:59:00,41:26:00,00:00,12:31,185:45:00,797:41:00
ingenio san rafael de pucte s.a. de c.v.,2012-2013,36,1846008.09,1725929.001,27742.3,172002.6,0.0,172002.6,0.0,0.0,0,74005.874,0.0,0.0,79.162,90.763,95.779,30.37,13.899,11.9,16.636,12.558,75.488,1.654,51.646,120078.09,9273.887,27042.917,2571.658,6887.841,45776.303,0,0,0,0,0,565:29:00,41:26:00,00:00,12:31,261:37:00,881:03:00
ingenio san rafael de pucte s.a. de c.v.,2012-2013,37,1886044.49,1763104.008,28459.35,174878.7,0.0,174878.7,0.0,0.0,0,77300.203,0.0,0.0,78.829,90.679,95.736,30.495,13.938,11.835,16.629,12.495,75.142,1.655,51.69,122939.482,9518.709,27875.825,2751.052,7111.744,47257.33,0,0,0,0,0,580:31:00,41:26:00,00:00,12:36,305:24:00,939:57:00
ingenio san rafael de pucte s.a. de c.v.,2012-2013,38,1894448.0,1771508.008,28541.7,176258.0,0.0,176258.0,0.0,0.0,0,78156.0,0.0,0.0,0.0,0.0,0.0,0.0,0.0,0.0,0.0,0.0,0.0,0.0,0.0,0.0,0.0,0.0,0.0,0.0,0.0,0,0,0,0,0,00:00,00:00,00:00,00:00,00:00,00:00
ingenio san rafael de pucte s.a. de c.v.,2012-2013,39,1894448.21,1770903.01,29317.1,176468.1,0.0,176468.1,0.0,0.0,0,79909.66,93.743293,100.283,78.54,90.659,95.727,30.523,13.946,11.818,16.624,12.479,75.066,1.654,51.702,123545.201,9566.206,28214.184,2783.216,7483.559,48047.165,0,0,0,0,0,580:43:00,41:26:00,00:00,12:36,434:27:00,1069:12:00
ingenio santa clara s.a. de c.v.,2012-2013,12,20150.0,19650.0,247.0,1515.85,0.0,1515.85,0.0,0.0,0,300.0,0.0,0.0,82.538,99.869,96.776,27.199,13.087,12.409,15.12,12.025,79.529,1.471,49.74,500.0,80.613,270.806,12.613,72.593,436.625,0,0,0,0,0,01:50,00:00,00:00,00:10,00:00,02:00
ingenio santa clara s.a. de c.v.,2012-2013,13,54020.0,52594.79,665.0,4882.75,0.0,4882.75,0.0,0.0,0,1865.0,0.0,0.0,82.516,99.558,96.606,27.328,13.075,12.379,15.06,12.012,79.755,1.537,49.95,1325.21,226.944,744.684,28.534,169.022,1169.184,0,0,0,0,0,06:15,00:00,00:00,00:30,00:00,06:45
ingenio santa clara s.a. de c.v.,2012-2013,14,69042.59,67350.89,845.0,6577.6,0.0,6577.6,0.0,0.0,0,2535.0,0.0,0.0,82.604,99.62,96.634,27.298,13.058,12.369,15.05,11.998,79.702,1.525,49.97,1691.7,287.432,950.144,36.113,211.918,1485.607,0,0,0,0,0,05:15,00:00,00:00,00:30,96:00:00,102:45:00
ingenio santa clara s.a. de c.v.,2012-2013,15,92102.59,89843.49,1187.0,8693.3,0.0,8693.3,0.0,0.0,0,3435.0,0.0,0.0,82.709,99.956,96.711,27.292,13.031,12.366,15.05,11.964,79.517,1.49,50.1,2259.1,374.606,1261.876,46.039,286.841,1969.362,0,0,0,0,0,09:30,00:10,00:00,00:40,145:45:00,156:05:00
ingenio santa clara s.a. de c.v.,2012-2013,16,126022.59,123117.69,1601.0,12285.1,0.0,12285.1,0.0,0.0,0,4985.0,0.0,0.0,82.745,100.349,96.811,27.037,12.896,12.441,15.08,12.003,79.603,1.468,50.19,2904.9,500.035,1745.924,67.003,392.47,2705.432,0,0,0,0,0,10:00,00:10,00:00,01:35,145:45:00,157:30:00
ingenio santa clara s.a. de c.v.,2012-2013,17,159702.59,155846.38,1899.0,15930.5,0.0,15930.5,0.0,0.0,0,6590.0,0.0,0.0,82.868,100.345,96.855,27.006,12.867,12.531,15.17,12.095,79.731,1.459,50.25,3856.21,629.407,2239.481,86.614,473.054,3428.556,0,0,0,0,0,12:25,00:10,00:00,02:20,145:45:00,160:40:00
ingenio santa clara s.a. de c.v.,2012-2013,18,192922.59,188093.19,2179.0,19554.35,0.0,19554.35,0.0,0.0,0,8105.0,0.0,0.0,83.039,100.284,96.856,27.128,12.913,12.607,15.25,12.176,79.836,1.461,50.29,4829.4,764.677,2720.54,105.135,534.752,4125.104,0,0,0,0,0,15:00,00:10,00:00,02:25,145:45:00,163:20:00
ingenio santa clara s.a. de c.v.,2012-2013,19,223607.59,217951.89,2467.0,22986.5,0.0,22986.5,0.0,0.0,0,9505.0,0.0,0.0,83.177,100.269,96.812,27.221,12.949,12.714,15.34,12.275,80.035,1.489,50.28,5655.7,906.249,3166.685,129.454,580.17,4782.558,0,0,0,0,0,29:10:00,00:10,00:00,02:30,145:45:00,177:35:00
ingenio santa clara s.a. de c.v.,2012-2013,20,255607.59,249265.35,2738.0,26620.35,0.0,26620.35,0.0,0.0,0,10985.0,0.0,0.0,83.279,100.395,96.776,27.302,12.977,12.808,15.4,12.346,80.186,1.512,50.28,6342.24,1055.485,3637.325,152.944,628.274,5474.028,0,0,0,0,0,32:10:00,00:10,00:00,02:35,145:45:00,180:40:00
ingenio santa clara s.a. de c.v.,2012-2013,21,283635.41,276571.87,2978.0,29729.55,0.0,29729.55,0.0,0.0,0,12260.0,0.0,0.0,83.352,100.47,96.756,27.399,13.021,12.884,15.45,12.407,80.298,1.525,50.28,7053.54,1185.48,4050.352,177.316,670.393,6083.541,0,0,0,0,0,58:15:00,00:10,00:00,02:45,145:45:00,206:55:00
ingenio santa clara s.a. de c.v.,2012-2013,22,317355.41,309513.66,3298.0,33718.25,0.0,33718.25,0.0,0.0,0,13790.0,0.0,0.0,83.486,100.624,96.759,27.476,13.058,12.991,15.53,12.492,80.434,1.532,50.27,7841.75,1336.053,4544.324,205.087,723.197,6808.661,0,0,0,0,0,58:25:00,00:15,00:00,03:45,145:45:00,208:10:00
ingenio santa clara s.a. de c.v.,2012-2013,23,350840.41,342188.14,3599.0,37628.5,0.0,37628.5,0.0,0.0,0,15370.0,0.0,0.0,83.619,100.772,96.76,27.525,13.088,13.084,15.6,12.563,80.535,1.54,50.24,8652.27,1487.127,5027.533,228.882,775.777,7519.319,0,0,0,0,0,59:30:00,00:15,00:00,04:55,145:45:00,210:25:00
ingenio santa clara s.a. de c.v.,2012-2013,24,383690.41,374403.13,3870.0,41488.0,0.0,41488.0,0.0,0.0,0,17005.0,0.0,0.0,83.678,100.888,96.758,27.556,13.104,13.153,15.65,12.615,80.597,1.548,50.22,9287.28,1636.19,5520.821,251.384,829.119,8237.514,0,0,0,0,0,60:30:00,01:15,00:00,07:35,145:45:00,215:05:00
ingenio santa clara s.a. de c.v.,2012-2013,25,413758.78,403707.86,4166.0,44957.75,0.0,44957.75,0.0,0.0,0,18560.0,0.0,0.0,83.667,100.902,96.741,27.61,13.129,13.207,15.71,12.662,80.576,1.559,50.21,10050.92,1780.902,5977.766,272.57,893.555,8924.893,0,0,0,0,0,76:00:00,01:15,00:00,07:50,145:45:00,230:50:00
ingenio santa clara s.a. de c.v.,2012-2013,26,446618.78,435750.89,4477.0,48728.05,0.0,48728.05,0.0,0.0,0,20140.0,0.0,0.0,83.683,101.019,96.734,27.631,13.144,13.236,15.76,12.675,80.45,1.565,50.18,10867.89,1930.818,6461.775,300.106,953.495,9646.194,0,0,0,0,0,79:20:00,01:15,00:00,08:00,145:45:00,234:20:00
ingenio santa clara s.a. de c.v.,2012-2013,27,476763.78,465148.85,4734.0,52180.85,0.0,52180.85,0.0,0.0,0,21785.0,0.0,0.0,83.645,101.15,96.71,27.747,13.2,13.296,15.81,12.712,80.387,1.577,50.16,11614.93,2085.653,6923.424,322.387,1035.859,10367.323,0,0,0,0,0,81:05:00,01:15,00:00,08:40,148:55:00,239:55:00
ingenio santa clara s.a. de c.v.,2012-2013,28,505648.78,493275.62,4943.0,55707.5,0.0,55707.5,0.0,0.0,0,23345.0,0.0,0.0,83.636,101.191,96.701,27.809,13.232,13.366,15.9,12.773,80.332,1.586,50.13,12373.16,2229.517,7373.974,341.998,1114.113,11059.602,0,0,0,0,0,81:20:00,01:15,00:00,09:05,169:20:00,261:00:00
ingenio santa clara s.a. de c.v.,2012-2013,29,538328.78,525108.32,5201.0,59748.2,0.0,59748.2,0.0,0.0,0,24990.0,0.0,0.0,83.604,101.183,96.665,27.879,13.274,13.449,16.0,12.849,80.33,1.609,50.07,13220.46,2414.435,7874.991,367.108,1214.478,11871.012,0,0,0,0,0,83:50:00,01:15,00:00,09:40,169:20:00,264:05:00
ingenio santa clara s.a. de c.v.,2012-2013,30,570658.78,556590.78,5476.0,63743.75,0.0,63743.75,0.0,0.0,0,26615.0,0.0,0.0,83.586,101.142,96.648,27.978,13.331,13.498,16.07,12.898,80.284,1.617,50.03,14068.0,2581.922,8360.433,391.432,1309.119,12642.906,0,0,0,0,0,85:40:00,01:35,00:00,11:05,169:20:00,267:40:00
ingenio santa clara s.a. de c.v.,2012-2013,31,601933.78,587083.5,5743.0,67608.65,0.0,67608.65,0.0,0.0,0,27985.0,0.0,0.0,83.625,101.101,96.636,28.091,13.396,13.553,16.14,12.955,80.264,1.623,49.98,14850.28,2744.538,8804.075,413.31,1397.341,13359.264,0,0,0,0,0,87:40:00,01:35,00:00,18:45,169:20:00,277:20:00
ingenio santa clara s.a. de c.v.,2012-2013,32,630958.82,615323.28,6000.0,71323.45,0.0,71323.45,0.0,0.0,0,29255.0,0.0,0.0,83.645,100.965,96.576,28.222,13.455,13.587,16.2,12.997,80.235,1.649,49.95,15635.54,2935.502,9197.642,434.192,1453.812,14021.148,0,0,0,0,0,102:55:00,01:35,00:00,24:30:00,169:20:00,298:20:00
ingenio santa clara s.a. de c.v.,2012-2013,33,663973.82,647513.66,6291.0,75448.7,0.0,75448.7,0.0,0.0,0,30490.0,0.0,0.0,83.76,100.817,96.558,28.362,13.529,13.625,16.28,13.05,80.185,1.654,49.92,16460.16,3114.307,9627.237,459.079,1491.52,14692.143,0,0,0,0,0,105:10:00,01:40,00:00,26:40:00,169:20:00,302:50:00
ingenio santa clara s.a. de c.v.,2012-2013,34,695618.82,678391.97,6555.0,79318.7,0.0,79318.7,0.0,0.0,0,31810.0,0.0,0.0,83.887,100.69,96.536,28.511,13.603,13.651,16.34,13.088,80.122,1.659,49.9,17226.85,3289.506,10027.199,481.172,1502.563,15300.44,0,0,0,0,0,110:05:00,01:40,00:00,28:25:00,169:20:00,309:30:00
ingenio santa clara s.a. de c.v.,2012-2013,35,719269.57,701479.24,6762.0,82563.55,0.0,82563.55,0.0,0.0,0,33170.368,112.674614,115.532,83.638,100.536,96.512,28.629,13.658,13.653,16.37,13.106,80.058,1.663,49.89,17790.33,3425.177,10326.862,499.168,1816.218,16067.425,0,0,0,0,0,110:30:00,01:40,00:00,29:00:00,199:00:00,340:10:00
santa rosalia de la chontalpa s.a de c.v.,2012-2013,11,22421.0,21788.484,317.18,1378.5,0.0,1378.5,0.0,0.0,0,787.958,0.0,0.0,72.815,94.304,92.34,32.149,13.564,12.523,15.366,12.262,79.801,2.983,53.709,632.516,215.074,426.586,30.963,90.677,763.3,0,0,0,0,0,04:15,01:00,00:00,00:00,04:00,09:15
santa rosalia de la chontalpa s.a de c.v.,2012-2013,12,52559.0,51281.194,772.18,3840.6,0.0,3840.6,0.0,0.0,0,1886.848,0.0,0.0,74.555,94.396,93.251,31.151,13.232,12.512,15.688,12.36,78.787,2.71,53.726,1277.806,443.82,976.731,62.233,190.56,1673.344,0,0,0,0,0,16:25,02:10,00:00,00:00,20:40,39:15:00
santa rosalia de la chontalpa s.a de c.v.,2012-2013,13,71531.23,69780.525,1041.53,5725.0,0.0,5725.0,0.0,0.0,0,2647.846,0.0,0.0,75.847,95.125,93.565,31.137,13.262,12.54,15.75,12.334,78.311,2.591,53.716,1750.475,577.185,1254.849,83.626,250.826,2166.486,0,0,0,0,0,89:28:00,02:10,00:00,00:00,26:55:00,118:33:00
santa rosalia de la chontalpa s.a de c.v.,2012-2013,14,91746.23,89490.164,1349.36,7874.0,0.0,7874.0,0.0,0.0,0,3483.127,0.0,0.0,76.629,95.224,93.991,30.646,13.1,12.484,15.869,12.322,77.651,2.448,53.737,2255.836,688.307,1571.101,105.201,312.186,2676.795,0,0,0,0,0,93:44:00,02:54,00:00,26:03:00,78:08:00,200:49:00
santa rosalia de la chontalpa s.a de c.v.,2012-2013,15,107539.23,104984.383,1612.33,9271.2,0.0,9271.2,0.0,0.0,0,4169.302,0.0,0.0,77.142,95.35,94.219,30.443,13.037,12.502,15.978,12.353,77.314,2.374,53.741,2554.617,777.253,1814.974,120.465,360.293,3072.985,0,0,0,0,0,99:11:00,02:54,00:00,26:03:00,173:54:00,302:02:00
santa rosalia de la chontalpa s.a de c.v.,2012-2013,16,132878.23,129691.199,2032.72,11945.2,0.0,11945.2,0.0,0.0,0,5123.735,0.0,0.0,77.509,95.433,94.386,30.303,12.979,12.435,16.03,12.298,76.719,2.303,53.795,3186.801,927.624,2165.404,187.689,435.524,3716.241,0,0,0,0,0,133:50:00,03:34,00:00,27:18:00,192:59:00,357:41:00
santa rosalia de la chontalpa s.a de c.v.,2012-2013,17,154680.23,151019.69,2392.14,14111.75,0.0,14111.75,0.0,0.0,0,5928.863,0.0,0.0,77.863,94.979,94.485,30.388,13.004,12.408,16.109,12.343,76.62,2.251,53.876,3660.31,1058.415,2468.627,223.001,498.421,4248.464,0,0,0,0,0,139:34:00,03:34,00:00,27:18:00,269:09:00,439:35:00
santa rosalia de la chontalpa s.a de c.v.,2012-2013,18,187909.23,183342.518,2868.26,17672.05,0.0,17672.05,0.0,0.0,0,6977.842,0.0,0.0,78.291,94.49,94.567,30.377,13.018,12.346,16.145,12.356,76.532,2.208,53.868,4566.482,1260.537,2906.187,278.879,590.749,5036.352,0,0,0,0,0,147:04:00,04:49,00:00,33:13:00,292:34:00,478:01:00
santa rosalia de la chontalpa s.a de c.v.,2012-2013,19,209285.23,204110.243,3182.72,19612.55,0.0,19612.55,0.0,0.0,0,7743.252,0.0,0.0,78.467,94.505,94.634,30.335,13.049,12.316,16.132,12.332,76.447,2.178,53.736,5174.757,1382.998,3224.902,294.291,647.928,5550.119,0,0,0,0,0,173:46:00,04:54,00:00,33:13:00,349:04:00,560:57:00
santa rosalia de la chontalpa s.a de c.v.,2012-2013,20,246543.23,240622.698,3717.42,23298.05,0.0,23298.05,0.0,0.0,0,9149.687,0.0,0.0,78.813,94.595,94.708,30.271,13.112,12.306,16.094,12.32,76.549,2.151,53.482,5920.302,1605.381,3717.94,359.23,745.168,6427.719,0,0,0,0,0,194:52:00,04:54,00:00,33:13:00,349:40:00,582:30:00
santa rosalia de la chontalpa s.a de c.v.,2012-2013,21,276973.23,269737.518,4147.79,26521.15,0.0,26521.15,0.0,0.0,0,10314.522,0.0,0.0,79.193,94.769,94.772,30.269,13.193,12.359,16.079,12.359,76.862,2.134,53.243,7235.482,1789.669,4099.9,409.557,823.062,7122.188,0,0,0,0,0,228:22:00,07:06,00:00,33:13:00,358:21:00,627:02:00
santa rosalia de la chontalpa s.a de c.v.,2012-2013,22,310765.23,302100.978,4691.01,30252.15,0.0,30252.15,0.0,0.0,0,11379.643,0.0,0.0,79.588,95.151,94.866,30.129,13.215,12.44,16.072,12.403,77.171,2.12,52.987,8665.022,1984.923,4531.184,469.26,905.797,7891.164,0,0,0,0,0,241:34:00,11:21,00:00,33:13:00,365:41:00,651:49:00
santa rosalia de la chontalpa s.a de c.v.,2012-2013,23,344521.23,334704.576,5229.53,34027.55,0.0,34027.55,0.0,0.0,0,12728.304,0.0,0.0,79.877,95.314,94.936,30.156,13.292,12.517,16.102,12.467,77.422,2.102,52.793,9816.424,2183.873,4984.728,525.27,983.54,8677.411,0,0,0,0,0,254:30:00,13:28,00:00,40:08:00,365:41:00,673:47:00
santa rosalia de la chontalpa s.a de c.v.,2012-2013,24,372310.23,361640.893,5681.33,37093.55,0.0,37093.55,0.0,0.0,0,13635.63,0.0,0.0,80.113,95.403,94.974,30.176,13.339,12.581,16.127,12.524,77.659,2.095,52.681,10670.107,2354.294,5333.353,579.896,1047.667,9315.21,0,0,0,0,0,278:04:00,13:28,00:00,35:03:00,395:18:00,721:53:00
santa rosalia de la chontalpa s.a de c.v.,2012-2013,25,406951.23,395132.586,6214.6,40797.45,0.0,40797.45,0.0,0.0,0,14916.101,0.0,0.0,80.319,95.588,95.002,30.145,13.371,12.665,16.171,12.587,77.837,2.099,52.526,11818.414,2575.899,5778.789,655.198,1133.474,10143.36,0,0,0,0,0,291:06:00,15:45,00:00,35:03:00,395:18:00,737:12:00
santa rosalia de la chontalpa s.a de c.v.,2012-2013,26,442197.23,429402.415,6780.35,44674.35,0.0,44674.35,0.0,0.0,0,16191.605,0.0,0.0,80.49,95.752,95.042,30.047,13.372,12.733,16.205,12.638,77.992,2.101,52.377,12794.585,2791.583,6251.653,703.57,1238.167,10984.973,0,0,0,0,0,306:38:00,15:45,00:00,35:03:00,395:18:00,752:44:00
santa rosalia de la chontalpa s.a de c.v.,2012-2013,27,475127.23,461159.011,7317.1,48221.95,0.0,48221.95,0.0,0.0,0,17458.21,0.0,0.0,80.596,95.845,95.055,30.022,13.396,12.784,16.229,12.678,78.12,2.105,52.255,13967.989,3003.738,6699.282,747.912,1335.123,11786.055,0,0,0,0,0,325:33:00,18:33,00:00,35:03:00,395:18:00,774:27:00
santa rosalia de la chontalpa s.a de c.v.,2012-2013,28,511026.23,495779.691,7858.53,52232.45,0.0,52232.45,0.0,0.0,0,19089.241,0.0,0.0,80.67,95.908,95.059,30.007,13.418,12.852,16.286,12.738,78.217,2.116,52.145,15246.309,3244.967,7199.926,807.778,1442.539,12695.21,0,0,0,0,0,328:27:00,20:54,00:00,37:35:00,395:18:00,782:14:00
santa rosalia de la chontalpa s.a de c.v.,2012-2013,29,546446.23,530071.296,8458.93,56180.45,0.0,56180.45,0.0,0.0,0,20672.156,0.0,0.0,80.706,96.023,95.089,29.968,13.43,12.92,16.331,12.794,78.341,2.117,52.043,16374.704,3467.005,7706.743,872.085,1575.221,13621.054,0,0,0,0,0,340:56:00,21:39,00:00,40:55:00,395:18:00,798:48:00
santa rosalia de la chontalpa s.a de c.v.,2012-2013,30,579148.23,561713.402,9057.08,59933.95,0.0,59933.95,0.0,0.0,0,22147.929,0.0,0.0,80.73,96.09,95.11,29.896,13.408,12.976,16.387,12.843,78.375,2.122,52.003,17434.598,3675.031,8187.412,936.092,1682.982,14481.517,0,0,0,0,0,347:29:00,21:44,00:00,40:55:00,417:38:00,827:46:00
santa rosalia de la chontalpa s.a de c.v.,2012-2013,31,606577.23,588285.972,9549.99,62661.45,0.0,62661.45,0.0,0.0,0,23033.224,0.0,0.0,80.665,96.006,95.034,30.007,13.452,13.007,16.423,12.875,78.398,2.152,51.981,18291.028,3918.426,8558.927,992.028,1785.621,15255.002,0,0,0,0,0,392:11:00,21:44,00:00,40:55:00,417:38:00,872:28:00
santa rosalia de la chontalpa s.a de c.v.,2012-2013,32,639834.23,620477.38,10204.64,66181.95,0.0,66181.95,0.0,0.0,0,24728.495,0.0,0.0,80.605,95.912,94.984,30.112,13.488,13.014,16.441,12.888,78.39,2.167,51.996,19356.62,4176.412,9023.106,1065.012,1884.615,16149.145,0,0,0,0,0,404:32:00,22:24,00:00,47:05:00,421:28:00,895:29:00
santa rosalia de la chontalpa s.a de c.v.,2012-2013,33,669960.23,649715.25,10806.27,69364.95,0.0,69364.95,0.0,0.0,0,26476.337,0.0,0.0,80.477,95.825,94.957,30.238,13.513,13.003,16.463,12.885,78.268,2.168,52.1,20244.75,4393.52,9517.553,1124.221,1972.076,17007.37,0,0,0,0,0,411:45:00,36:59:00,00:00,47:05:00,421:28:00,917:17:00
santa rosalia de la chontalpa s.a de c.v.,2012-2013,34,700701.0,680456.25,11395.517,72763.0,0.0,72763.0,0.0,0.0,0,0.0,0.0,0.0,0.0,0.0,0.0,0.0,0.0,0.0,0.0,0.0,0.0,0.0,0.0,0.0,0.0,0.0,0.0,0.0,0.0,0,0,0,0,0,00:00,00:00,00:00,00:00,00:00,00:00
santa rosalia de la chontalpa s.a de c.v.,2012-2013,35,705780.185,684798.496,11748.52,73820.65,0.0,73820.65,0.0,0.0,0,29037.101,105.939532,109.185,80.153,95.743,94.905,30.347,13.534,13.003,16.495,12.889,78.14,2.183,52.165,20981.689,4676.034,10092.281,1218.521,2226.643,18213.479,0,0,0,0,0,430:50:00,39:27:00,00:00,47:05:00,421:28:00,938:50:00
ingenio tamazula s.a. de c.v,2012-2013,7,39547.0,37469.112,416.0,2218.7,2218.7,0.0,0.0,0.0,0,382.878,0.0,0.0,79.942,96.884,95.097,29.279,14.33,11.53,14.34,11.32,78.94,1.96,48.26,2128.358,226.607,531.893,71.218,85.229,914.947,117392,535278,0,0,652670,71:05:00,00:00,00:00,00:00,00:00,71:04:00
ingenio tamazula s.a. de c.v,2012-2013,8,81445.0,77604.962,701.0,6303.1,6303.1,0.0,0.0,0.0,0,1694.643,0.0,0.0,80.982,95.908,95.147,30.067,14.52,11.63,14.59,11.54,79.1,1.89,49.04,3890.098,462.832,1041.626,125.449,172.189,1802.096,117392,601510,0,0,183624,100:10:00,00:00,00:00,01:20,00:00,101:30:00
ingenio tamazula s.a. de c.v,2012-2013,9,132022.0,125760.694,1003.0,11889.95,11889.95,0.0,0.0,0.0,0,3454.951,0.0,0.0,81.989,96.955,95.362,29.486,14.33,11.93,14.77,11.73,79.42,1.88,48.74,6311.316,733.397,1552.995,181.034,369.214,2836.64,117392,631239,0,0,147121,113:45:00,00:00,00:00,01:40,00:00,115:24:00
ingenio tamazula s.a. de c.v,2012-2013,10,178396.0,169356.367,1289.0,17417.25,17417.25,0.0,0.0,0.0,0,5160.145,0.0,0.0,82.709,96.473,95.382,29.322,14.25,12.13,15.03,12.0,79.84,1.92,48.7,9089.783,1002.404,2009.91,237.412,492.803,3742.529,117392,686110,0,0,172263,145:05:00,0.041666667,00:00,01:40,00:00,147:44:00
ingenio tamazula s.a. de c.v,2012-2013,11,228630.0,216925.283,1640.34,22553.1,22553.1,0.0,0.0,0.0,17000,6830.463,0.0,0.0,82.968,97.189,95.554,29.234,14.15,12.39,15.21,12.18,80.08,1.89,48.94,11755.227,1261.97,2653.046,290.149,617.984,4823.149,117392,748220,0,0,179502,164:45:00,02:15,00:00,01:40,00:00,168:39:00
ingenio tamazula s.a. de c.v,2012-2013,12,284918.0,270188.361,2015.16,29253.35,29253.35,0.0,0.0,0.0,212270,8718.611,0.0,0.0,83.257,97.315,95.665,29.355,14.09,12.58,15.41,12.37,80.27,1.86,49.41,14780.159,1557.286,3332.996,364.382,748.018,6002.682,117392,972346,0,0,1089738,176:60,0.125,00:00,01:40,00:00,181:39:00
ingenio tamazula s.a. de c.v,2012-2013,13,341364.0,323691.185,2395.16,35923.75,35923.75,0.0,0.0,0.0,354070,10632.829,0.0,0.0,83.385,97.138,95.611,29.457,14.09,12.81,15.66,12.61,80.52,1.91,49.49,17723.805,1922.268,4010.914,439.193,894.194,7266.569,117392,1173471,0,0,1290863,190:45:00,03:35,00:00,01:40,00:00,195:59:00
ingenio tamazula s.a. de c.v,2012-2013,14,373642.0,354178.556,2625.16,39822.8,39822.8,0.0,0.0,0.0,462670,11719.131,0.0,0.0,83.577,97.227,95.595,29.471,14.07,12.93,15.77,12.71,80.6,1.94,49.55,19513.524,2130.954,4337.844,494.027,970.337,7933.162,117392,1572931,0,0,1690323,205:30:00,04:30,00:00,01:40,60:10:00,271:49:00
ingenio tamazula s.a. de c.v,2012-2013,15,426776.0,404809.19,2999.16,45637.55,45637.55,0.0,0.0,0.0,631270,13508.938,0.0,0.0,83.516,97.436,95.592,29.539,14.09,13.03,15.82,12.78,80.78,1.95,49.59,22017.05,2454.081,5033.241,588.483,1090.769,9166.574,117392,1947625,0,0,2065017,224:15:00,04:30,00:00,01:40,61:60,292:24:00
ingenio tamazula s.a. de c.v,2012-2013,16,482212.0,457630.971,3440.65,52087.45,52087.45,0.0,0.0,0.0,806170,15369.082,0.0,0.0,83.649,97.464,95.657,29.524,14.072,13.129,15.91,12.89,81.02,1.93,49.66,24631.759,2752.361,5700.192,678.514,1221.111,10352.178,117392,2172887,0,0,2290279,237:25:00,0.208333333,00:00,01:40,61:60,306:04:00
ingenio tamazula s.a. de c.v,2012-2013,17,538279.0,510862.148,3868.32,58891.05,58891.05,0.0,0.0,0.0,1012270,17317.572,0.0,0.0,83.664,97.289,95.672,29.641,14.067,13.232,16.04,13.01,81.11,1.93,49.86,27466.862,3085.84,6422.949,779.742,1346.547,11635.078,117392,2445934,0,0,2563326,247:55:00,0.208333333,00:00,01:40,61:60,316:34:00
ingenio tamazula s.a. de c.v,2012-2013,18,595630.0,565332.201,4340.75,65988.25,65988.25,0.0,0.0,0.0,1223470,19326.835,0.0,0.0,83.653,97.186,95.642,29.703,14.083,13.331,16.14,13.12,81.29,1.96,49.88,30348.299,3463.409,7179.243,862.872,1474.367,12979.891,117392,2657135,0,0,2774527,260:40:00,0.208333333,00:00,01:40,61:60,329:19:00
ingenio tamazula s.a. de c.v,2012-2013,19,649701.0,616885.044,4885.38,72914.65,72914.65,0.0,0.0,0.0,1392570,21150.828,0.0,0.0,83.716,97.162,95.49,29.902,14.138,13.464,16.26,13.23,81.37,2.03,49.92,32866.176,3948.149,7756.722,949.887,1590.303,14245.061,117392,2908154,0,0,3025546,275:40:00,06:40,00:00,01:40,61:60,345:59:00
ingenio tamazula s.a. de c.v,2012-2013,20,695188.0,659572.367,5344.96,78391.1,78391.1,0.0,0.0,0.0,1570570,22664.294,0.0,0.0,83.707,97.092,95.428,29.948,14.138,13.563,16.35,13.33,81.53,2.07,49.94,35666.343,4313.737,8314.485,1043.767,1690.763,15362.752,117392,3019715,0,0,3137107,318:55:00,06:40,00:00,01:40,61:60,389:14:00
ingenio tamazula s.a. de c.v,2012-2013,21,742898.0,704842.948,5742.85,84177.1,84177.1,0.0,0.0,0.0,1801270,24254.409,0.0,0.0,83.731,97.302,95.439,29.964,14.133,13.665,16.41,13.4,81.66,2.08,49.98,38105.612,4632.753,8940.32,1142.333,1800.109,16515.515,117392,3116937,0,0,3234329,343:50:00,06:40,00:00,02:30,61:60,414:59:00
ingenio tamazula s.a. de c.v,2012-2013,22,782437.0,742419.231,6084.85,89993.15,89993.15,0.0,0.0,0.0,1987270,25643.746,0.0,0.0,83.789,97.467,95.435,30.023,14.143,13.739,16.45,13.45,81.76,2.09,50.03,40068.019,4910.172,9420.383,1207.205,1888.369,17426.129,117392,3330863,0,0,3448255,392:34:00,07:05,00:00,05:25,61:60,467:04:00
ingenio tamazula s.a. de c.v,2012-2013,23,833084.0,790571.153,6491.65,96150.4,96150.4,0.0,0.0,0.0,2179570,27363.909,0.0,0.0,83.817,97.566,95.38,30.067,14.15,13.854,16.52,13.54,81.96,2.13,50.02,42563.267,5335.077,10068.0,1272.588,2001.06,18676.725,117392,3595361,0,0,3712753,409:14:00,07:05,00:00,0.333333333,61:60,486:19:00
ingenio tamazula s.a. de c.v,2012-2013,24,880719.0,835898.003,6872.08,102809.7,102809.7,0.0,0.0,0.0,2397570,28903.189,0.0,0.0,83.963,97.825,95.393,29.954,14.119,13.953,16.57,13.61,82.14,2.15,49.93,44871.177,5664.138,10610.931,1323.777,2108.232,19707.078,117392,3646441,0,0,3763833,424:19:00,08:40,00:00,09:20,61:60,504:19:00
ingenio tamazula s.a. de c.v,2012-2013,25,932771.0,885950.695,7281.23,109541.05,109541.05,0.0,0.0,0.0,2609570,30633.453,0.0,0.0,84.068,98.1,95.409,29.891,14.11,14.05,16.6,13.66,82.29,2.16,49.85,46871.085,6020.138,11247.559,1382.976,2228.446,20879.119,117392,3680422,0,0,3797814,429:09:00,09:05,00:00,13:50,61:60,514:04:00
ingenio tamazula s.a. de c.v,2012-2013,26,982243.0,933313.488,7680.23,116259.2,116259.2,0.0,0.0,0.0,2809570,32291.147,0.0,0.0,84.123,98.241,95.374,29.879,14.119,14.143,16.65,13.73,82.46,2.19,49.76,48979.882,6427.171,11850.818,1431.231,2347.493,22056.713,117392,3805696,0,0,3923088,452:44:00,09:05,00:00,16:35,61:60,540:24:00
ingenio tamazula s.a. de c.v,2012-2013,27,1031465.11,980385.147,8065.46,123015.35,123015.35,0.0,0.0,0.0,2995070,33942.649,0.0,0.0,84.182,98.464,95.345,29.905,14.136,14.228,16.68,13.78,82.61,2.22,49.71,51079.963,6834.522,12442.561,1482.68,2454.455,23214.218,117392,3818662,0,0,3936054,473:14:00,09:05,00:00,16:35,61:60,560:54:00
ingenio tamazula s.a. de c.v,2012-2013,28,1069401.05,1016968.234,8396.98,127865.0,127865.0,0.0,0.0,0.0,3132570,35175.172,0.0,0.0,84.183,98.442,95.325,29.947,14.153,14.293,16.73,13.84,82.73,2.23,49.7,52483.396,7148.548,12961.834,1524.296,2540.48,24175.158,117392,3910358,0,0,4027750,530:14:00,09:05,00:00,17:25,61:60,618:44:00
ingenio tamazula s.a. de c.v,2012-2013,29,1110372.05,1056501.91,8754.31,133276.05,133276.05,0.0,0.0,0.0,3288170,36589.158,0.0,0.0,84.192,98.477,95.308,29.994,14.172,14.36,16.78,13.9,82.84,2.25,49.69,53920.85,7485.121,13524.535,1564.672,2631.532,25205.86,117392,4039651,0,0,4157043,574:14:00,09:05,00:00,17:25,61:60,662:43:00
ingenio tamazula s.a. de c.v,2012-2013,30,1120576.33,1066164.768,8843.31,135417.8,135417.8,0.0,0.0,0.0,3288170,37050.342,0.0,0.0,84.161,98.466,95.309,29.991,14.173,14.374,16.79,13.91,82.85,2.25,49.69,54411.562,7559.684,13672.227,1577.507,2702.576,25511.994,117392,4106018,0,0,4223410,589:44:00,105:05:00,00:00,40:05:00,61:60,796:53:00
ingenio tamazula s.a. de c.v,2012-2013,31,1153476.33,1097793.512,9143.14,138844.7,138844.7,0.0,0.0,0.0,3320070,37781.988,0.0,0.0,84.141,98.505,95.289,30.027,14.193,14.426,16.82,13.96,83.0,2.26,49.66,55733.268,7841.839,14036.915,1608.523,2902.625,26389.902,117392,4300403,0,0,4417795,612:29:00,153:05:00,00:00,40:60,61:60,868:34:00
ingenio tamazula s.a. de c.v,2012-2013,32,1201680.33,1143850.527,9572.24,145517.55,145517.55,0.0,0.0,0.0,3500770,39417.166,0.0,0.0,84.185,98.57,95.279,30.088,14.228,14.492,16.85,14.01,83.15,2.27,49.63,57880.293,8225.404,14627.442,1659.533,3028.959,27541.338,117392,4332252,0,0,4449644,631:34:00,155:20:00,00:00,40:60,61:60,889:54:00
ingenio tamazula s.a. de c.v,2012-2013,33,1249389.33,1189656.94,10061.98,152042.55,152042.55,0.0,0.0,0.0,3684570,41060.893,0.0,0.0,84.212,98.58,95.259,30.147,14.259,14.556,16.88,14.07,83.35,2.29,49.6,59782.58,8625.32,15231.314,1708.835,3146.353,28711.822,117392,4332776,0,0,4450168,657:14:00,156:35:00,00:00,41:10:00,61:60,916:58:00
ingenio tamazula s.a. de c.v,2012-2013,34,1296116.33,1233534.52,10516.45,158380.65,158380.65,0.0,0.0,0.0,3879270,42674.393,0.0,0.0,84.231,98.661,95.244,30.176,14.274,14.607,16.9,14.1,83.43,2.3,49.58,62632.59,9007.092,15821.112,1764.587,3262.135,29854.926,117392,4391527,0,0,4508919,684:19:00,157:40:00,00:00,41:10:00,61:60,945:09:00
ingenio tamazula s.a. de c.v,2012-2013,35,1346298.33,1280938.132,11006.45,164784.6,164784.6,0.0,0.0,0.0,4063570,44424.511,0.0,0.0,84.178,98.647,95.211,30.239,14.302,14.639,16.9,14.13,83.61,2.32,49.57,65410.898,9440.878,16537.075,1823.398,3381.229,31182.58,117392,4395443,0,0,4512835,698:29:00,157:40:00,00:00,41:10:00,61:60,959:19:00
ingenio tamazula s.a. de c.v,2012-2013,36,1396054.33,1327637.891,11570.45,171137.55,171137.55,0.0,0.0,0.0,4274170,46101.607,0.0,0.0,84.147,98.631,95.163,30.33,14.338,14.658,16.9,14.14,83.67,2.34,49.57,68467.039,9901.02,17166.54,1878.337,3494.71,32440.607,117392,4395443,0,0,4512835,716:49:00,157:40:00,00:00,41:55:00,61:60,978:24:00
ingenio tamazula s.a. de c.v,2012-2013,37,1444567.33,1376150.771,12066.412,177153.45,177153.45,0.0,0.0,0.0,4471870,47694.727,0.0,0.0,0.0,0.0,0.0,0.0,14.365,14.662,0.0,0.0,83.84,0.0,0.0,0.0,0.0,0.0,0.0,0.0,0.0,117392,4397805,0,0,4515197,00:00,00:00,00:00,00:00,00:00,1006:10:00
ingenio tamazula s.a. de c.v,2012-2013,38,1464863.81,1392576.906,11644.15,180577.2,180577.2,0.0,0.0,0.0,4480870,48886.426,123.409798,129.816,83.99,98.552,95.123,30.394,14.365,14.662,16.885,14.152,83.83,2.353,49.563,72286.904,10478.343,17989.812,1981.931,3936.193,34386.279,117392,4412172,11786,0,4541350,748:04:00,158:00:00,00:00,42:25:00,79:05:00,1027:34:00
ingenio tres valles s.a. de c.v.,2012-2013,7,121144.0,116628.579,1486.19,10040.5,10040.5,0.0,0.0,0.0,0,2964.628,0.0,0.0,82.04,100.28,96.5,26.27,12.1,12.29,14.45,11.83,81.86,1.64,51.52,4515.421,521.922,1533.643,218.29,399.8,2673.655,0,0,0,0,0,31:00:00,01:10,00:00,00:10,00:00,32:21:00
ingenio tres valles s.a. de c.v.,2012-2013,8,196882.0,189473.919,2363.38,17755.5,17755.5,0.0,0.0,0.0,0,4535.718,0.0,0.0,82.56,100.01,96.56,26.29,12.11,12.24,14.5,11.82,81.53,1.6,51.55,7408.081,830.731,2383.392,408.751,580.58,4203.454,0,0,0,0,0,31:20:00,01:10,00:00,00:10,27:34:00,60:16:00
ingenio tres valles s.a. de c.v.,2012-2013,9,285237.0,274245.378,3381.93,27156.85,27156.85,0.0,0.0,0.0,0,7483.029,0.0,0.0,83.65,99.94,96.54,26.47,12.19,12.26,14.5,11.84,81.67,1.6,51.57,10991.622,1208.828,3169.262,579.669,759.46,5717.219,0,0,0,0,0,38:00:00,01:10,00:00,00:10,27:34:00,66:56:00
ingenio tres valles s.a. de c.v.,2012-2013,10,357980.0,344013.217,4250.09,34630.9,34630.9,0.0,0.0,0.0,0,9817.827,0.0,0.0,84.3,99.74,96.57,26.52,12.2,12.32,14.57,11.92,81.8,1.59,51.63,13966.783,1512.893,3780.124,712.155,915.83,6921.002,0,0,0,0,0,62:54:00,02:15,00:00,00:10,27:34:00,92:55:00
ingenio tres valles s.a. de c.v.,2012-2013,11,433539.0,416466.696,5131.71,43160.8,43160.8,0.0,0.0,0.0,0,12249.881,0.0,0.0,84.75,99.45,96.55,26.65,12.24,12.35,14.63,11.99,81.98,1.6,51.73,17072.304,1848.349,4441.171,818.553,1058.977,8167.05,0,0,0,0,0,82:43:00,02:39,00:00,00:10,27:34:00,113:08:00
ingenio tres valles s.a. de c.v.,2012-2013,12,499134.0,479341.602,5893.71,50495.95,50495.95,0.0,0.0,0.0,0,14312.986,0.0,0.0,85.05,99.58,96.58,26.64,12.29,12.4,14.65,12.02,82.03,1.59,51.51,19792.398,2116.586,5048.984,897.317,1187.668,9250.555,0,0,0,0,0,108:33:00,11:39,00:00,00:10,27:34:00,147:58:00
ingenio tres valles s.a. de c.v.,2012-2013,13,577399.0,554367.705,6806.34,59688.7,59688.7,0.0,0.0,0.0,0,16599.325,0.0,0.0,85.5,99.77,96.61,26.55,12.32,12.46,14.68,12.07,82.22,1.59,51.26,23031.295,2436.885,5713.7,972.708,1311.836,10435.129,0,0,0,0,0,112:42:00,11:39,00:00,00:10,27:34:00,152:07:00
ingenio tres valles s.a. de c.v.,2012-2013,14,652344.0,626209.206,7711.57,68527.65,68527.65,0.0,0.0,0.0,0,18930.227,0.0,0.0,85.91,99.93,96.66,26.5,12.33,12.55,14.75,12.14,82.3,1.58,51.14,26134.794,2733.647,6350.747,1052.128,1401.586,11538.108,0,0,0,0,0,130:32:00,11:39,00:00,00:10,27:34:00,169:57:00
ingenio tres valles s.a. de c.v.,2012-2013,15,739651.0,709966.925,8767.52,78564.5,78564.5,0.0,0.0,0.0,0,21390.665,0.0,0.0,86.27,99.96,96.69,26.45,12.35,12.64,14.82,12.22,82.43,1.58,50.97,29684.075,3087.786,7120.398,1120.025,1501.281,12829.49,0,0,0,0,0,131:37:00,11:39,00:00,00:10,27:34:00,171:02:00
ingenio tres valles s.a. de c.v.,2012-2013,16,814984.0,782181.097,9662.02,87269.05,87269.05,0.0,0.0,0.0,0,23392.667,0.0,0.0,86.42,99.92,96.71,26.46,12.384,12.684,14.87,12.28,82.571,1.58,50.87,32802.903,3398.194,7823.292,1204.999,1608.38,14034.865,0,0,0,0,0,151:52:00,11:39,00:00,00:10,27:34:00,191:17:00
ingenio tres valles s.a. de c.v.,2012-2013,17,877544.0,842178.532,10435.1,94729.1,94729.1,0.0,0.0,0.0,0,25300.213,0.0,0.0,86.53,100.03,96.72,26.4,12.381,12.72,14.89,12.3,82.584,1.58,50.78,35365.468,3651.663,8396.696,1283.228,1704.425,15036.012,0,0,0,0,0,197:22:00,11:39,00:00,00:10,27:34:00,236:47:00
ingenio tres valles s.a. de c.v.,2012-2013,18,951191.0,912685.0,11377.38,102968.2,102968.2,0.0,0.0,0.0,0,27635.34,0.0,0.0,86.54,100.15,96.75,26.37,12.394,12.75,14.9,12.32,82.668,1.57,50.67,38506.0,3941.079,9106.75,1382.837,1891.635,16322.301,0,0,0,0,0,216:22:00,12:39,00:00,00:10,27:34:00,256:47:00
ingenio tres valles s.a. de c.v.,2012-2013,19,1023161.0,981666.128,12348.4,111059.7,111059.7,0.0,0.0,0.0,0,29772.694,0.0,0.0,86.58,100.31,96.78,26.33,12.396,12.774,14.9,12.32,82.685,1.56,50.62,41494.872,4206.939,9771.996,1498.915,2065.297,17543.147,0,0,0,0,0,222:32:00,12:39,00:00,00:25,51:54:00,287:32:00
ingenio tres valles s.a. de c.v.,2012-2013,20,1107139.0,1061972.791,13395.55,121037.4,121037.4,0.0,0.0,0.0,0,32210.116,0.0,0.0,86.65,100.47,96.8,26.31,12.401,12.803,14.9,12.34,82.83,1.56,50.56,45166.209,4537.45,10569.271,1588.867,2229.652,18925.24,0,0,0,0,0,229:56:00,12:54,00:00,00:30,51:54:00,295:15:00
ingenio tres valles s.a. de c.v.,2012-2013,21,1188367.0,1139769.712,14433.27,131053.05,131053.05,0.0,0.0,0.0,0,34593.527,0.0,0.0,86.72,100.6,96.8,26.29,12.398,12.828,14.89,12.35,82.925,1.56,50.54,48597.288,4862.627,11329.689,1676.75,2373.969,20243.035,0,0,0,0,0,240:15:00,14:09,00:00,00:30,51:54:00,306:49:00
ingenio tres valles s.a. de c.v.,2012-2013,22,1271631.0,1219359.972,15576.01,141239.05,141239.05,0.0,0.0,0.0,0,36782.777,0.0,0.0,86.84,100.76,96.79,26.31,12.399,12.871,14.9,12.36,82.97,1.57,50.55,52271.028,5238.203,12073.407,1754.286,2471.212,21537.108,0,0,0,0,0,245:13:00,16:13,00:00,00:30,51:54:00,313:52:00
ingenio tres valles s.a. de c.v.,2012-2013,23,1356114.0,1300233.101,16760.38,151802.25,151802.25,0.0,0.0,0.0,0,38961.979,0.0,0.0,86.99,100.82,96.79,26.32,12.398,12.936,14.94,12.42,83.144,1.58,50.56,55880.899,5635.083,12771.418,1866.407,2544.862,22817.77,0,0,0,0,0,252:13:00,16:13,00:00,00:30,51:54:00,320:52:00
ingenio tres valles s.a. de c.v.,2012-2013,24,1442059.0,1382330.628,17951.26,162853.6,162853.6,0.0,0.0,0.0,0,41357.101,0.0,0.0,87.17,100.93,96.78,26.35,12.403,13.024,15.0,12.49,83.283,1.59,50.57,59728.372,6053.415,13474.646,1947.232,2618.89,24094.183,0,0,0,0,0,255:13:00,17:03,00:00,00:30,51:54:00,324:42:00
ingenio tres valles s.a. de c.v.,2012-2013,25,1519316.0,1456027.405,19050.55,172363.0,172363.0,0.0,0.0,0.0,0,43616.104,0.0,0.0,87.26,100.96,96.75,26.39,12.418,13.086,15.04,12.54,83.361,1.61,50.58,63288.595,6444.062,14149.089,2042.884,2699.093,25335.128,0,0,0,0,0,272:48:00,17:03,00:00,00:30,51:54:00,342:17:00
ingenio tres valles s.a. de c.v.,2012-2013,26,1601260.0,1534261.897,20212.95,182282.95,182282.95,0.0,0.0,0.0,0,45910.348,0.0,0.0,87.27,101.02,96.74,26.42,12.424,13.137,15.08,12.58,83.433,1.62,50.6,66998.103,6850.659,14963.075,2167.671,2789.025,26770.43,0,0,0,0,0,275:43:00,17:33,00:00,00:30,61:24:00,355:11:00
ingenio tres valles s.a. de c.v.,2012-2013,27,1680041.0,1609693.827,21526.98,192058.8,192058.8,0.0,0.0,0.0,0,48138.038,0.0,0.0,87.26,101.03,96.73,26.48,12.439,13.177,15.11,12.62,83.521,1.63,50.64,70347.173,7246.456,15755.69,2272.62,2919.255,28194.021,0,0,0,0,0,286:13:00,17:33,00:00,00:30,61:24:00,365:41:00
ingenio tres valles s.a. de c.v.,2012-2013,28,1758331.0,1684568.888,22700.94,201443.8,201443.8,0.0,0.0,0.0,0,50503.715,0.0,0.0,87.24,101.07,96.71,26.52,12.443,13.213,15.13,12.64,83.515,1.64,50.67,73762.112,7630.125,16591.038,2381.807,3044.933,29647.903,0,0,0,0,0,293:48:00,17:33,00:00,00:30,61:24:00,373:17:00
ingenio tres valles s.a. de c.v.,2012-2013,29,1841540.0,1764238.699,23943.17,211581.1,211581.1,0.0,0.0,0.0,0,53443.345,0.0,0.0,87.22,101.12,96.7,26.51,12.431,13.245,15.15,12.67,83.603,1.65,50.69,77301.301,8034.179,17512.424,2452.707,3174.415,31173.725,0,0,0,0,0,299:19:00,17:33,00:00,00:30,61:24:00,378:47:00
ingenio tres valles s.a. de c.v.,2012-2013,30,1919984.0,1839414.447,25142.85,221192.25,221192.25,0.0,0.0,0.0,0,56087.764,0.0,0.0,87.19,101.19,96.7,26.52,12.43,13.268,15.16,12.68,83.619,1.65,50.7,80569.553,8421.166,18375.852,2530.208,3293.953,32621.179,0,0,0,0,0,312:39:00,17:33,00:00,00:30,61:24:00,392:07:00
ingenio tres valles s.a. de c.v.,2012-2013,31,1999180.0,1915362.523,26433.13,230597.25,230597.25,0.0,0.0,0.0,0,58561.543,0.0,0.0,87.19,101.25,96.69,26.54,12.433,13.293,15.18,12.69,83.602,1.66,50.71,83817.477,8823.491,19202.375,2619.319,3394.211,34039.396,0,0,0,0,0,319:04:00,26:38:00,00:00,00:30,61:24:00,407:37:00
ingenio tres valles s.a. de c.v.,2012-2013,32,2077426.0,1990355.004,27787.65,240539.9,240539.9,0.0,0.0,0.0,0,61140.878,0.0,0.0,87.2,101.24,96.67,26.55,12.432,13.322,15.21,12.72,83.646,1.67,50.72,87070.996,9213.404,20026.572,2700.207,3475.548,35415.731,0,0,0,0,0,327:30:00,26:38:00,00:00,00:30,61:24:00,416:03:00
ingenio tres valles s.a. de c.v.,2012-2013,33,2156985.0,2066443.694,29170.84,250465.15,250465.15,0.0,0.0,0.0,0,63742.844,0.0,0.0,87.23,101.26,96.66,26.57,12.438,13.356,15.24,12.75,83.672,1.68,50.72,90541.306,9615.959,20834.697,2777.392,3550.389,36778.437,0,0,0,0,0,335:45:00,26:38:00,00:00,00:30,61:24:00,424:19:00
ingenio tres valles s.a. de c.v.,2012-2013,34,2236157.0,2142213.892,30652.72,259834.55,259834.55,0.0,0.0,0.0,0,66240.659,0.0,0.0,87.24,101.19,96.64,26.63,12.457,13.378,15.27,12.78,83.677,1.69,50.75,93943.108,10039.943,21646.013,2865.248,3626.25,38177.454,0,0,0,0,0,343:40:00,27:18:00,00:00,00:30,61:24:00,432:54:00
ingenio tres valles s.a. de c.v.,2012-2013,35,2294674.0,2198053.867,31805.02,265660.8,265660.8,0.0,0.0,0.0,0,68172.418,0.0,0.0,87.09,101.05,96.63,26.67,12.476,13.355,15.28,12.77,83.579,1.69,50.74,96620.133,10347.942,22446.814,2982.253,3784.518,39561.527,0,0,0,0,0,345:21:00,27:18:00,00:00,00:30,108:45:00,481:55:00
ingenio tres valles s.a. de c.v.,2012-2013,36,2368049.0,2271428.867,32821.817,272173.3,272173.3,0.0,0.0,0.0,0,71406.301,0.0,0.0,0.0,0.0,0.0,0.0,12.515,13.288,0.0,0.0,83.426,0.0,0.0,0.0,0.0,0.0,0.0,0.0,0.0,0,0,0,0,0,357:19:00,28:28:00,00:00,00:30,113:00:00,499:19:00
ingenio tres valles s.a. de c.v.,2012-2013,37,2394788.019,2293238.184,34337.38,275720.45,275720.45,0.0,0.0,0.0,0,72470.972,112.768559,117.762,86.71,100.85,96.57,26.776,12.524,13.267,15.234,12.7,83.366,1.7,50.73,101549.835,10895.863,24077.14,3182.258,4074.617,42229.878,0,0,0,0,0,358:00:00,28:28:00,00:00,00:30,128:10:00,515:09:00
ingenio panuco s. a. p. i. de c. v.,2012-2013,9,16389.58,15793.238,149.0,1260.0,0.0,1260.0,0.0,0.0,0,531.736,0.0,0.0,73.239,83.108,91.404,31.261,13.03,12.86,17.22,14.14,82.12,3.54,53.78,596.342,181.117,145.867,17.402,219.471,563.857,305744,534000,0,0,839744,202:56:00,00:00,00:00,02:30,00:00,205:26:00
ingenio panuco s. a. p. i. de c. v.,2012-2013,10,39725.13,38244.634,322.75,2694.25,0.0,2694.25,0.0,0.0,0,602.767,0.0,0.0,75.377,85.394,92.966,30.671,13.32,13.12,17.28,14.29,82.65,3.01,52.55,1480.496,366.622,467.028,39.293,410.491,1283.434,305744,875801,0,0,1181545,309:01:00,00:00,00:00,02:30,00:00,311:31:00
ingenio panuco s. a. p. i. de c. v.,2012-2013,11,83192.04,79893.562,603.6,7683.6,0.0,7683.6,0.0,0.0,0,1756.402,0.0,0.0,77.672,86.68,93.267,30.188,13.05,13.38,17.19,14.4,83.75,2.98,52.83,3298.478,749.534,969.005,69.787,697.408,2485.734,305744,1400673,0,0,1706417,359:32:00,00:00,00:00,02:30,00:00,362:02:00
ingenio panuco s. a. p. i. de c. v.,2012-2013,12,126985.88,122023.247,1016.75,12237.1,0.0,12237.1,0.0,0.0,0,2754.445,0.0,0.0,78.702,88.799,93.765,30.08,13.04,13.44,16.9,14.2,83.99,2.79,52.93,4962.633,1064.314,1491.297,110.528,969.551,3635.69,305744,1615170,0,0,1920914,404:52:00,00:32,00:00,02:30,00:00,407:54:00
ingenio panuco s. a. p. i. de c. v.,2012-2013,13,172093.72,165369.878,1442.7,17860.35,0.0,17860.35,0.0,0.0,0,4142.154,0.0,0.0,79.282,90.816,94.192,29.691,13.03,13.6,16.71,14.11,84.42,2.66,52.59,6723.842,1359.688,2044.828,151.478,1294.143,4850.137,305744,1877781,0,0,2183525,453:34:00,00:32,00:00,02:30,00:00,456:36:00
ingenio panuco s. a. p. i. de c. v.,2012-2013,14,219426.66,210948.33,1958.75,23222.15,0.0,23222.15,0.0,0.0,0,5420.968,0.0,0.0,79.961,92.333,94.517,29.468,13.05,13.66,16.58,13.99,84.35,2.54,52.32,8478.33,1643.7,2568.577,190.774,1604.515,6007.566,305744,2095383,0,0,2401127,475:56:00,00:32,00:00,08:40,08:22,493:30:00
ingenio panuco s. a. p. i. de c. v.,2012-2013,15,267152.14,256579.049,2470.65,28983.75,0.0,28983.75,0.0,0.0,0,6843.469,0.0,0.0,80.49,92.313,94.663,29.27,13.01,13.7,16.67,14.04,84.25,2.5,52.19,10573.091,1952.531,3050.32,227.797,1906.944,7137.592,305744,2296746,0,0,2602490,510:12:00,00:32,00:00,08:40,17:52,537:16:00
ingenio panuco s. a. p. i. de c. v.,2012-2013,16,320463.52,307814.612,2879.8,35317.65,0.0,35317.65,0.0,0.0,0,8677.708,0.0,0.0,80.788,92.023,94.695,29.107,12.976,13.827,16.84,14.23,84.493,2.52,52.03,12648.908,2350.663,3670.876,270.938,2220.599,8513.076,305744,2790442,0,0,3096186,527:56:00,00:32,00:00,08:40,17:52,555:00:00
ingenio panuco s. a. p. i. de c. v.,2012-2013,17,378662.27,363590.258,3463.3,42367.3,0.0,42367.3,0.0,0.0,0,10912.27,0.0,0.0,81.063,92.154,94.757,28.877,12.904,13.969,16.94,14.36,84.771,2.54,51.91,15072.012,2773.089,4370.367,340.033,2532.937,10016.426,305744,3239068,0,0,3544812,537:32:00,00:32,00:00,08:40,17:52,564:36:00
ingenio panuco s. a. p. i. de c. v.,2012-2013,18,433080.0,415687.591,4018.98,49102.65,0.0,49102.65,0.0,0.0,0,13231.043,0.0,0.0,81.271,92.107,94.807,28.71,12.856,14.07,17.05,14.48,84.96,2.54,51.81,17392.409,3164.49,5007.013,405.691,2835.263,11412.457,305744,3551988,0,0,3857732,559:47:00,00:32,00:00,08:40,17:52,586:51:00
ingenio panuco s. a. p. i. de c. v.,2012-2013,19,482767.16,463308.081,4441.23,55128.7,0.0,55128.7,0.0,0.0,0,15487.792,0.0,0.0,81.473,92.202,94.851,28.714,12.868,14.149,17.12,14.55,85.03,2.54,51.78,19459.079,3517.155,5599.258,460.142,3078.149,12654.704,305744,3813162,0,0,4118906,580:01:00,00:32,00:00,08:40,17:52,607:05:00
ingenio panuco s. a. p. i. de c. v.,2012-2013,20,533171.45,511540.577,4955.18,61341.8,0.0,61341.8,0.0,0.0,0,17584.514,0.0,0.0,81.578,92.131,94.794,28.805,12.879,14.253,17.22,14.66,85.144,2.58,51.85,21630.873,3955.904,6173.474,520.483,3349.053,13998.914,305744,3979364,0,0,4285108,596:29:00,00:32,00:00,08:40,17:52,623:33:00
ingenio panuco s. a. p. i. de c. v.,2012-2013,21,584046.18,560384.342,5280.73,67892.15,0.0,67892.15,0.0,0.0,0,19478.073,0.0,0.0,81.607,92.232,94.822,28.833,12.879,14.356,17.32,14.76,85.231,2.58,51.89,23661.838,4341.294,6839.745,568.341,3671.945,15421.325,305744,4157615,0,0,4463359,615:53:00,00:32,00:00,08:40,17:52,642:57:00
ingenio panuco s. a. p. i. de c. v.,2012-2013,22,637086.85,611093.707,5897.73,74635.35,0.0,74635.35,0.0,0.0,0,21554.323,0.0,0.0,81.684,92.448,94.872,28.875,12.869,14.474,17.4,14.85,85.344,2.57,51.99,25993.143,4728.847,7550.476,619.531,3990.867,16889.721,305744,4215506,0,0,4521250,633:26:00,00:32,00:00,08:40,17:52,660:30:00
ingenio panuco s. a. p. i. de c. v.,2012-2013,23,684321.22,656082.761,6430.23,80824.2,0.0,80824.2,0.0,0.0,0,23198.743,0.0,0.0,81.728,92.579,94.913,28.883,12.877,14.573,17.49,14.94,85.416,2.57,51.98,28238.459,5073.025,8182.175,668.475,4297.986,18221.661,305744,4227494,0,0,4533238,667:59:00,00:32,00:00,08:40,17:52,695:03:00
ingenio panuco s. a. p. i. de c. v.,2012-2013,24,738712.03,708140.908,6943.23,88054.7,0.0,88054.7,0.0,0.0,0,25081.36,0.0,0.0,81.795,92.738,94.965,28.895,12.885,14.685,17.59,15.04,85.5,2.56,51.98,30571.122,5461.773,8906.665,739.332,4641.453,19749.223,305744,4235782,0,0,4541526,684:59:00,00:32,00:00,08:40,17:52,712:03:00
ingenio panuco s. a. p. i. de c. v.,2012-2013,25,788709.94,756048.326,7480.26,94884.0,0.0,94884.0,0.0,0.0,0,26560.456,0.0,0.0,81.848,92.671,94.935,28.996,12.919,14.783,17.7,15.14,85.566,2.58,51.99,32661.614,5905.978,9514.527,783.041,4960.139,21163.685,305744,4242368,0,0,4548112,707:38:00,02:07,00:00,08:40,17:52,736:17:00
ingenio panuco s. a. p. i. de c. v.,2012-2013,26,839003.96,804348.134,7998.76,101444.85,0.0,101444.85,0.0,0.0,0,28121.112,0.0,0.0,81.837,92.542,94.899,29.151,12.977,14.823,17.8,15.2,85.42,2.59,52.01,34655.826,6343.467,10118.67,835.19,5291.963,22589.29,305744,4284510,0,0,4590254,727:57:00,02:21,00:00,08:40,18:22,757:20:00
ingenio panuco s. a. p. i. de c. v.,2012-2013,27,889051.94,852150.82,8559.26,107601.9,0.0,107601.9,0.0,0.0,0,29530.275,0.0,0.0,81.768,92.326,94.822,29.339,13.028,14.86,17.89,15.26,85.335,2.62,52.09,36901.12,6840.531,10725.09,884.365,5637.095,24087.081,305744,4342896,0,0,4648640,752:29:00,02:21,00:00,08:40,18:22,781:52:00
ingenio panuco s. a. p. i. de c. v.,2012-2013,28,944861.5,905603.525,9146.73,114717.0,0.0,114717.0,0.0,0.0,0,31407.227,0.0,0.0,81.767,92.239,94.773,29.52,13.075,14.918,17.96,15.33,85.36,2.64,52.18,39257.975,7367.408,11434.428,926.108,5973.298,25701.242,305744,4360770,0,0,4666514,766:54:00,02:24,00:00,08:40,17:52,795:50:00
ingenio panuco s. a. p. i. de c. v.,2012-2013,29,995746.28,954299.216,9663.86,121258.45,0.0,121258.45,0.0,0.0,0,32970.515,0.0,0.0,81.767,92.332,94.738,29.637,13.108,14.964,17.98,15.35,85.381,2.66,52.22,41447.064,7839.845,12065.417,961.513,6300.596,27167.371,305744,4393547,0,0,4699291,795:37:00,02:24,00:00,08:40,17:52,824:33:00
ingenio panuco s. a. p. i. de c. v.,2012-2013,30,1043602.15,1000077.402,10204.61,127473.2,0.0,127473.2,0.0,0.0,0,34660.773,0.0,0.0,81.716,92.252,94.667,29.758,13.156,14.989,18.02,15.38,85.371,2.69,52.2,43524.748,8342.172,12637.761,1002.999,6617.362,28600.294,305744,4426403,0,0,4732147,833:00:00,02:02,00:00,08:40,17:52,861:60
ingenio panuco s. a. p. i. de c. v.,2012-2013,31,1097281.31,1051328.777,10855.11,134051.55,0.0,134051.55,0.0,0.0,0,36839.465,0.0,0.0,81.699,92.434,94.659,29.871,13.215,15.002,18.0,15.36,85.347,2.68,52.17,45952.533,8792.443,13312.303,1056.555,6964.768,30126.069,305744,4430917,0,0,4736661,851:00:00,02:02,00:00,11:00,17:52,880:36:00
ingenio panuco s. a. p. i. de c. v.,2012-2013,32,1147508.31,1099365.09,11467.63,140361.1,0.0,140361.1,0.0,0.0,0,38991.391,0.0,0.0,81.632,92.399,94.595,30.025,13.263,15.016,18.02,15.37,85.32,2.7,52.2,48143.22,9313.874,13936.739,1101.58,7298.362,31650.555,305744,4649695,0,0,4955439,873:11:00,02:24,00:00,10:10,17:52,903:37:00
ingenio panuco s. a. p. i. de c. v.,2012-2013,33,1194983.86,1144815.249,12046.63,145857.8,0.0,145857.8,0.0,0.0,0,41341.055,0.0,0.0,81.559,92.528,94.576,30.114,13.307,15.002,18.0,15.33,85.176,2.7,52.18,50168.611,9723.289,14540.22,1151.82,7644.815,33060.144,305744,4681633,0,0,4987377,904:37:00,02:24,00:00,10:30,17:52,935:23:00
ingenio panuco s. a. p. i. de c. v.,2012-2013,34,1234343.17,1182338.786,12741.43,150381.9,0.0,150381.9,0.0,0.0,0,43600.873,0.0,0.0,81.417,92.301,94.477,30.283,13.343,15.001,18.04,15.36,85.123,2.74,52.26,52004.384,10225.73,15044.323,1182.834,7955.511,34408.398,305744,4938756,0,0,5244500,936:01:00,02:02,00:00,23:50,30:37:00,992:52:00
ingenio panuco s. a. p. i. de c. v.,2012-2013,35,1284346.03,1230228.052,13410.93,155910.25,0.0,155910.25,0.0,0.0,0,45808.127,0.0,0.0,81.308,92.372,94.444,30.416,13.412,14.974,18.039,15.31,84.868,2.735,52.22,54117.978,10684.925,15689.213,1238.198,8335.938,35948.274,305744,5037639,0,0,5343383,957:54:00,02:24,00:00,23:50,30:37:00,1014:45:00
ingenio panuco s. a. p. i. de c. v.,2012-2013,36,1331991.48,1275752.104,14062.18,161013.8,0.0,161013.8,0.0,0.0,0,47886.463,0.0,0.0,81.172,92.442,94.408,30.543,13.465,14.969,18.05,15.29,84.712,2.74,52.21,56239.376,11150.31,16324.74,1289.977,8775.33,37540.357,305744,5043189,0,0,5348933,982:18:00,02:24,00:00,23:50,30:37:00,1039:09:00
ingenio panuco s. a. p. i. de c. v.,2012-2013,37,1377710.89,1319383.483,14697.18,166377.75,0.0,166377.75,0.0,0.0,0,49859.632,0.0,0.0,80.999,92.371,94.359,30.692,13.523,14.963,18.07,15.29,84.59,2.75,52.22,58327.407,11627.673,16948.831,1327.728,9265.706,39169.938,305744,5063807,0,0,5369551,1012:09:00,02:24,00:00,23:50,30:37:00,1069:00:00
ingenio panuco s. a. p. i. de c. v.,2012-2013,38,1416114.01,1356123.066,15316.68,170878.2,0.0,170878.2,0.0,0.0,0,51339.322,0.0,0.0,80.849,92.355,94.321,30.835,13.581,14.948,18.07,15.27,84.477,2.75,52.22,59990.944,12021.465,17452.036,1366.812,9699.646,40539.959,305744,5229695,0,0,5535439,1032:39:00,02:57,00:00,23:50,63:45:00,1123:11:00
ingenio panuco s. a. p. i. de c. v.,2012-2013,39,1440120.13,1379155.48,15639.33,172178.6,0.0,172178.6,0.0,0.0,0,52394.873,0.0,0.0,80.578,92.28,94.29,30.943,13.614,14.896,18.07,15.22,84.229,2.75,52.26,60964.65,12249.049,17869.831,1446.269,10099.879,41665.028,305744,5710042,0,0,6015786,1066:51:00,04:00,00:00,23:50,116:31:00,1211:12:00
ingenio panuco s. a. p. i. de c. v.,2012-2013,40,1475184.23,1412687.338,16058.33,175424.2,0.0,175424.2,0.0,0.0,0,54186.803,0.0,0.0,80.241,92.287,94.245,31.076,13.659,14.835,18.03,15.15,84.031,2.75,52.29,62496.892,12594.337,18536.163,1522.318,10586.785,43239.603,305744,6241291,0,0,6547035,1121:45:00,04:00,00:00,23:50,116:31:00,1266:06:00
ingenio panuco s. a. p. i. de c. v.,2012-2013,41,1484456.78,1421674.512,16268.35,176290.45,0.0,176290.45,0.0,0.0,0,55062.078,125.354935,130.891,79.87,92.265,94.232,31.116,13.676,14.811,18.02,15.126,83.943,2.746,52.3,62782.268,12682.038,18789.732,1542.199,11244.005,44257.974,305744,6385057,101490,0,6792291,1124:40:00,04:00,00:00,23:50,212:13:00,1364:43:00
ingenio jose maria morelos s. a. de c. v.,2012-2013,10,35420.22,34667.511,350.0,2736.5,0.0,2736.5,0.0,0.0,0,1087.453,0.0,0.0,79.645,95.262,95.477,23.41,11.24,11.14,14.47,11.16,77.11,2.15,49.18,752.709,178.389,542.457,24.183,57.874,802.903,0,0,0,0,0,00:35,00:05,00:00,00:00,00:00,00:40
ingenio jose maria morelos s. a. de c. v.,2012-2013,11,64890.12,63493.878,651.5,5464.6,0.0,5464.6,0.0,0.0,0,2392.198,0.0,0.0,80.164,95.209,95.303,24.418,11.63,10.9,14.34,10.91,76.1,2.1,49.56,1396.242,332.327,914.881,46.798,109.606,1403.612,0,0,0,0,0,03:45,00:05,00:00,00:05,00:00,03:55
ingenio jose maria morelos s. a. de c. v.,2012-2013,12,94243.82,92247.927,952.0,8213.4,0.0,8213.4,0.0,0.0,0,3719.246,0.0,0.0,80.849,95.408,95.257,25.032,11.85,10.9,14.34,10.89,75.9,2.07,49.85,1995.893,487.463,1269.963,66.174,144.524,1968.124,0,0,0,0,0,13:55,00:15,00:00,01:30,00:00,15:40
ingenio jose maria morelos s. a. de c. v.,2012-2013,13,121707.51,119168.668,1260.0,10679.55,0.0,10679.55,0.0,0.0,0,4953.581,0.0,0.0,81.168,96.165,95.243,25.559,12.06,10.9,14.22,10.8,75.93,2.03,50.05,2538.842,631.152,1600.951,88.228,178.283,2498.614,0,0,0,0,0,26:50:00,01:40,00:00,01:50,00:00,30:20:00
ingenio jose maria morelos s. a. de c. v.,2012-2013,14,130206.99,127546.547,1349.0,11655.25,0.0,11655.25,0.0,0.0,0,5328.349,0.0,0.0,81.359,95.889,95.153,25.641,12.07,10.9,14.26,10.82,75.87,2.06,50.12,2660.443,687.832,1678.941,94.24,184.491,2645.504,0,0,0,0,0,51:35:00,03:10,00:00,04:15,94:20:00,153:20:00
ingenio jose maria morelos s. a. de c. v.,2012-2013,15,152076.1,149005.613,1614.0,13594.65,0.0,13594.65,0.0,0.0,0,6266.414,0.0,0.0,81.683,95.846,95.084,26.051,12.24,10.94,14.27,10.85,76.04,2.06,50.2,3070.487,817.83,1908.368,112.011,209.06,3047.269,0,0,0,0,0,60:40:00,03:50,00:00,07:35,127:20:00,199:25:00
ingenio jose maria morelos s. a. de c. v.,2012-2013,16,180762.61,177119.209,1955.6,16424.75,0.0,16424.75,0.0,0.0,0,7424.559,0.0,0.0,82.171,96.06,95.055,26.549,12.45,11.011,14.24,10.9,76.496,2.05,50.28,3643.401,984.279,2191.2,143.06,230.127,3548.666,0,0,0,0,0,64:25:00,04:40,00:00,09:20,127:20:00,205:45:00
ingenio jose maria morelos s. a. de c. v.,2012-2013,17,208285.93,204085.511,2278.6,19240.6,0.0,19240.6,0.0,0.0,0,8552.172,0.0,0.0,82.506,96.226,95.002,27.04,12.661,11.137,14.29,11.0,76.971,2.06,50.33,4200.419,1159.344,2476.705,168.995,253.143,4058.187,0,0,0,0,0,74:25:00,05:40,00:00,13:10,127:20:00,220:35:00
ingenio jose maria morelos s. a. de c. v.,2012-2013,18,230204.56,225586.422,2545.6,21348.55,0.0,21348.55,0.0,0.0,0,9411.476,0.0,0.0,82.757,96.045,94.999,27.285,12.776,11.216,14.36,11.09,77.264,2.06,50.32,4618.138,1291.091,2697.083,190.383,273.501,4452.058,0,0,0,0,0,123:15:00,06:25,00:00,14:25,127:20:00,271:25:00
ingenio jose maria morelos s. a. de c. v.,2012-2013,19,261288.29,256045.097,2912.85,24660.15,0.0,24660.15,0.0,0.0,0,10657.612,0.0,0.0,83.133,95.941,95.042,27.407,12.841,11.351,14.47,11.24,77.699,2.05,50.29,5243.193,1470.553,3010.205,220.756,300.85,5002.364,0,0,0,0,0,128:30:00,08:35,00:00,14:50,127:20:00,279:15:00
ingenio jose maria morelos s. a. de c. v.,2012-2013,20,291249.8,285404.021,3262.45,27859.0,0.0,27859.0,0.0,0.0,0,11878.818,0.0,0.0,83.412,95.937,95.07,27.477,12.866,11.474,14.58,11.37,78.011,2.06,50.3,5845.779,1647.609,3313.163,255.756,327.17,5543.698,0,0,0,0,0,133:25:00,12:35,00:00,17:10,127:20:00,290:30:00
ingenio jose maria morelos s. a. de c. v.,2012-2013,21,321210.8,314773.252,3593.45,31184.35,0.0,31184.35,0.0,0.0,0,12983.525,0.0,0.0,83.836,96.011,95.069,27.628,12.931,11.69,14.69,11.58,78.789,2.09,50.27,6437.548,1851.476,3585.08,286.16,346.995,6069.711,0,0,0,0,0,138:25:00,0.583333333,00:00,18:25,127:20:00,298:10:00
ingenio jose maria morelos s. a. de c. v.,2012-2013,22,348960.31,341967.0,3932.45,34152.65,0.0,34152.65,0.0,0.0,0,14004.062,0.0,0.0,84.021,95.804,95.063,27.743,12.979,11.82,14.82,11.73,79.123,2.1,50.27,6993.31,2036.289,3874.839,311.89,367.567,6590.585,0,0,0,0,0,162:25:00,14:20,00:00,20:30,127:20:00,324:35:00
ingenio jose maria morelos s. a. de c. v.,2012-2013,23,376591.29,369051.308,4289.2,37289.05,0.0,37289.05,0.0,0.0,0,15117.027,0.0,0.0,84.122,95.595,95.016,27.84,13.015,11.969,14.99,11.9,79.352,2.14,50.24,7539.982,2246.278,4180.013,340.782,389.702,7156.775,0,0,0,0,0,183:50:00,14:55,00:00,20:55,127:20:00,346:60
ingenio jose maria morelos s. a. de c. v.,2012-2013,24,406769.54,398636.228,4694.45,40829.55,0.0,40829.55,0.0,0.0,0,16367.114,0.0,0.0,84.146,95.627,95.019,27.907,13.038,12.111,15.13,12.03,79.528,2.16,50.25,8133.312,2453.587,4563.657,373.758,418.985,7809.987,0,0,0,0,0,191:05:00,15:10,00:00,21:25,127:20:00,355:00:00
ingenio jose maria morelos s. a. de c. v.,2012-2013,25,436707.83,427981.226,5004.45,44293.8,0.0,44293.8,0.0,0.0,0,17621.18,0.0,0.0,84.157,95.745,95.012,28.052,13.094,12.23,15.23,12.14,79.692,2.17,50.27,8726.604,2663.886,4926.615,421.835,448.822,8461.158,0,0,0,0,0,194:15:00,16:15,00:00,22:55,127:20:00,360:45:00
ingenio jose maria morelos s. a. de c. v.,2012-2013,26,464574.22,455268.09,5313.45,47350.15,0.0,47350.15,0.0,0.0,0,18805.993,0.0,0.0,84.086,95.631,94.971,28.247,13.181,12.319,15.33,12.23,79.807,2.19,50.26,9306.13,2877.802,5269.686,479.864,480.258,9107.61,0,0,0,0,0,207:25:00,16:45,00:00,30:40:00,127:20:00,382:10:00
ingenio jose maria morelos s. a. de c. v.,2012-2013,27,492976.32,483097.604,5593.0,50510.45,0.0,50510.45,0.0,0.0,0,20053.948,0.0,0.0,83.99,95.466,94.909,28.451,13.265,12.397,15.43,12.32,79.873,2.22,50.27,9878.716,3111.662,5631.274,516.815,524.972,9784.723,0,0,0,0,0,217:05:00,18:40,00:00,32:15:00,127:20:00,395:15:00
ingenio jose maria morelos s. a. de c. v.,2012-2013,28,522336.75,511865.18,5888.0,53723.9,0.0,53723.9,0.0,0.0,0,21383.558,0.0,0.0,83.903,95.409,94.857,28.595,13.316,12.471,15.51,12.4,79.928,2.24,50.29,10471.57,3350.124,6014.554,555.847,564.568,10485.093,0,0,0,0,0,223:40:00,23:40,00:00,32:45:00,127:20:00,407:25:00
ingenio jose maria morelos s. a. de c. v.,2012-2013,29,551582.64,540520.599,6183.25,57230.0,0.0,57230.0,0.0,0.0,0,22655.097,0.0,0.0,83.895,95.454,94.838,28.688,13.353,12.566,15.6,12.48,80.026,2.26,50.29,11062.041,3577.626,6400.063,591.701,592.975,11162.365,0,0,0,0,0,229:25:00,25:50:00,00:00,34:00:00,127:20:00,416:35:00
ingenio jose maria morelos s. a. de c. v.,2012-2013,30,577740.0,566152.474,6485.75,60228.15,0.0,60228.15,0.0,0.0,0,23796.54,0.0,0.0,83.754,95.448,94.804,28.831,13.415,12.643,15.68,12.56,80.102,2.28,50.29,11587.526,3795.104,6802.382,635.86,633.673,11867.019,0,0,0,0,0,253:05:00,25:50:00,00:00,35:25:00,127:20:00,441:35:00
ingenio jose maria morelos s. a. de c. v.,2012-2013,31,606278.95,594121.793,6843.0,63586.95,0.0,63586.95,0.0,0.0,0,25040.319,0.0,0.0,83.582,95.508,94.78,28.931,13.453,12.744,15.76,12.65,80.227,2.3,50.29,12157.157,4032.842,7165.94,674.561,811.157,12684.5,0,0,0,0,0,264:50:00,26:40:00,00:00,36:30:00,127:20:00,455:20:00
ingenio jose maria morelos s. a. de c. v.,2012-2013,32,633131.34,620429.612,7206.0,66723.25,0.0,66723.25,0.0,0.0,0,26236.166,0.0,0.0,83.024,95.496,94.699,29.054,13.498,12.819,15.84,12.71,80.262,2.34,50.28,12701.728,4302.576,7538.989,725.908,1209.881,13777.354,0,0,0,0,0,281:25:00,28:50:00,00:00,42:15:00,127:20:00,479:50:00
ingenio jose maria morelos s. a. de c. v.,2012-2013,33,658586.92,645371.464,7548.25,69706.8,0.0,69706.8,0.0,0.0,0,27361.561,0.0,0.0,82.502,95.488,94.637,29.205,13.543,12.886,15.9,12.77,80.312,2.37,50.34,13215.456,4551.528,7734.715,769.41,1794.44,14850.093,0,0,0,0,0,305:20:00,30:15:00,00:00,45:15:00,127:20:00,508:10:00
ingenio jose maria morelos s. a. de c. v.,2012-2013,34,680733.23,667084.295,7862.9,72071.15,0.0,72071.15,0.0,0.0,0,28304.822,0.0,0.0,82.432,95.417,94.572,29.372,13.588,12.947,15.97,12.83,80.364,2.39,50.43,13648.935,4783.706,8045.86,807.201,1846.587,15483.354,0,0,0,0,0,346:40:00,31:60,00:00,45:45:00,127:20:00,551:45:00
ingenio jose maria morelos s. a. de c. v.,2012-2013,35,707323.26,693138.663,8292.9,75201.25,0.0,75201.25,0.0,0.0,0,29514.284,0.0,0.0,82.334,95.354,94.5,29.553,13.632,13.019,16.05,12.9,80.383,2.42,50.53,14184.597,5064.772,8393.279,850.248,1959.122,16267.421,0,0,0,0,0,355:45:00,33:35:00,00:00,54:50:00,127:20:00,571:30:00
ingenio jose maria morelos s. a. de c. v.,2012-2013,36,734188.02,719515.414,8641.25,78382.0,0.0,78382.0,0.0,0.0,0,30839.997,0.0,0.0,82.26,95.227,94.416,29.761,13.675,13.071,16.12,12.96,80.412,2.45,50.68,14672.606,5358.113,8753.228,892.717,2019.369,17023.427,0,0,0,0,0,364:20:00,34:55:00,00:00,59:40:00,127:20:00,586:15:00
ingenio jose maria morelos s. a. de c. v.,2012-2013,37,756679.35,741607.432,8981.25,80716.2,0.0,80716.2,0.0,0.0,0,31953.573,0.0,0.0,82.124,95.107,94.326,29.94,13.716,13.101,16.17,12.99,80.359,2.48,50.78,15071.918,5624.861,9093.268,931.449,2071.948,17721.526,0,0,0,0,0,384:25:00,39:00:00,00:00,70:55:00,127:20:00,621:40:00
ingenio jose maria morelos s. a. de c. v.,2012-2013,38,778010.63,762938.712,9272.4,82779.0,0.0,82779.0,0.0,0.0,0,32986.56,0.0,0.0,0.0,0.0,0.0,0.0,13.765,13.101,0.0,0.0,80.267,0.0,0.0,0.0,0.0,0.0,0.0,0.0,0.0,0,0,0,0,0,406:45:00,40:05:00,00:00,80:05:00,127:50:00,654:45:00
ingenio jose maria morelos s. a. de c. v.,2012-2013,39,785936.33,770315.633,9411.15,83614.85,0.0,83614.85,0.0,0.0,0,34639.342,108.016598,110.207,80.91,94.813,94.147,30.23,13.775,13.088,16.208,12.996,80.182,2.534,50.95,15620.697,6020.256,9813.35,1031.281,2770.889,19635.776,0,0,0,0,0,407:20:00,42:15:00,00:00,107:00:00,130:35:00,687:10:00
